accession,gene_name,protein_name,organism,sequence_length
WP_457782430,gvpJ,Unknown,Streptomyces humi,130
WP_457693978,gvpJ,Unknown,Streptomyces nigrescens,157
WP_457533952,gvpJ,Unknown,Streptomyces sp. MN13,128
WP_457530613,gvpJ,Unknown,Streptomyces sp. MN13,207
WP_457502447,gvpJ,Unknown,unclassified Thermostichus,428
WP_457491578,gvpJ,Unknown,Thermostichus sp. MS-CIW-23,424
WP_457489541,gvpJ,Unknown,Thermostichus sp. MS-CIW-41,424
WP_457479662,gvpJ,Unknown,Streptomyces sp. WG-D5,132
WP_457473815,gvpJ,Unknown,Thermostichus sp. MS-CIW-40,424
WP_457466005,gvpJ,Unknown,unclassified Thermostichus,424
WP_457444704,gvpJ,Unknown,Thermostichus sp. MS-CIW-26,432
WP_457406133,gvpJ,Unknown,unclassified Thermostichus,424
WP_457403175,gvpJ,Unknown,unclassified Thermostichus,424
WP_457395836,gvpJ,Unknown,Thermostichus sp. OS-CIW-29,424
WP_457394626,gvpJ,Unknown,unclassified Thermostichus,424
WP_457387133,gvpJ,Unknown,unclassified Thermostichus,436
WP_457384345,gvpJ,Unknown,unclassified Thermostichus,424
WP_456942560,gvpJ,Unknown,unclassified Geodermatophilus,70
WP_456929693,gvpJ,Unknown,unclassified Geodermatophilus,70
WP_456927505,gvpJ,Unknown,unclassified Geodermatophilus,122
WP_456545292,gvpJ,Unknown,unclassified Blastococcus,66
WP_456544658,gvpJ,Unknown,unclassified Blastococcus,122
WP_456541758,gvpJ,Unknown,Geodermatophilaceae,65
WP_456540131,gvpJ,Unknown,Geodermatophilaceae,103
WP_387991074,gvpJ,Unknown,Geodermatophilus,70
WP_387988280,gvpJ,Unknown,Geodermatophilus,122
WP_051379207,gvpJ,Unknown,Bradyrhizobium sp. USDA 10063,88
WP_457203799,gvpJ,Unknown,Nocardioides sp. HB32,165
WP_457202748,gvpJ,Unknown,Nocardioides sp. HB32,143
WP_457199886,gvpJ,Unknown,Nocardia gipuzkoensis,137
WP_457186284,gvpJ,Unknown,Nocardia sp. R16R-3T,137
WP_457149192,gvpJ,Unknown,Mycobacterium sp. URHB0021,147
WP_457112885,gvpJ,Unknown,Marmoricola sp. URHA0025 HA25,155
WP_457112879,gvpJ,Unknown,Marmoricola sp. URHA0025 HA25,66
WP_457052114,gvpJ,Unknown,Geodermatophilus sp. SYSU D01036,122
WP_457047974,gvpJ,Unknown,Geodermatophilus sp. SYSU D01045,122
WP_457044079,gvpJ,Unknown,Geodermatophilus sp. SYSU D01180,122
WP_456974701,gvpJ,Unknown,Geodermatophilus sp. SYSU D00815,103
WP_456956369,gvpJ,Unknown,Geodermatophilus sp. SYSU D00867,70
WP_456951659,gvpJ,Unknown,Geodermatophilus sp. SYSU D00698,122
WP_456950041,gvpJ,Unknown,Geodermatophilus sp. SYSU D00698,70
WP_456942456,gvpJ,Unknown,Geodermatophilus sp. SYSU D00525,122
WP_456936626,gvpJ,Unknown,Geodermatophilus sp. SYSU D00684,122
WP_456906142,gvpJ,Unknown,Geodermatophilus sp. SYSU D00703,75
WP_456905587,gvpJ,Unknown,Geodermatophilus sp. SYSU D00703,118
WP_275239519,gvpJ,Unknown,Luteipulveratus flavus,140
WP_456550888,gvpJ,Unknown,Blastococcus sp. SYSU D00813,120
WP_456548218,gvpJ,Unknown,Blastococcus sp. SYSU D00813,66
WP_394428551,gvpJ,Unknown,Streptomyces sp. SGAir0957,117
WP_153539943,gvpJ,Unknown,Actinomadura macrotermitis,144
WP_207018177,gvpJ,Unknown,Roseococcus,100
WP_164693481,gvpJ,Unknown,Falsiroseomonas,96
WP_206935545,gvpJ,Unknown,Roseococcus thiosulfatophilus,100
WP_203149271,gvpJ,Unknown,Micromonospora tarensis,116
WP_200306479,gvpJ,Unknown,Paracraurococcus ruber,98
WP_192784592,gvpJ,Unknown,Nonomuraea angiospora,136
WP_161480805,gvpJ,Unknown,Herbidospora solisilvae,141
WP_092960908,gvpJ,Unknown,Falsiroseomonas stagni,96
WP_456299802,gvpJ,Unknown,Nocardiopsis endophytica,183
WP_270153637,gvpJ,Unknown,Nonomuraea corallina,162
WP_089018725,gvpJ,Unknown,Micromonospora coriariae,127
WP_089018722,gvpJ,Unknown,Micromonospora coriariae,139
WP_089012235,gvpJ,Unknown,Micromonospora inositola,145
WP_088996298,gvpJ,Unknown,Micromonospora echinaurantiaca,140
WP_088976342,gvpJ,Unknown,Micromonospora coxensis,141
WP_088976339,gvpJ,Unknown,Micromonospora coxensis,122
WP_258905723,gvpJ,Unknown,Streptomyces thermocarboxydus,122
WP_120680288,gvpJ,Unknown,Micromonospora musae,144
WP_331214270,gvpJ,Unknown,Plantactinospora sonchi,124
WP_331211586,gvpJ,Unknown,Plantactinospora veratri,130
WP_231921173,gvpJ,Unknown,Micromonospora auratinigra,114
WP_201749033,gvpJ,Unknown,Micromonospora acroterricola,115
WP_168035250,gvpJ,Unknown,Falsiroseomonas selenitidurans,96
WP_162322109,gvpJ,Unknown,Nesterenkonia haasae,135
WP_146218366,gvpJ,Unknown,Micromonospora acroterricola,127
WP_117359600,gvpJ,Unknown,Actinomadura logoneensis,150
WP_091666737,gvpJ,Unknown,Micromonospora auratinigra,139
WP_089005026,gvpJ,Unknown,Micromonospora viridifaciens,125
WP_089005022,gvpJ,Unknown,Micromonospora viridifaciens,155
WP_088960025,gvpJ,Unknown,Micromonospora purpureochromogenes,162
WP_081998280,gvpJ,Unknown,Sinomonas humi,133
WP_043122602,gvpJ,Unknown,Sinomonas humi,134
WP_456212025,gvpJ,Unknown,Streptomyces sp. LZ34,174
WP_456209341,gvpJ,Unknown,Streptomyces sp. LZ34,152
WP_456197448,gvpJ,Unknown,Streptomyces sp. QTS137,152
WP_456182406,gvpJ,Unknown,Micromonospora sp. I033,140
WP_199315273,gvpJ,Unknown,Planktothrix sp. FACHB-1355,141
WP_190464721,gvpJ,Unknown,Aerosakkonema funiforme,147
WP_327109040,gvpJ,Unknown,Nonomuraea glycinis,131
WP_203174716,gvpJ,Unknown,Micromonospora parastrephiae,123
WP_120680294,gvpJ,Unknown,Micromonospora musae,125
WP_119726599,gvpJ,Unknown,Thermomonospora amylolytica,150
WP_111869158,gvpJ,Unknown,Actinomadura craniellae,140
WP_103960685,gvpJ,Unknown,Nonomuraea solani,146
WP_103939772,gvpJ,Unknown,Thermomonospora echinospora,140
WP_455881174,gvpJ,Unknown,Yinghuangia sp. USM6,162
WP_455749475,gvpJ,Unknown,Micromonospora echinofusca,147
WP_455566813,gvpJ,Unknown,Pimelobacter simplex,139
WP_455566424,gvpJ,Unknown,Nonomuraea angiospora,136
WP_455565651,gvpJ,Unknown,Micromonospora echinaurantiaca,140
WP_455565566,gvpJ,Unknown,Micromonospora purpureochromogenes,122
WP_455565565,gvpJ,Unknown,Micromonospora purpureochromogenes,144
WP_455449781,gvpJ,Unknown,Natrinema thermotolerans,199
WP_455769074,gvpJ,Unknown,Micromonospora chersina,144
WP_455768984,gvpJ,Unknown,Micromonospora chersina,140
WP_455749609,gvpJ,Unknown,Micromonospora chersina,140
WP_455749453,gvpJ,Unknown,Micromonospora chersina,142
WP_101412976,gvpJ,Unknown,Micromonospora echinofusca,147
WP_455709617,gvpJ,Unknown,Micromonospora sediminicola,132
WP_455709555,gvpJ,Unknown,Micromonospora chersina,142
WP_455644330,gvpJ,Unknown,Micromonospora chersina,142
WP_125639660,gvpJ,Unknown,Nonomuraea spiralis,139
WP_455565752,gvpJ,Unknown,Micromonospora maritima,137
WP_455565716,gvpJ,Unknown,Micromonospora chersina,140
WP_120284271,gvpJ,Unknown,Rhodococcus sp. 5G237,124
WP_455432454,gvpJ,Unknown,Thermocatellispora tengchongensis,96
WP_455430209,gvpJ,Unknown,Nonomuraea jabiensis,136
WP_455429998,gvpJ,Unknown,Micromonospora maritima,137
WP_455429997,gvpJ,Unknown,Micromonospora maritima,122
WP_455414842,gvpJ,Unknown,Plantactinospora sp. DSM 117369,125
WP_455399834,gvpJ,Unknown,Rhodococcus sp. 2H158,141
WP_455399633,gvpJ,Unknown,Rhodococcus sp. 2H158,137
WP_455351641,gvpJ,Unknown,unclassified Streptomyces,112
WP_398059815,gvpJ,Unknown,Streptomyces pristinaespiralis,162
WP_100109855,gvpJ,Unknown,Streptomyces xantholiticus,156
WP_455362364,gvpJ,Unknown,Streptomyces sp. SYSU K21746,150
WP_142129711,gvpJ,Unknown,Rossellomorea marisflavi,86
WP_454650960,gvpJ,Unknown,Bradyrhizobium liaoningense,206
WP_454638628,gvpJ,Unknown,Staphylococcus equorum,112
WP_454421887,gvpJ,Unknown,Streptomyces lydicus,143
WP_454406421,gvpJ,Unknown,Streptomyces sp. NPDC055400,152
WP_454386755,gvpJ,Unknown,Streptomyces sp. JNUCC 63,134
WP_454361703,gvpJ,Unknown,unclassified Streptomyces,34
WP_454326983,gvpJ,Unknown,Streptomyces glaucescens,203
WP_454296925,gvpJ,Unknown,Rhodococcus ruber,137
WP_454195647,gvpJ,Unknown,Nocardia sp. Marseille-Q1738,134
WP_454189043,gvpJ,Unknown,Nonomuraea wenchangensis,144
WP_454109708,gvpJ,Unknown,Leifsonia shinshuensis,142
WP_454109705,gvpJ,Unknown,Leifsonia shinshuensis,160
WP_265004924,gvpJ,Unknown,Micromonospora yasonensis,122
WP_265004920,gvpJ,Unknown,Micromonospora yasonensis,140
WP_252816712,gvpJ,Unknown,Actinoallomurus soli,141
WP_252783632,gvpJ,Unknown,Actinoallomurus rhizosphaericola,141
WP_453940440,gvpJ,Unknown,Streptomyces sp. NPDC054808,161
WP_453924403,gvpJ,Unknown,Streptomyces xantholiticus,156
WP_453911580,gvpJ,Unknown,Streptomyces xanthophaeus,122
WP_453906323,gvpJ,Unknown,Streptomyces tubercidicus,143
WP_453878869,gvpJ,Unknown,Streptomyces violaceusniger,162
WP_453853208,gvpJ,Unknown,Streptomyces xiamenensis,143
WP_453823545,gvpJ,Unknown,Streptomyces sp. NPDC055013,164
WP_453796702,gvpJ,Unknown,Streptomyces sp. NPDC055055,158
WP_453796699,gvpJ,Unknown,Streptomyces sp. NPDC055055,131
WP_453789366,gvpJ,Unknown,Streptomyces sp. NPDC055254,121
WP_453777349,gvpJ,Unknown,Streptomyces sp. NPDC055134,155
WP_453763101,gvpJ,Unknown,Streptomyces sp. NPDC055058,182
WP_453715400,gvpJ,Unknown,Streptomyces sp. NPDC055107,163
WP_453699777,gvpJ,Unknown,Streptomyces sp. NPDC054866,170
WP_453684823,gvpJ,Unknown,unclassified Streptomyces,167
WP_453641786,gvpJ,Unknown,Streptomyces sp. NPDC054864,168
WP_453611576,gvpJ,Unknown,Streptomyces sp. NPDC055056,160
WP_453598383,gvpJ,Unknown,Streptomyces sp. NPDC055722,136
WP_453595358,gvpJ,Unknown,Streptomyces sp. NPDC055722,119
WP_453579169,gvpJ,Unknown,Streptomyces sp. NPDC055886,153
WP_453459638,gvpJ,Unknown,Streptomyces sp. NPDC054847,169
WP_453454314,gvpJ,Unknown,Streptomyces sp. NPDC054847,159
WP_453444886,gvpJ,Unknown,unclassified Streptomyces,168
WP_453398331,gvpJ,Unknown,Streptomyces sp. NPDC054871,171
WP_453341193,gvpJ,Unknown,Streptomyces sp. NPDC054874,163
WP_453305710,gvpJ,Unknown,Streptomyces sp. NPDC054784,130
WP_453277521,gvpJ,Unknown,Streptomyces sp. NPDC054794,130
WP_453266279,gvpJ,Unknown,Streptomyces sp. NPDC054786,157
WP_453259523,gvpJ,Unknown,Streptomyces sp. NPDC054765,157
WP_453255481,gvpJ,Unknown,Streptomyces sp. NPDC004682,143
WP_453246496,gvpJ,Unknown,Streptomyces sp. NPDC004646,140
WP_453244959,gvpJ,Unknown,Streptomyces sp. NPDC004685,156
WP_453186425,gvpJ,Unknown,Streptomyces prasinus,121
WP_453183248,gvpJ,Unknown,unclassified Streptomyces,135
WP_453182196,gvpJ,Unknown,unclassified Streptomyces,150
WP_453181954,gvpJ,Unknown,Streptomyces prasinus,309
WP_453163071,gvpJ,Unknown,Streptomyces niveus,158
WP_453159555,gvpJ,Unknown,Streptomyces niveus,153
WP_453145250,gvpJ,Unknown,Streptomyces sp. NPDC003943,152
WP_453139032,gvpJ,Unknown,Streptomyces mirabilis,158
WP_453118572,gvpJ,Unknown,Streptomyces niveus,153
WP_453116731,gvpJ,Unknown,Streptomyces parvus,154
WP_453088823,gvpJ,Unknown,Streptomyces rubiginosohelvolus,152
WP_453069082,gvpJ,Unknown,Streptomyces sp. NPDC004376,150
WP_453060187,gvpJ,Unknown,Streptomyces sp. NPDC004227,128
WP_453007761,gvpJ,Unknown,Streptomyces sp. NPDC004014,130
WP_452998224,gvpJ,Unknown,unclassified Streptomyces,151
WP_452989857,gvpJ,Unknown,Streptomyces sp. NPDC004457,128
WP_452984059,gvpJ,Unknown,Streptomyces sp. NPDC004561,92
WP_452981924,gvpJ,Unknown,Streptomyces sp. NPDC004561,59
WP_452966112,gvpJ,Unknown,Streptomyces sp. NPDC004561,176
WP_452960786,gvpJ,Unknown,Streptomyces sp. NPDC004050,161
WP_452942462,gvpJ,Unknown,Streptomyces sp. NPDC004069,143
WP_452881283,gvpJ,Unknown,Streptomyces asiaticus,124
WP_452876050,gvpJ,Unknown,Streptomyces asiaticus,165
WP_452875563,gvpJ,Unknown,Streptomyces asiaticus,147
WP_452866777,gvpJ,Unknown,Streptomyces chartreusis,151
WP_452847728,gvpJ,Unknown,Streptomyces asiaticus,147
WP_452828503,gvpJ,Unknown,Streptomyces chartreusis,148
WP_452750266,gvpJ,Unknown,Streptomyces globisporus,158
WP_452715825,gvpJ,Unknown,Streptomyces chartreusis,148
WP_452614302,gvpJ,Unknown,unclassified Saccharopolyspora,139
WP_452589565,gvpJ,Unknown,Rhodococcus koreensis,127
WP_452587158,gvpJ,Unknown,Rhodococcus aetherivorans,138
WP_452584917,gvpJ,Unknown,Rhodococcus pyridinivorans,136
WP_452584916,gvpJ,Unknown,Rhodococcus pyridinivorans,132
WP_452582883,gvpJ,Unknown,Rhodococcus koreensis,122
WP_452582173,gvpJ,Unknown,Rhodococcus koreensis,122
WP_452577443,gvpJ,Unknown,Sphaerisporangium sp. NPDC004334,135
WP_452556885,gvpJ,Unknown,Nocardia sp. NPDC003963,133
WP_452549922,gvpJ,Unknown,Nonomuraea sp. NPDC003754,153
WP_452525406,gvpJ,Unknown,Nocardia fluminea,137
WP_452525402,gvpJ,Unknown,Nocardia fluminea,129
WP_452515591,gvpJ,Unknown,Nocardia sp. NPDC055029,137
WP_452501633,gvpJ,Unknown,Nonomuraea angiospora,136
WP_452497560,gvpJ,Unknown,Nocardia sp. NPDC055053,135
WP_452497552,gvpJ,Unknown,Nocardia sp. NPDC055053,128
WP_452475809,gvpJ,Unknown,Nocardia rhamnosiphila,130
WP_452442475,gvpJ,Unknown,Nonomuraea sp. NPDC004186,135
WP_452425652,gvpJ,Unknown,Nonomuraea sp. NPDC004702,139
WP_452421506,gvpJ,Unknown,Nocardia sp. NPDC004260,136
WP_452413006,gvpJ,Unknown,Nonomuraea sp. NPDC004354,153
WP_451373486,gvpJ,Unknown,unclassified Streptomyces,165
WP_450843138,gvpJ,Unknown,unclassified Streptomyces,128
WP_450686390,gvpJ,Unknown,unclassified Streptomyces,150
WP_450676584,gvpJ,Unknown,unclassified Streptomyces,181
WP_450060224,gvpJ,Unknown,Nocardia farcinica,129
WP_450021641,gvpJ,Unknown,unclassified Nocardia,128
WP_450021633,gvpJ,Unknown,unclassified Nocardia,136
WP_449915515,gvpJ,Unknown,unclassified Nonomuraea,138
WP_449703605,gvpJ,Unknown,Actinomadura luteofluorescens,127
WP_449686936,gvpJ,Unknown,unclassified Amycolatopsis,108
WP_449686934,gvpJ,Unknown,unclassified Amycolatopsis,66
WP_412807314,gvpJ,Unknown,Nocardia,128
WP_390878553,gvpJ,Unknown,unclassified Streptomyces,132
WP_390744746,gvpJ,Unknown,unclassified Streptomyces,149
WP_389543343,gvpJ,Unknown,unclassified Streptomyces,135
WP_389543087,gvpJ,Unknown,unclassified Streptomyces,126
WP_389451629,gvpJ,Unknown,unclassified Streptomyces,138
WP_389094654,gvpJ,Unknown,unclassified Streptomyces,157
WP_389053559,gvpJ,Unknown,unclassified Streptomyces,157
WP_385850771,gvpJ,Unknown,unclassified Streptomyces,159
WP_380243736,gvpJ,Unknown,unclassified Isoptericola,141
WP_351724914,gvpJ,Unknown,unclassified Streptomyces,156
WP_351633826,gvpJ,Unknown,unclassified Streptomyces,111
WP_351543106,gvpJ,Unknown,unclassified Streptomyces,167
WP_351365063,gvpJ,Unknown,unclassified Streptomyces,99
WP_351362511,gvpJ,Unknown,unclassified Streptomyces,157
WP_350952804,gvpJ,Unknown,unclassified Streptosporangium,144
WP_276142590,gvpJ,Unknown,Rhodococcus,122
WP_276138663,gvpJ,Unknown,Rhodococcus,136
WP_161188390,gvpJ,Unknown,Streptomyces,80
WP_452376779,gvpJ,Unknown,Nocardia takedensis,126
WP_452376775,gvpJ,Unknown,Nocardia takedensis,127
WP_452320582,gvpJ,Unknown,Micromonospora chersina,138
WP_452310600,gvpJ,Unknown,Micromonospora sp. NPDC003776,140
WP_452309222,gvpJ,Unknown,Micromonospora sp. NPDC003776,139
WP_452279880,gvpJ,Unknown,Micromonospora sp. NPDC004336,122
WP_452279876,gvpJ,Unknown,Micromonospora sp. NPDC004336,153
WP_452272863,gvpJ,Unknown,Micromonospora taraxaci,117
WP_452259346,gvpJ,Unknown,Lentzea sp. NPDC054927,52
WP_452259344,gvpJ,Unknown,Lentzea sp. NPDC054927,119
WP_452198276,gvpJ,Unknown,Kribbella sp. NPDC054772,153
WP_452162937,gvpJ,Unknown,Kitasatospora sp. NPDC004272,133
WP_452155621,gvpJ,Unknown,Kitasatospora sp. NPDC004240,146
WP_452155619,gvpJ,Unknown,Kitasatospora sp. NPDC004240,138
WP_452151129,gvpJ,Unknown,Kitasatospora sp. NPDC004240,147
WP_452141501,gvpJ,Unknown,Kribbella sp. NPDC004138,158
WP_452065017,gvpJ,Unknown,Amycolatopsis sp. NPDC003865,105
WP_452015564,gvpJ,Unknown,Amycolatopsis sp. NPDC004368,133
WP_451969092,gvpJ,Unknown,Amycolatopsis sp. NPDC004378,49
WP_451969088,gvpJ,Unknown,Amycolatopsis sp. NPDC004378,105
WP_451962649,gvpJ,Unknown,Streptosporangium sandarakinum,138
WP_451958271,gvpJ,Unknown,Streptosporangium sp. NPDC002607,141
WP_451941569,gvpJ,Unknown,Streptomyces zhihengii,164
WP_305915751,gvpJ,Unknown,Nonomuraea turcica,142
WP_161560235,gvpJ,Unknown,Streptomyces antimycoticus,164
WP_091594498,gvpJ,Unknown,Micromonospora krabiensis,143
WP_091125818,gvpJ,Unknown,Micromonospora eburnea,148
WP_451908456,gvpJ,Unknown,Actinopolymorpha pittospori,245
WP_451908455,gvpJ,Unknown,Actinopolymorpha pittospori,142
WP_451908436,gvpJ,Unknown,Actinopolymorpha pittospori,63
WP_451906207,gvpJ,Unknown,Actinopolymorpha pittospori,71
WP_451857518,gvpJ,Unknown,Streptomyces sp. NPDC005047,69
WP_451846142,gvpJ,Unknown,Streptomyces sp. NPDC005146,151
WP_451810059,gvpJ,Unknown,Streptomyces sp. NPDC005141,155
WP_451792613,gvpJ,Unknown,Streptomyces sp. NPDC003236,181
WP_451751163,gvpJ,Unknown,Streptomyces xiamenensis,143
WP_451721556,gvpJ,Unknown,Streptomyces sp. NPDC003635,162
WP_451689933,gvpJ,Unknown,Streptomyces sp. NPDC003719,121
WP_451688891,gvpJ,Unknown,Streptomyces sp. NPDC003719,309
WP_451660431,gvpJ,Unknown,Streptomyces sp. NPDC003480,181
WP_451656898,gvpJ,Unknown,Streptomyces tubercidicus,143
WP_451646774,gvpJ,Unknown,Streptomyces sp. NPDC003697,191
WP_451641898,gvpJ,Unknown,Streptomyces sp. NPDC003442,174
WP_451629664,gvpJ,Unknown,Streptomyces sp. NPDC003393,175
WP_451617725,gvpJ,Unknown,Streptomyces sp. NPDC003388,135
WP_451616440,gvpJ,Unknown,Streptomyces sp. NPDC003388,140
WP_451607895,gvpJ,Unknown,Streptomyces sp. NPDC004788,153
WP_451602846,gvpJ,Unknown,Streptomyces sp. NPDC003362,204
WP_451592756,gvpJ,Unknown,Streptomyces sp. NPDC003710,197
WP_451577496,gvpJ,Unknown,Streptomyces sp. NPDC003667,141
WP_451549507,gvpJ,Unknown,Streptomyces sp. NPDC003509,149
WP_451481588,gvpJ,Unknown,Streptomyces sp. NPDC002913,149
WP_451451206,gvpJ,Unknown,Streptomyces sp. NPDC002402,148
WP_451442117,gvpJ,Unknown,Streptomyces sp. NPDC002446,164
WP_451415571,gvpJ,Unknown,Streptomyces sp. NPDC002640,206
WP_451402632,gvpJ,Unknown,Streptomyces sp. NPDC002516,159
WP_451402091,gvpJ,Unknown,Streptomyces sp. NPDC002399,140
WP_451394591,gvpJ,Unknown,Streptomyces sp. NPDC002577,148
WP_451327826,gvpJ,Unknown,Streptomyces sp. NPDC002547,139
WP_451315115,gvpJ,Unknown,Streptomyces sp. NPDC002596,44
WP_451305491,gvpJ,Unknown,Streptomyces sp. NPDC002596,82
WP_451259024,gvpJ,Unknown,Streptomyces sp. NPDC002758,105
WP_451258660,gvpJ,Unknown,Streptomyces sp. NPDC002758,156
WP_451218426,gvpJ,Unknown,Streptomyces sp. NPDC002853,167
WP_451208899,gvpJ,Unknown,Streptomyces sp. NPDC002386,184
WP_451195231,gvpJ,Unknown,Streptomyces sp. NPDC001984,157
WP_451180921,gvpJ,Unknown,Streptomyces sp. NPDC002740,161
WP_451178565,gvpJ,Unknown,Streptomyces sp. NPDC002285,164
WP_451173061,gvpJ,Unknown,Streptomyces sp. NPDC002587,153
WP_451144059,gvpJ,Unknown,Streptomyces sp. NPDC002845,137
WP_451133702,gvpJ,Unknown,Streptomyces sp. NPDC002911,151
WP_451132029,gvpJ,Unknown,Streptomyces sp. NPDC001732,147
WP_451132023,gvpJ,Unknown,Streptomyces sp. NPDC001732,154
WP_451128015,gvpJ,Unknown,Streptomyces sp. NPDC002911,138
WP_451106547,gvpJ,Unknown,Streptomyces sp. NPDC001739,229
WP_451065602,gvpJ,Unknown,Streptomyces sp. NPDC001953,138
WP_451055957,gvpJ,Unknown,Streptomyces sp. NPDC001774,167
WP_451051956,gvpJ,Unknown,Streptomyces sp. NPDC001780,143
WP_451045469,gvpJ,Unknown,Streptomyces sp. NPDC001858,144
WP_451038779,gvpJ,Unknown,Streptomyces sp. NPDC001920,170
WP_451038560,gvpJ,Unknown,Streptomyces sp. NPDC001920,157
WP_450974087,gvpJ,Unknown,Streptomyces sp. NPDC002309,154
WP_450956169,gvpJ,Unknown,Streptomyces sp. NPDC002067,153
WP_450937975,gvpJ,Unknown,Streptomyces sp. NPDC002324,156
WP_450914531,gvpJ,Unknown,Streptomyces sp. NPDC002125,149
WP_450906220,gvpJ,Unknown,Streptomyces sp. NPDC001773,65
WP_450906183,gvpJ,Unknown,Streptomyces sp. NPDC001773,119
WP_450875192,gvpJ,Unknown,Streptomyces sp. NPDC001700,161
WP_450874912,gvpJ,Unknown,Streptomyces sp. NPDC001700,164
WP_450871608,gvpJ,Unknown,Streptomyces sp. NPDC001595,147
WP_450871600,gvpJ,Unknown,Streptomyces sp. NPDC001595,162
WP_450865424,gvpJ,Unknown,Streptomyces sp. NPDC001251,147
WP_450820376,gvpJ,Unknown,Streptomyces sp. NPDC001665,147
WP_450744729,gvpJ,Unknown,Streptomyces sp. NPDC001494,138
WP_450744143,gvpJ,Unknown,Streptomyces sp. NPDC001494,178
WP_450737839,gvpJ,Unknown,Streptomyces sp. NPDC001219,156
WP_450693056,gvpJ,Unknown,Streptomyces sp. NPDC001340,127
WP_450609965,gvpJ,Unknown,Streptomyces sp. NPDC001156,136
WP_450609610,gvpJ,Unknown,Streptomyces sp. NPDC001156,135
WP_450547198,gvpJ,Unknown,unclassified Streptomyces,43
WP_450539779,gvpJ,Unknown,Streptomyces sp. NPDC000994,43
WP_450518139,gvpJ,Unknown,Streptomyces prasinus,326
WP_450496374,gvpJ,Unknown,Streptomyces nigra,178
WP_450486772,gvpJ,Unknown,Streptomyces sp. NPDC000941,153
WP_450484165,gvpJ,Unknown,Streptomyces sp. NPDC000941,156
WP_450359335,gvpJ,Unknown,Streptomyces lydicamycinicus,156
WP_450323564,gvpJ,Unknown,Streptomyces griseoluteus,154
WP_450299520,gvpJ,Unknown,Streptomyces klenkii,136
WP_450286838,gvpJ,Unknown,Streptomyces bungoensis,154
WP_450228961,gvpJ,Unknown,Streptomyces californicus,149
WP_450218051,gvpJ,Unknown,Streptomyces asoensis,62
WP_450211282,gvpJ,Unknown,Streptomyces collinus,157
WP_450200155,gvpJ,Unknown,Streptomyces decoyicus,142
WP_450170204,gvpJ,Unknown,Streptomyces coeruleorubidus,128
WP_450167291,gvpJ,Unknown,Streptomyces collinus,157
WP_450154015,gvpJ,Unknown,Streptomyces coeruleorubidus,128
WP_450150099,gvpJ,Unknown,Rhodococcus koreensis,122
WP_450141355,gvpJ,Unknown,Saccharopolyspora sp. NPDC000995,139
WP_450140654,gvpJ,Unknown,Saccharopolyspora sp. NPDC000995,137
WP_450135437,gvpJ,Unknown,Rhodococcus sp. NPDC003322,136
WP_450132252,gvpJ,Unknown,Saccharopolyspora sp. NPDC002376,139
WP_450118775,gvpJ,Unknown,Rhodococcus sp. NPDC003383,135
WP_450113568,gvpJ,Unknown,unclassified Rhodococcus (in: high G+C Gram-positive bacteria),137
WP_450108857,gvpJ,Unknown,Rhodococcus sp. NPDC003382,135
WP_450107578,gvpJ,Unknown,Rhodococcus zopfii,124
WP_450107073,gvpJ,Unknown,Rhodococcus zopfii,134
WP_450093809,gvpJ,Unknown,Promicromonospora sukumoe,170
WP_450093804,gvpJ,Unknown,Promicromonospora sukumoe,205
WP_449941336,gvpJ,Unknown,unclassified Micromonospora,116
WP_432374082,gvpJ,Unknown,Rhodococcus,138
WP_109905567,gvpJ,Unknown,Micromonospora,140
WP_450007525,gvpJ,Unknown,Nocardia xishanensis,132
WP_450007521,gvpJ,Unknown,Nocardia xishanensis,132
WP_449994421,gvpJ,Unknown,Nocardia sp. NPDC003345,130
WP_449994415,gvpJ,Unknown,Nocardia sp. NPDC003345,130
WP_449965809,gvpJ,Unknown,Nonomuraea sp. NPDC003201,135
WP_449965800,gvpJ,Unknown,Nonomuraea sp. NPDC003201,140
WP_449935481,gvpJ,Unknown,Nonomuraea sp. NPDC001699,139
WP_449915507,gvpJ,Unknown,Nonomuraea sp. NPDC003727,153
WP_449906532,gvpJ,Unknown,Nonomuraea sp. NPDC003707,135
WP_449894043,gvpJ,Unknown,Nocardia sp. NPDC001965,133
WP_449863515,gvpJ,Unknown,Micromonospora chersina,142
WP_449850016,gvpJ,Unknown,Micromonospora chersina,142
WP_449835359,gvpJ,Unknown,Lentzea sp. NPDC004789,50
WP_449835357,gvpJ,Unknown,Lentzea sp. NPDC004789,118
WP_449833931,gvpJ,Unknown,Kribbella sp. NPDC002412,98
WP_449831772,gvpJ,Unknown,Kribbella sp. NPDC002412,150
WP_449801079,gvpJ,Unknown,Kitasatospora sp. NPDC001660,137
WP_449801075,gvpJ,Unknown,Kitasatospora sp. NPDC001660,146
WP_139628425,gvpJ,Unknown,Nonomuraea phyllanthi,140
WP_007530879,gvpJ,Unknown,Rhodococcus triatomae,134
WP_449711836,gvpJ,Unknown,Actinopolymorpha singaporensis,434
WP_449711727,gvpJ,Unknown,Actinopolymorpha singaporensis,238
WP_449693152,gvpJ,Unknown,Amycolatopsis sp. NPDC005003,86
WP_449693150,gvpJ,Unknown,Amycolatopsis sp. NPDC005003,108
WP_449679493,gvpJ,Unknown,Amycolatopsis sp. NPDC003731,108
WP_449661554,gvpJ,Unknown,Amycolatopsis sp. NPDC004747,66
WP_449661552,gvpJ,Unknown,Amycolatopsis sp. NPDC004747,108
WP_449563650,gvpJ,Unknown,Micromonospora sp. RB23,128
WP_311411732,gvpJ,Unknown,Micromonospora reichwaldensis,143
WP_151560791,gvpJ,Unknown,Actinomadura rudentiformis,149
WP_449343749,gvpJ,Unknown,Streptosporangium canum,141
WP_449343515,gvpJ,Unknown,Streptomyces secundicynarae,142
WP_449340355,gvpJ,Unknown,Streptomyces chartreusis,148
WP_350932670,gvpJ,Unknown,Micromonospora,122
WP_449301505,gvpJ,Unknown,Promicromonospora vindobonensis,169
WP_449288905,gvpJ,Unknown,Micromonospora mangrovi,142
WP_449288851,gvpJ,Unknown,Micromonospora zhanjiangensis,126
WP_138694232,gvpJ,Unknown,Nonomuraea zeae,146
WP_159405665,gvpJ,Unknown,Gordonia,128
WP_449245550,gvpJ,Unknown,Desulfobacca acetoxidans,154
WP_129115139,gvpJ,Unknown,Halegenticoccus tardaugens,176
WP_449208025,gvpJ,Unknown,Streptomyces viridosporus,114
WP_449153486,gvpJ,Unknown,Staphylococcus simulans,112
WP_449152143,gvpJ,Unknown,Staphylococcus simulans,57
WP_099017160,gvpJ,Unknown,Streptomyces,126
WP_448317332,gvpJ,Unknown,Streptomyces sp. CO7,132
WP_448315960,gvpJ,Unknown,Streptomyces sp. CO7,196
WP_243742310,gvpJ,Unknown,Actinorugispora endophytica,149
WP_447816817,gvpJ,Unknown,Rhodococcus sp. C26F,124
WP_440082211,gvpJ,Unknown,unclassified Streptosporangium,146
WP_447134152,gvpJ,Unknown,Micromonospora sp. LZ34,139
WP_447032227,gvpJ,Unknown,Streptomyces hypolithicus,170
WP_435988884,gvpA,Unknown,Rossellomorea sp. LjRoot5,86
WP_435763343,gvpA,Unknown,Oceanobacillus sp. CF4.6,91
WP_435011894,gvpA,Unknown,Tundrisphaera lichenicola,72
WP_434971879,gvpA,Unknown,Longibacter sp.,73
WP_433807116,gvpA,Unknown,Halobacillus mangrovi,97
WP_302771115,gvpJ,Unknown,Micromonospora soli,139
WP_080042999,gvpJ,Unknown,Nonomuraea,155
WP_446790460,gvpJ,Unknown,Streptomyces cynarae,145
WP_446687799,gvpJ,Unknown,Priestia megaterium,100
WP_446686997,gvpJ,Unknown,Phytohabitans kaempferiae,123
WP_446686809,gvpJ,Unknown,Plantactinospora siamensis,127
WP_446686806,gvpJ,Unknown,Plantactinospora siamensis,129
WP_446686805,gvpJ,Unknown,Plantactinospora siamensis,139
WP_446686036,gvpJ,Unknown,Nonomuraea salmonea,142
WP_313724186,gvpJ,Unknown,Micromonospora halotolerans,140
WP_215832405,gvpJ,Unknown,Pelorhabdus rhamnosifermentans,37
WP_215832336,gvpJ,Unknown,Pelorhabdus rhamnosifermentans,45
WP_189650547,gvpJ,Unknown,Nonomuraea spiralis,139
WP_185075767,gvpJ,Unknown,Nonomuraea jabiensis,136
WP_182704510,gvpJ,Unknown,Thermomonospora cellulosilytica,150
WP_120781132,gvpJ,Unknown,Micromonospora costi,144
WP_120781128,gvpJ,Unknown,Micromonospora costi,125
WP_091267309,gvpJ,Unknown,Micromonospora chaiyaphumensis,142
WP_088968695,gvpJ,Unknown,Micromonospora siamensis,162
WP_446651760,gvpJ,Unknown,Archangium gephyra,98
WP_334521000,gvpJ,Unknown,Micromonospora psammae,141
WP_334520989,gvpJ,Unknown,Micromonospora psammae,123
WP_224846828,gvpJ,Unknown,Alloyangia mangrovi,107
WP_446462972,gvpJ,Unknown,Streptomyces sp. BRA346,157
WP_446462825,gvpJ,Unknown,Streptomyces sp. BRA346,155
WP_446460091,gvpJ,Unknown,Streptomyces sp. BRA346,126
WP_446430665,gvpJ,Unknown,Polymorphospora lycopeni,128
WP_446425756,gvpJ,Unknown,Microcystis aeruginosa,50
WP_446244763,gvpJ,Unknown,Rossellomorea sp. NS-SX7,86
WP_446244760,gvpJ,Unknown,Rossellomorea sp. NS-SX7,86
WP_446244752,gvpJ,Unknown,Rossellomorea sp. NS-SX7,110
WP_446217198,gvpJ,Unknown,Micromonospora sp. IBHARD004,143
WP_446211634,gvpJ,Unknown,Micromonospora sp. IBSANI012,142
WP_134130703,gvpJ,Unknown,Kribbella pratensis,173
WP_089851032,gvpJ,Unknown,Salipiger marinus,103
WP_371352198,gvpJ,Unknown,Streptomyces malaysiensis,129
WP_100806382,gvpJ,Unknown,Streptomyces malaysiensis,169
WP_079258745,gvpJ,Unknown,Streptomyces malaysiensis,169
WP_168569944,gvpJ,Unknown,Oxynema aestuarii,143
WP_182845537,gvpJ,Unknown,Actinomadura kijaniata,144
WP_283883228,gvpJ,Unknown,Streptomyces malaysiensis,129
WP_283882628,gvpJ,Unknown,Streptomyces malaysiensis,147
WP_445133724,gvpJ,Unknown,Streptomyces sp. DW26H14,82
WP_445133722,gvpJ,Unknown,Streptomyces sp. DW26H14,235
WP_445133718,gvpJ,Unknown,Streptomyces sp. DW26H14,146
WP_445128383,gvpJ,Unknown,Streptomyces anulatus,162
WP_445128377,gvpJ,Unknown,Streptomyces anulatus,126
WP_445128375,gvpJ,Unknown,Streptomyces anulatus,77
WP_445126715,gvpJ,Unknown,Streptomyces anulatus,142
WP_445092721,gvpJ,Unknown,Nocardia sp. R6R-6,145
WP_445092718,gvpJ,Unknown,Nocardia sp. R6R-6,136
WP_078559344,gvpJ,Unknown,unclassified Streptomyces,126
WP_445526219,gvpJ,Unknown,Streptomyces cyslabdanicus,143
WP_445518140,gvpJ,Unknown,Streptomyces sp. NEAU-174,163
WP_069864688,gvpJ,Unknown,Streptomyces malaysiensis,167
WP_445316779,gvpJ,Unknown,Micromonospora sp. ZYX-F-536,144
WP_381096871,gvpJ,Unknown,Streptomyces,150
WP_445282438,gvpJ,Unknown,unclassified Streptomyces,130
WP_004056699,gvpJ,Unknown,Haloferax,114
WP_445236482,gvpJ,Unknown,Haladaptatus sp. DJG-WS-42,100
WP_242728994,gvpJ,Unknown,Microcoleus vaginatus,126
WP_006635603,gvpJ,Unknown,Microcoleus vaginatus,144
WP_445181618,gvpJ,Unknown,Pseudonocardia sp. Cha107L01,151
WP_166389809,gvpJ,Unknown,Candidatus Nitrosotalea sp. TS,68
WP_204044385,gvpJ,Unknown,Acrocarpospora phusangensis,154
WP_167999942,gvpJ,Unknown,Micromonospora thermarum,140
WP_167999938,gvpJ,Unknown,Micromonospora thermarum,119
WP_067472699,gvpJ,Unknown,Actinomadura hibisca,147
WP_242373769,gvpJ,Unknown,Actinomadura luzonensis,140
WP_444721430,gvpJ,Unknown,Natrinema sp. LN54,206
WP_179802089,gvpJ,Unknown,Micromonospora purpureochromogenes,162
WP_088960028,gvpJ,Unknown,Micromonospora purpureochromogenes,123
WP_239134455,gvpJ,Unknown,Rugosimonospora africana,107
WP_229792014,gvpJ,Unknown,Micromonospora fulviviridis,140
WP_203924156,gvpJ,Unknown,Rugosimonospora africana,123
WP_203662414,gvpJ,Unknown,Actinocatenispora rupis,136
WP_189671864,gvpJ,Unknown,Promicromonospora soli,172
WP_443729145,gvpJ,Unknown,Streptomonospora nanhaiensis,298
WP_443100290,gvpJ,Unknown,Cereibacter sphaeroides,74
WP_442804328,gvpJ,Unknown,Streptomyces luteogriseus,62
WP_443689893,gvpJ,Unknown,Nonomuraea aurantiaca,132
WP_443687875,gvpJ,Unknown,Nonomuraea guangzhouensis,118
WP_347650529,gvpJ,Unknown,unclassified Nonomuraea,135
WP_093464197,gvpJ,Unknown,Streptomyces,165
WP_036578416,gvpJ,Unknown,Oceanobacillus,86
WP_443329009,gvpJ,Unknown,Streptomyces sp. 8N706,106
WP_443328288,gvpJ,Unknown,Streptomyces sp. 8N706,153
WP_443322665,gvpJ,Unknown,Streptomyces sp. 7N604,175
WP_443315077,gvpJ,Unknown,Streptomyces sp. 8N616,175
WP_443305038,gvpJ,Unknown,Streptomyces sp. KR55,160
WP_443285669,gvpJ,Unknown,Streptomyces sp. 6N223,156
WP_443276460,gvpJ,Unknown,Streptomyces sp. 8N114,177
WP_443256761,gvpJ,Unknown,Virgibacillus sp. L01,88
WP_443251595,gvpJ,Unknown,Streptomyces sp. 6N106,150
WP_443245215,gvpJ,Unknown,Streptomyces sp. 3N207,175
WP_443177385,gvpJ,Unknown,Nonomuraea sp. 3N208,116
WP_443171756,gvpJ,Unknown,Nonomuraea sp. KM90,167
WP_443158649,gvpJ,Unknown,Nonomuraea sp. 10N515B,142
WP_443154699,gvpJ,Unknown,Nonomuraea sp. KM88,137
WP_443148248,gvpJ,Unknown,Oceanobacillus sp. M65,119
WP_443073925,gvpJ,Unknown,unclassified Streptomyces,153
WP_443134274,gvpA,Unknown,Halobacillus sp. K22,100
WP_443127555,gvpA,Unknown,Gracilibacillus sp. D59,91
WP_443122929,gvpA,Unknown,Halobacillus sp. B29,100
WP_443108414,gvpJ,Unknown,Actinomadura sp. 3N407,145
WP_443049388,gvpJ,Unknown,Streptomyces sp. HD,158
WP_443036638,gvpJ,Unknown,Streptomyces sp. 24-1644,155
WP_307788539,gvpJ,Unknown,Micromonospora vinacea,116
WP_253753708,gvpJ,Unknown,Hamadaea flava,121
WP_250795481,gvpJ,Unknown,Micromonospora phytophila,146
WP_250795476,gvpJ,Unknown,Micromonospora phytophila,119
WP_248961565,gvpJ,Unknown,Sphaerisporangium perillae,135
WP_241056484,gvpJ,Unknown,Sinomonas terrae,127
WP_241055926,gvpJ,Unknown,Sinomonas terrae,136
WP_241055393,gvpJ,Unknown,Sinomonas terrae,139
WP_241055296,gvpJ,Unknown,Sinomonas terrae,114
WP_238648205,gvpJ,Unknown,Micromonospora cabrerizensis,121
WP_238648200,gvpJ,Unknown,Micromonospora cabrerizensis,120
WP_237821379,gvpJ,Unknown,Arthrobacter hankyongi,142
WP_219543544,gvpJ,Unknown,Nonomuraea harbinensis,127
WP_214103809,gvpJ,Unknown,Acrocarpospora catenulata,142
WP_204035658,gvpJ,Unknown,Micromonospora qiuiae,139
WP_203871151,gvpJ,Unknown,Plantactinospora endophytica,127
WP_200210745,gvpJ,Unknown,Micromonospora coerulea,152
WP_196920025,gvpJ,Unknown,Micromonospora vinacea,127
WP_189127334,gvpJ,Unknown,Nonomuraea cavernae,134
WP_073907320,gvpJ,Unknown,Streptomyces sp. CB00455,122
WP_442894547,gvpJ,Unknown,unclassified Bradyrhizobium,98
WP_442893861,gvpJ,Unknown,unclassified Bradyrhizobium,88
WP_230529256,gvpJ,Unknown,Streptomyces violaceus,127
WP_141686522,gvpJ,Unknown,unclassified Bradyrhizobium,98
WP_065744562,gvpJ,Unknown,Bradyrhizobium sp. AZCC 1578,88
WP_442908743,gvpJ,Unknown,Halodesulfurarchaeum sp.,98
WP_442905069,gvpJ,Unknown,Haladaptatus sp. ZSTT2,100
WP_442904953,gvpJ,Unknown,Haladaptatus sp. CMSO5,100
WP_442894777,gvpJ,Unknown,Bradyrhizobium sp. AZCC 1610,88
WP_033320069,gvpJ,Unknown,Streptomyces aurantiacus group,135
WP_442658081,gvpJ,Unknown,Streptomyces pseudogriseolus,121
WP_442341970,gvpJ,Unknown,Dolichospermum planctonicum,37
WP_441955804,gvpJ,Unknown,unclassified Nocardia,136
WP_441419631,gvpJ,Unknown,Anaerobacillus sp. MEB173,73
WP_441338718,gvpA,Unknown,Microcystis aeruginosa,85
WP_441142067,gvpJ,Unknown,Micromonospora,144
WP_439951524,gvpJ,Unknown,Nonomuraea pusilla,168
WP_356545253,gvpJ,Unknown,Streptomyces,159
WP_441261311,gvpJ,Unknown,Streptomyces sp. OZ13,160
WP_441181149,gvpJ,Unknown,Micromonospora sp. BQ11,121
WP_441181145,gvpJ,Unknown,Micromonospora sp. BQ11,147
WP_441176187,gvpJ,Unknown,Micromonospora sp. SD12,147
WP_441154785,gvpJ,Unknown,Micromonospora sp. H33,117
WP_441154781,gvpJ,Unknown,Micromonospora sp. H33,142
WP_441123592,gvpJ,Unknown,Nonomuraea sp. H19,134
WP_441007279,gvpA,Unknown,Microcystis aeruginosa,80
WP_440771572,gvpJ,Unknown,Natronorubrum sp. DTA28,203
WP_440764510,gvpJ,Unknown,Natronorubrum sp. DTA7,203
WP_440344579,gvpJ,Unknown,Microcystis aeruginosa,44
WP_440303574,gvpJ,Unknown,Intrasporangium sp.,156
WP_440302310,gvpJ,Unknown,Intrasporangium sp.,83
WP_440302304,gvpJ,Unknown,Intrasporangium sp.,130
WP_124192750,gvpJ,Unknown,Natrarchaeobius oligotrophus,187
WP_440552029,gvpJ,Unknown,Staphylococcus simulans,112
WP_440520791,gvpJ,Unknown,Sinomonas sp.,147
WP_440519167,gvpJ,Unknown,Sinomonas sp.,134
WP_440519128,gvpJ,Unknown,Sinomonas sp.,76
WP_440518419,gvpJ,Unknown,Sinomonas sp.,135
WP_440342564,gvpJ,Unknown,Mycobacterium sp.,135
WP_440305614,gvpJ,Unknown,Jatrophihabitans sp.,63
WP_440305612,gvpJ,Unknown,Jatrophihabitans sp.,115
WP_386084208,gvpJ,Unknown,Streptomyces,154
WP_440126973,gvpJ,Unknown,unclassified Rhodococcus (in: high G+C Gram-positive bacteria),136
WP_440100193,gvpJ,Unknown,Streptosporangium sp. H16,146
WP_440064023,gvpJ,Unknown,Streptosporangium sp. OZ121,146
WP_440009970,gvpJ,Unknown,Halomicrococcus sp. SG-WS-1,131
WP_346168316,gvpJ,Unknown,Streptomyces javensis,161
WP_198280497,gvpJ,Unknown,Streptomyces javensis,150
WP_392980991,gvpJ,Unknown,Streptomyces malaysiensis,168
WP_383155722,gvpJ,Unknown,Streptomyces malaysiensis,129
WP_383125690,gvpJ,Unknown,Streptomyces malaysiensis,169
WP_369729731,gvpJ,Unknown,Natrarchaeobius versutus,209
WP_351385678,gvpJ,Unknown,Streptomyces malaysiensis,147
WP_351371779,gvpJ,Unknown,Streptomyces malaysiensis,126
WP_300004229,gvpJ,Unknown,Cyanophyceae,28
WP_257634867,gvpJ,Unknown,Streptomyces malaysiensis,169
WP_257629542,gvpJ,Unknown,Streptomyces malaysiensis,147
WP_174884601,gvpJ,Unknown,Streptomyces malaysiensis,168
WP_123241785,gvpJ,Unknown,Micromonospora solifontis,140
WP_439656732,gvpJ,Unknown,Lentzea sp. HUAS TT2,111
WP_439656730,gvpJ,Unknown,Lentzea sp. HUAS TT2,52
WP_439551173,gvpJ,Unknown,Falsiroseomonas sp.,96
WP_439384048,gvpJ,Unknown,Amycolatopsis lexingtonensis,62
WP_439384047,gvpJ,Unknown,Amycolatopsis lexingtonensis,105
WP_439345357,gvpA,Unknown,Vacuolonema iberomarrocanum,72
WP_439300215,gvpA,Unknown,Pseudalkalibacillus sp. Hm43,87
WP_439300212,gvpA,Unknown,Pseudalkalibacillus sp. Hm43,85
WP_436975690,gvpJ,Unknown,Nonomuraea angiospora,114
WP_436970571,gvpJ,Unknown,Micromonospora avicenniae,148
WP_438491727,gvpJ,Unknown,Streptomyces asiaticus,160
WP_438317879,gvpJ,Unknown,Streptomyces sp. HUAS TT3,161
WP_438290744,gvpJ,Unknown,Streptomyces sp. HUAS TT7,83
WP_382194482,gvpJ,Unknown,Halorussus,110
WP_211117554,gvpJ,Unknown,Streptomyces sp. RPA4-5,154
WP_357721057,gvpJ,Unknown,Nocardia,131
WP_357721048,gvpJ,Unknown,Nocardia,136
WP_420714467,gvpJ,Unknown,Rhodococcus,138
WP_437163179,gvpJ,Unknown,Falsiroseomonas sp. E2-1-a20,97
WP_436839171,gvpJ,Unknown,Nonomuraea angiospora,135
WP_436837161,gvpJ,Unknown,Micromonospora fulviviridis,142
WP_436799022,gvpJ,Unknown,Micromonospora fulviviridis,140
WP_435891609,gvpJ,Unknown,Nonomuraea angiospora,136
WP_435884669,gvpJ,Unknown,Streptomyces chartreusis,138
WP_435878070,gvpJ,Unknown,Streptosporangium canum,141
WP_435875361,gvpJ,Unknown,Nonomuraea dietziae,145
WP_435875360,gvpJ,Unknown,Nonomuraea dietziae,118
WP_435874844,gvpJ,Unknown,Nonomuraea dietziae,146
WP_435872485,gvpJ,Unknown,Micromonospora echinofusca,144
WP_435871710,gvpJ,Unknown,Micromonospora echinofusca,147
WP_435871484,gvpJ,Unknown,Micromonospora echinaurantiaca,140
WP_437068374,gvpJ,Unknown,Streptomyces sp. enrichment culture,122
WP_437066346,gvpJ,Unknown,Streptomyces sp. enrichment culture,148
WP_437062301,gvpJ,Unknown,Streptomyces sp. enrichment culture,200
WP_437035161,gvpJ,Unknown,Streptomyces sp. enrichment culture,135
WP_437032517,gvpJ,Unknown,Streptomyces sp. enrichment culture,174
WP_437011617,gvpJ,Unknown,Streptomyces sp. enrichment culture,175
WP_436988024,gvpJ,Unknown,Streptomyces sp. enrichment culture,131
WP_436971272,gvpJ,Unknown,Micromonospora chersina,144
WP_436971100,gvpJ,Unknown,Micromonospora coxensis,143
WP_436970914,gvpJ,Unknown,Micromonospora coxensis,155
WP_436964910,gvpJ,Unknown,Staphylococcus xylosus,117
WP_436843825,gvpJ,Unknown,Streptomyces sioyaensis,144
WP_436837818,gvpJ,Unknown,Micromonospora chersina,146
WP_436836977,gvpJ,Unknown,Micromonospora tulbaghiae,133
WP_436791506,gvpJ,Unknown,Yinghuangia sp. YIM S10712,157
WP_436754319,gvpJ,Unknown,Streptomyces sp. URMC 124,77
WP_436735180,gvpJ,Unknown,Streptomyces sp. URMC 125,141
WP_436729493,gvpJ,Unknown,Streptomyces sp. URMC 128,128
WP_436685655,gvpJ,Unknown,Micromonospora sp. URMC 106,142
WP_436685651,gvpJ,Unknown,Micromonospora sp. URMC 106,122
WP_436680323,gvpJ,Unknown,Micromonospora sp. URMC 105,141
WP_436680319,gvpJ,Unknown,Micromonospora sp. URMC 105,122
WP_436671160,gvpJ,Unknown,Micromonospora sp. URMC 107,143
WP_436663202,gvpJ,Unknown,Micromonospora sp. URMC 103,144
WP_436636675,gvpJ,Unknown,Actinomadura kijaniata,144
WP_436588761,gvpJ,Unknown,Rothia sp. HC945,140
WP_364980473,gvpJ,Unknown,Streptomyces,167
WP_436384763,gvpJ,Unknown,Amycolatopsis sp. MEPSY49,105
WP_436384760,gvpJ,Unknown,Amycolatopsis sp. MEPSY49,50
WP_436344285,gvpJ,Unknown,Natronorubrum sp. FCH18a,199
WP_435889190,gvpJ,Unknown,Streptosporangium canum,141
WP_435867269,gvpJ,Unknown,Streptosporangium canum,141
WP_435867142,gvpJ,Unknown,Streptosporangium canum,141
WP_435852870,gvpJ,Unknown,Streptomyces vietnamensis,155
WP_435835690,gvpJ,Unknown,Streptomyces althioticus,43
WP_435831133,gvpJ,Unknown,Microtetraspora glauca,131
WP_435830259,gvpJ,Unknown,Micromonospora echinospora,153
WP_435828076,gvpJ,Unknown,Micromonospora purpureochromogenes,145
WP_435827771,gvpJ,Unknown,Nonomuraea dietziae,120
WP_435827392,gvpJ,Unknown,Nonomuraea dietziae,146
WP_435827391,gvpJ,Unknown,Nonomuraea dietziae,120
WP_435826395,gvpJ,Unknown,Nonomuraea dietziae,146
WP_435824197,gvpJ,Unknown,Micromonospora echinofusca,147
WP_435823470,gvpJ,Unknown,Micromonospora echinofusca,147
WP_435820595,gvpJ,Unknown,Micromonospora purpureochromogenes,162
WP_435820040,gvpJ,Unknown,Micromonospora purpureochromogenes,143
WP_435809718,gvpJ,Unknown,Streptosporangium canum,141
WP_431652337,gvpJ,Unknown,Nocardiopsis,141
WP_435875767,gvpJ,Unknown,Nonomuraea wenchangensis,144
WP_435875456,gvpJ,Unknown,Nonomuraea fuscirosea,135
WP_435875455,gvpJ,Unknown,Nonomuraea fuscirosea,114
WP_435875036,gvpJ,Unknown,Nonomuraea bangladeshensis,136
WP_435874912,gvpJ,Unknown,Nonomuraea wenchangensis,144
WP_435871033,gvpJ,Unknown,Micromonospora musae,143
WP_435870553,gvpJ,Unknown,Micromonospora musae,144
WP_435832372,gvpJ,Unknown,Micromonospora parva,116
WP_435831476,gvpJ,Unknown,Nonomuraea wenchangensis,144
WP_435829819,gvpJ,Unknown,Micromonospora costi,120
WP_435826777,gvpJ,Unknown,Micromonospora chersina,140
WP_435821558,gvpJ,Unknown,Micromonospora musae,144
WP_435821172,gvpJ,Unknown,Micromonospora lupini,120
WP_435820982,gvpJ,Unknown,Micromonospora musae,144
WP_435820883,gvpJ,Unknown,Micromonospora chersina,142
WP_435819022,gvpJ,Unknown,Micromonospora chersina,148
WP_435818584,gvpJ,Unknown,Micromonospora lupini,120
WP_435817798,gvpJ,Unknown,Micromonospora chersina,140
WP_435796212,gvpJ,Unknown,Micromonospora chersina,144
WP_435795890,gvpJ,Unknown,Micromonospora taraxaci,117
WP_435795344,gvpJ,Unknown,Micromonospora taraxaci,117
WP_435794638,gvpJ,Unknown,Micromonospora sediminicola,132
WP_106674282,gvpJ,Unknown,Streptomyces,99
WP_432156504,gvpJ,Unknown,unclassified Streptomyces,129
WP_432144521,gvpJ,Unknown,unclassified Streptomyces,141
WP_431965968,gvpJ,Unknown,unclassified Nocardia,132
WP_435602168,gvpJ,Unknown,Streptomyces sp. bgisy130,156
WP_435551532,gvpJ,Unknown,Natrinema sp. CGMCC1.2065,199
WP_406972079,gvpJ,Unknown,Nocardiopsis sp. A1-1-1,138
WP_435348181,gvpJ,Unknown,Haloarchaeobius sp. HRN-SO-5,145
WP_435134369,gvpJ,Unknown,unclassified Actinacidiphila,163
WP_431897265,gvpJ,Unknown,unclassified Nonomuraea,142
WP_435290196,gvpJ,Unknown,Streptosporangium sp. G11,146
WP_435205314,gvpJ,Unknown,Micromonospora sp. bgisy143,128
WP_435192699,gvpJ,Unknown,Streptomyces sp. NRRL F-5630,139
WP_435186739,gvpJ,Unknown,Halobellus sp. EA9,116
WP_435154180,gvpJ,Unknown,Haladaptatus sp. DFWS20,127
WP_435076952,gvpJ,Unknown,Halococcus sp. AFM35,136
WP_435054326,gvpJ,Unknown,Nonomuraea angiospora,135
WP_435011771,gvpJ,Unknown,Tundrisphaera lichenicola,108
WP_434099396,gvpJ,Unknown,Streptomyces platensis,156
WP_434096165,gvpJ,Unknown,Streptosporangium roseum,137
WP_434093939,gvpJ,Unknown,Nonomuraea pusilla,168
WP_434090227,gvpJ,Unknown,Micromonospora avicenniae,148
WP_434090004,gvpJ,Unknown,Micromonospora purpureochromogenes,147
WP_434591303,gvpJ,Unknown,Brevibacterium sp. 1718,144
WP_250101693,gvpJ,Unknown,Micromonospora echinofusca,147
WP_434094087,gvpJ,Unknown,Nonomuraea wenchangensis,143
WP_424789199,gvpJ,Unknown,Micrococcales,128
WP_005253548,gvpJ,Unknown,Rhodococcus opacus,125
WP_433742432,gvpJ,Unknown,Falsibacillus pallidus,86
WP_433606145,gvpJ,Unknown,Prescottella agglutinans,125
WP_433604540,gvpJ,Unknown,Prescottella agglutinans,67
WP_433604528,gvpJ,Unknown,Prescottella agglutinans,128
WP_433556152,gvpJ,Unknown,Pseudonocardia xinjiangensis,143
WP_433526884,gvpJ,Unknown,Nocardia pseudovaccinii,134
WP_433504414,gvpJ,Unknown,Pseudonocardia halophobica,102
WP_433503469,gvpJ,Unknown,Pseudonocardia halophobica,145
WP_433275062,gvpJ,Unknown,Pseudonocardia xinjiangensis,142
WP_432913557,gvpJ,Unknown,Streptomyces syringium,152
WP_328768716,gvpJ,Unknown,unclassified Streptomyces,132
WP_285627294,gvpJ,Unknown,Actinoallomurus,139
WP_285619655,gvpJ,Unknown,Actinoallomurus,145
WP_284745697,gvpJ,Unknown,Amycolatopsis,125
WP_433469862,gvpJ,Unknown,unclassified Spirillospora,144
WP_432938393,gvpJ,Unknown,unclassified Streptomyces,136
WP_366581342,gvpJ,Unknown,unclassified Amycolatopsis,130
WP_360688586,gvpJ,Unknown,unclassified Nonomuraea,63
WP_027929989,gvpJ,Unknown,Amycolatopsis,132
WP_433883185,gvpJ,Unknown,Saccharopolyspora hattusasensis,140
WP_433854619,gvpJ,Unknown,Streptomyces kronopolitis,153
WP_433819035,gvpJ,Unknown,Actinomadura scrupuli,139
WP_433799473,gvpJ,Unknown,Actinomycetospora sp. CA-084318,127
WP_433787417,gvpJ,Unknown,Actinomycetospora sp. CA-101289,123
WP_433784929,gvpJ,Unknown,Actinomycetospora sp. CA-101289,118
WP_433761506,gvpJ,Unknown,Nocardia sp. CA-135398,130
WP_433761503,gvpJ,Unknown,Nocardia sp. CA-135398,134
WP_433722854,gvpJ,Unknown,Nocardia sp. CA-129566,137
WP_433709186,gvpJ,Unknown,Nocardia sp. CA-084685,138
WP_433677892,gvpJ,Unknown,Nocardia sp. CA-119907,137
WP_433648800,gvpJ,Unknown,Micromonospora zamorensis,124
WP_433648796,gvpJ,Unknown,Micromonospora zamorensis,123
WP_433633910,gvpJ,Unknown,Nocardia sp. CA-120079,136
WP_433627182,gvpJ,Unknown,Halomicrococcus sp. NG-SE-24,131
WP_433621983,gvpJ,Unknown,Nocardia sp. CA-120079,134
WP_433605749,gvpJ,Unknown,Dactylosporangium sp. CA-139114,112
WP_433605741,gvpJ,Unknown,Dactylosporangium sp. CA-139114,135
WP_433597538,gvpJ,Unknown,Nocardia sp. CA-135953,134
WP_433597535,gvpJ,Unknown,Nocardia sp. CA-135953,130
WP_433567399,gvpJ,Unknown,Nocardia sp. CA-151230,135
WP_433535974,gvpJ,Unknown,Micromonospora sp. CA-249363,134
WP_433535970,gvpJ,Unknown,Micromonospora sp. CA-249363,127
WP_433515488,gvpJ,Unknown,Nonomuraea sp. CA-143628,131
WP_433498422,gvpJ,Unknown,Sphaerimonospora sp. CA-214678,137
WP_433437681,gvpJ,Unknown,Nonomuraea sp. CA-141351,106
WP_433437675,gvpJ,Unknown,Nonomuraea sp. CA-141351,137
WP_433402812,gvpJ,Unknown,Actinoallomurus sp. CA-142502,174
WP_433401665,gvpJ,Unknown,Streptomyces sp. CA-146814,165
WP_433364520,gvpJ,Unknown,Dactylosporangium sp. CA-152071,133
WP_433344988,gvpJ,Unknown,Micromonospora sp. CA-111912,395
WP_433338639,gvpJ,Unknown,Spirillospora sp. CA-294931,136
WP_433326479,gvpJ,Unknown,Dactylosporangium sp. CA-139066,133
WP_433326471,gvpJ,Unknown,Dactylosporangium sp. CA-139066,123
WP_433314634,gvpJ,Unknown,Micromonospora chersina,142
WP_433296111,gvpJ,Unknown,Pseudonocardia sp. CA-142604,92
WP_433288308,gvpJ,Unknown,Pseudonocardia sp. CA-142604,143
WP_433283595,gvpJ,Unknown,Micromonospora sp. CA-244673,142
WP_433264785,gvpJ,Unknown,Micromonospora vinacea,123
WP_433264777,gvpJ,Unknown,Micromonospora vinacea,127
WP_433240934,gvpJ,Unknown,Streptosporangium sp. CA-135522,140
WP_433220814,gvpJ,Unknown,Dactylosporangium sp. CS-047395,99
WP_433220806,gvpJ,Unknown,Dactylosporangium sp. CS-047395,124
WP_433189520,gvpJ,Unknown,Actinoallomurus sp. CA-150999,132
WP_433127555,gvpJ,Unknown,Micromonospora sp. CA-240977,116
WP_433115948,gvpJ,Unknown,Micromonospora sp. CA-246542,126
WP_433115940,gvpJ,Unknown,Micromonospora sp. CA-246542,127
WP_433099727,gvpJ,Unknown,Streptomyces sp. CA-250714,176
WP_433096475,gvpJ,Unknown,Microbispora sp. CA-102843,138
WP_433088461,gvpJ,Unknown,Dactylosporangium sp. CA-052675,135
WP_433088456,gvpJ,Unknown,Dactylosporangium sp. CA-052675,112
WP_433062989,gvpJ,Unknown,Nonomuraea sp. CA-218870,95
WP_433062983,gvpJ,Unknown,Nonomuraea sp. CA-218870,129
WP_433062973,gvpJ,Unknown,Nonomuraea sp. CA-218870,134
WP_433062754,gvpJ,Unknown,Dactylosporangium sp. CS-033363,99
WP_433062743,gvpJ,Unknown,Dactylosporangium sp. CS-033363,127
WP_433038849,gvpJ,Unknown,Actinomycetospora sp. CA-053990,116
WP_433004102,gvpJ,Unknown,Kribbella sp. CA-294648,157
WP_432993195,gvpJ,Unknown,Streptomyces sp. CA-135486,137
WP_432981990,gvpJ,Unknown,Pseudonocardia sp. CA-107938,147
WP_432973211,gvpJ,Unknown,Streptomyces sp. CA-179760,127
WP_432969278,gvpJ,Unknown,Dactylosporangium sp. CA-233914,136
WP_432948615,gvpJ,Unknown,Streptomyces sp. CA-288835,64
WP_432945621,gvpJ,Unknown,Kribbella sp. CA-253562,145
WP_432927108,gvpJ,Unknown,Microbispora sp. CA-135349,138
WP_432916536,gvpJ,Unknown,Nocardia sp. CA-290969,129
WP_432880483,gvpJ,Unknown,Plantactinospora sp. CA-294935,127
WP_432789631,gvpJ,Unknown,Brevibacterium sp. K11IcPPYGO002,144
WP_432677342,gvpJ,Unknown,Rhodococcus pyridinivorans,136
WP_432723770,gvpJ,Unknown,Staphylococcus equorum,110
WP_432706025,gvpJ,Unknown,Actinoallomurus iriomotensis,170
WP_432705608,gvpJ,Unknown,Actinoallomurus iriomotensis,172
WP_431774630,gvpJ,Unknown,Streptomyces,153
WP_432585110,gvpJ,Unknown,Streptomyces huangiella,159
WP_432476107,gvpJ,Unknown,Nocardioides sp. GXQ0305,137
WP_411136575,gvpJ,Unknown,Streptomyces,156
WP_046090495,gvpJ,Unknown,Streptomyces,159
WP_046085944,gvpJ,Unknown,Streptomyces,157
WP_431905973,gvpJ,Unknown,Amycolatopsis thermoflava,132
WP_431518338,gvpJ,Unknown,Streptomyces sp.,90
WP_384000752,gvpJ,Unknown,unclassified Streptomyces,153
WP_379572708,gvpJ,Unknown,Nonomuraea,120
WP_182469284,gvpJ,Unknown,Streptomyces,147
WP_174531607,gvpJ,Unknown,Micromonospora,122
WP_432184044,gvpJ,Unknown,Streptomyces tendae,266
WP_432170303,gvpJ,Unknown,Streptomyces sp. 1222.5,132
WP_432156505,gvpJ,Unknown,Streptomyces sp. bgisy153,45
WP_432147389,gvpJ,Unknown,Streptomyces sp. bgisy029,165
WP_432144472,gvpJ,Unknown,Streptomyces sp. bgisy084,156
WP_432136656,gvpJ,Unknown,Streptomyces sp. bgisy154,125
WP_432058126,gvpJ,Unknown,Streptomyces sp. bgisy022,191
WP_432044567,gvpJ,Unknown,Streptomyces asiaticus,163
WP_432044565,gvpJ,Unknown,Streptomyces asiaticus,131
WP_432039342,gvpJ,Unknown,Streptomyces cucumeris,152
WP_432030711,gvpJ,Unknown,Streptomyces sp. 1222.5,132
WP_432014195,gvpJ,Unknown,Streptomyces cucumeris,155
WP_432010494,gvpJ,Unknown,Streptomyces cucumeris,152
WP_431955643,gvpJ,Unknown,Nocardia lijiangensis,132
WP_431937950,gvpJ,Unknown,Nocardia grenadensis,132
WP_431929210,gvpJ,Unknown,Nonomuraea jabiensis,136
WP_431877230,gvpJ,Unknown,Micromonospora marina,135
WP_431789249,gvpJ,Unknown,Streptomyces sp. G9,152
WP_431683167,gvpJ,Unknown,Kitasatospora sp. KL5,144
WP_431429578,gvpJ,Unknown,Actinophytocola sp.,131
WP_083502450,gvpJ,Unknown,Sphaerimonospora mesophila,172
WP_055482389,gvpJ,Unknown,Sphaerimonospora mesophila,137
WP_431314001,gvpJ,Unknown,Streptomyces murinus,123
WP_430572416,gvpJ,Unknown,Isoptericola sp. NPDC057391,140
WP_430572411,gvpJ,Unknown,Isoptericola sp. NPDC057391,310
WP_430558494,gvpJ,Unknown,Isoptericola sp. NPDC019693,138
WP_430545122,gvpJ,Unknown,unclassified Isoptericola,136
WP_430980579,gvpJ,Unknown,Streptomyces sirii,142
WP_430073846,gvpJ,Unknown,Priestia aryabhattai,92
WP_429732556,gvpJ,Unknown,Isoptericola variabilis,137
WP_397553632,gvpJ,Unknown,Rossellomorea,109
WP_355079748,gvpJ,Unknown,Nocardia,135
WP_038564373,gvpJ,Unknown,Terribacillus saccharophilus,87
WP_430332776,gvpJ,Unknown,Rhodococcus sp. ACT016,67
WP_430332770,gvpJ,Unknown,Rhodococcus sp. ACT016,134
WP_366046326,gvpJ,Unknown,Streptomyces,144
WP_429877810,gvpJ,Unknown,Fictibacillus sp. NRS-1165,78
WP_429877643,gvpJ,Unknown,Fictibacillus sp. NRS-1165,71
WP_428834763,gvpJ,Unknown,Nonomuraea roseola,142
WP_428834692,gvpJ,Unknown,Nonomuraea recticatena,146
WP_428511734,gvpJ,Unknown,Pseudonocardia sp.,144
WP_428502389,gvpJ,Unknown,Pseudonocardia sp.,147
WP_428395877,gvpJ,Unknown,Nocardia fluminea,137
WP_428395871,gvpJ,Unknown,Nocardia fluminea,128
WP_428087658,gvpJ,Unknown,Cylindrospermopsis raciborskii,52
WP_426911554,gvpJ,Unknown,Sutcliffiella horikoshii,86
WP_426892820,gvpJ,Unknown,Rossellomorea aquimaris,86
WP_426489233,gvpJ,Unknown,Cereibacter johrii,74
WP_425603025,gvpJ,Unknown,Halosolutus gelatinilyticus,198
WP_371106127,gvpJ,Unknown,Streptomyces lycopersici,128
WP_371106126,gvpJ,Unknown,Streptomyces lycopersici,93
WP_262701264,gvpJ,Unknown,Streptomyces lycopersici,147
WP_043192509,gvpJ,Unknown,Streptomyces sp. NRRL F-2664,147
WP_428833169,gvpJ,Unknown,Micromonospora coerulea,152
WP_230810702,gvpJ,Unknown,Rhodococcus,136
WP_014050136,gvpJ,Unknown,Streptomyces,152
WP_428403792,gvpJ,Unknown,Methylocystis sp.,203
WP_365066510,gvpJ,Unknown,unclassified Streptomyces,157
WP_327219803,gvpJ,Unknown,Streptomyces,166
WP_151454732,gvpJ,Unknown,Micromonospora sp. DT46,147
WP_030994597,gvpJ,Unknown,unclassified Streptomyces,152
WP_427844948,gvpJ,Unknown,Streptomyces sp. Marseille-Q5077,166
WP_426632763,gvpJ,Unknown,Planosporangium spinosum,147
WP_426518519,gvpJ,Unknown,Leifsonia sp. McL0618,145
WP_426512806,gvpJ,Unknown,Dactylosporangium sp. McL0621,170
WP_426512802,gvpJ,Unknown,Dactylosporangium sp. McL0621,126
WP_426499768,gvpJ,Unknown,Streptomyces sp. D54,162
WP_426404610,gvpJ,Unknown,Streptomyces sp. R-07,145
WP_426380804,gvpJ,Unknown,Desulfosporosinus sp. SYSU MS00001,76
WP_426244308,gvpJ,Unknown,Nocardioides sp. LHG3406-4,138
WP_425975179,gvpJ,Unknown,Streptomyces sp. SR-10,161
WP_425953456,gvpJ,Unknown,Xylanimonas sp. McL0601,157
WP_425874933,gvpJ,Unknown,Micromonospora sp. DT62,143
WP_425870999,gvpJ,Unknown,Streptomyces sp. DT193,155
WP_425866593,gvpJ,Unknown,Micromonospora sp. DT63,128
WP_425811987,gvpJ,Unknown,Streptomyces sp. DT224,146
WP_425788848,gvpJ,Unknown,Micromonospora sp. DT227,137
WP_425751336,gvpJ,Unknown,Micromonospora sp. DT47,145
WP_425751332,gvpJ,Unknown,Micromonospora sp. DT47,117
WP_425707711,gvpJ,Unknown,Georgenia sp. Z1491,140
WP_425691133,gvpJ,Unknown,Micromonospora sp. DT178,145
WP_425569217,gvpJ,Unknown,Nonomuraea salmonea,413
WP_425567224,gvpJ,Unknown,Nonomuraea helvata,136
WP_425566432,gvpJ,Unknown,Nonomuraea roseoviolacea,115
WP_425547043,gvpJ,Unknown,Actinocorallia aurantiaca,147
WP_425527911,gvpJ,Unknown,Yinghuangia seranimata,162
WP_425498592,gvpJ,Unknown,Natrinema salinisoli,188
WP_345363717,gvpJ,Unknown,Actinoallomurus sp. NPDC052308,136
WP_271279105,gvpJ,Unknown,Nonomuraea sp. NPDC049486,112
WP_197040871,gvpJ,Unknown,Pseudonocardia halophobica,102
WP_030746242,gvpJ,Unknown,Streptomyces sp. NPDC095613,61
WP_425580757,gvpJ,Unknown,Terrabacter lapilli,169
WP_425579972,gvpJ,Unknown,Terrabacter terrae,156
WP_425573741,gvpJ,Unknown,Nocardioides koreensis,131
WP_425573664,gvpJ,Unknown,Nocardioides koreensis,136
WP_425572781,gvpJ,Unknown,Nocardioides panacihumi,143
WP_425572773,gvpJ,Unknown,Nocardioides panacihumi,148
WP_425570143,gvpJ,Unknown,Nonomuraea rosea,150
WP_425570142,gvpJ,Unknown,Nonomuraea rosea,112
WP_425570141,gvpJ,Unknown,Nonomuraea rosea,74
WP_425566076,gvpJ,Unknown,Nonomuraea monospora,156
WP_425565241,gvpJ,Unknown,Nonomuraea bangladeshensis,136
WP_425559742,gvpJ,Unknown,Kitasatospora terrestris,102
WP_425558665,gvpJ,Unknown,Catenulispora subtropica,147
WP_425556722,gvpJ,Unknown,Dactylosporangium darangshiense,134
WP_425555226,gvpJ,Unknown,Kitasatospora arboriphila,129
WP_425552381,gvpJ,Unknown,Dactylosporangium maewongense,133
WP_425551154,gvpJ,Unknown,Actinoallomurus vinaceus,120
WP_425550791,gvpJ,Unknown,Actinoallomurus liliacearum,141
WP_394172527,gvpJ,Unknown,Guptibacillus hwajinpoensis,86
WP_305912469,gvpJ,Unknown,Guptibacillus hwajinpoensis,86
WP_301550213,gvpJ,Unknown,Guptibacillus hwajinpoensis,86
WP_224881626,gvpJ,Unknown,Guptibacillus,86
WP_224590720,gvpJ,Unknown,Bacillales,86
WP_159786140,gvpJ,Unknown,Bacillales,86
WP_159786131,gvpJ,Unknown,Bacillales,86
WP_136946767,gvpJ,Unknown,Guptibacillus hwajinpoensis,86
WP_048311416,gvpJ,Unknown,Guptibacillus hwajinpoensis,86
WP_048311414,gvpJ,Unknown,Guptibacillus hwajinpoensis,86
WP_425499692,gvpJ,Unknown,Halorarum halobium,144
WP_425499563,gvpJ,Unknown,Halogeometricum luteum,182
WP_425498334,gvpJ,Unknown,Halogeometricum salsisoli,183
WP_425491801,gvpJ,Unknown,Halohasta salina,156
WP_425423821,gvpJ,Unknown,Spirillospora albida,112
WP_425338547,gvpJ,Unknown,Kitasatospora phosalacinea,141
WP_425336308,gvpJ,Unknown,Sinorhizobium garamanticum,105
WP_123108207,gvpJ,Unknown,Streptomyces,126
WP_425473003,gvpJ,Unknown,Streptomyces botrytidirepellens,160
WP_425385406,gvpJ,Unknown,Streptomyces himastatinicus,154
WP_425282202,gvpJ,Unknown,Streptomyces platensis,154
WP_424531826,gvpJ,Unknown,Sphaerisporangium viridialbum,135
WP_423999117,gvpJ,Unknown,Haloarcula salina,139
WP_425246161,gvpJ,Unknown,Streptomyces sp. NEAU-NA10,136
WP_423671324,gvpJ,Unknown,Streptomyces platensis,141
WP_423669373,gvpJ,Unknown,Streptomyces platensis,156
WP_073866832,gvpJ,Unknown,unclassified Streptomyces,162
WP_424923055,gvpJ,Unknown,Actinomadura rubrisoli,142
WP_424866250,gvpJ,Unknown,Streptomyces sp. SAI-229,121
WP_424862648,gvpJ,Unknown,Streptomyces sp. MMS24-I29,162
WP_424857545,gvpJ,Unknown,Streptomyces sp. SAI-170,151
WP_424857540,gvpJ,Unknown,Streptomyces sp. SAI-170,158
WP_424569386,gvpJ,Unknown,Streptomyces sp. CH-036,153
WP_423987442,gvpJ,Unknown,Haladaptatus sp.,138
WP_021599776,gvpJ,Unknown,Actinomadura welshii,149
WP_145488653,gvpJ,Unknown,unclassified Streptomyces,129
WP_202400395,gvpJ,Unknown,Rhodococcus,136
WP_423744847,gvpJ,Unknown,Haladaptatus sp. SPP-AMP-3,136
WP_423590201,gvpJ,Unknown,Streptomyces arboris,168
WP_423579446,gvpJ,Unknown,Streptomyces koyangensis,154
WP_423536500,gvpJ,Unknown,Uniformispora flossi,157
WP_423528680,gvpJ,Unknown,Streptomyces koyangensis,156
WP_422786251,gvpJ,Unknown,Salibacterium aidingense,120
WP_340492290,gvpJ,Unknown,Streptomyces decoyicus,158
WP_423229327,gvpJ,Unknown,Streptosporangium minutum,135
WP_423145240,gvpJ,Unknown,Priestia sp. 40,68
WP_422936550,gvpJ,Unknown,Sinomonas sp. P47F7,123
WP_420943034,gvpJ,Unknown,Archangium gephyra,107
WP_296549563,gvpJ,Unknown,unclassified Rhodococcus (in: high G+C Gram-positive bacteria),127
WP_296549559,gvpJ,Unknown,unclassified Rhodococcus (in: high G+C Gram-positive bacteria),141
WP_422332740,gvpJ,Unknown,Rhodococcus sp. (in: high G+C Gram-positive bacteria),123
WP_422331728,gvpJ,Unknown,Rhodococcus sp. (in: high G+C Gram-positive bacteria),134
WP_188991052,gvpJ,Unknown,Saccharopolyspora thermophila,124
WP_188987581,gvpJ,Unknown,Saccharopolyspora thermophila,136
WP_009950233,gvpJ,Unknown,Saccharopolyspora erythraea,144
WP_421679352,gvpJ,Unknown,Streptomyces sp. LaBMicrA B280,128
WP_373689023,gvpJ,Unknown,unclassified Streptomyces,160
WP_179936450,gvpJ,Unknown,unclassified Streptomyces,155
WP_420774107,gvpJ,Unknown,Nocardia nepalensis,129
WP_420774103,gvpJ,Unknown,Nocardia nepalensis,137
WP_420163018,gvpJ,Unknown,Rhodococcus parequi,132
WP_420163012,gvpJ,Unknown,Rhodococcus,65
WP_420015966,gvpJ,Unknown,Streptomyces microflavus,163
WP_419723301,gvpJ,Unknown,Streptosporangium roseum,140
WP_418909885,gvpJ,Unknown,Kitasatospora phosalacinea,140
WP_418345176,gvpJ,Unknown,Rhodococcus pyridinivorans,137
WP_418115095,gvpJ,Unknown,[Actinomadura] parvosata,143
WP_417554207,gvpJ,Unknown,Microbispora sp. NBC_01189,125
WP_417033507,gvpJ,Unknown,Dolichospermum circinale,49
WP_067914482,gvpJ,Unknown,Actinomadura rubrobrunea,141
WP_064872103,gvpJ,Unknown,Mycolicibacterium monacense,139
WP_033231560,gvpJ,Unknown,Rhodococcus,136
WP_033231554,gvpJ,Unknown,Rhodococcus,69
WP_420879868,gvpJ,Unknown,Rhodococcus sp. (in: high G+C Gram-positive bacteria),132
WP_420807611,gvpJ,Unknown,Bradyrhizobium valentinum,88
WP_420753162,gvpJ,Unknown,Rhodococcus sp. O3,136
WP_420753158,gvpJ,Unknown,Rhodococcus sp. O3,136
WP_420753156,gvpJ,Unknown,Rhodococcus sp. O3,73
WP_368954967,gvpJ,Unknown,Parafrankia soli,174
WP_071064235,gvpJ,Unknown,Parafrankia soli,90
WP_420719482,gvpJ,Unknown,Streptomyces sp. RTd22,162
WP_420707108,gvpJ,Unknown,Streptomyces sp. NRRL S-1448,237
WP_414415481,gvpJ,Unknown,Synechococcus sp. OH2,419
WP_414408108,gvpJ,Unknown,Synechococcus sp. W55.1,424
WP_404168688,gvpJ,Unknown,Streptomyces sp. NPDC102437,144
WP_402211923,gvpJ,Unknown,Kitasatospora sp. NPDC093550,141
WP_398860197,gvpJ,Unknown,unclassified Streptomyces,158
WP_393904523,gvpJ,Unknown,Streptomyces sp. NPDC048434,157
WP_393505685,gvpJ,Unknown,Streptomyces sp. Y7,148
WP_393504509,gvpJ,Unknown,Streptomyces sp. Y7,138
WP_392274030,gvpJ,Unknown,Streptomyces sp. NPDC016309,148
WP_388965180,gvpJ,Unknown,Streptomyces sp. NPDC005244,134
WP_384190976,gvpJ,Unknown,unclassified Streptomyces,155
WP_384142883,gvpJ,Unknown,Streptomyces sp. NPDC057582,149
WP_380950691,gvpJ,Unknown,Streptomyces cyaneofuscatus,166
WP_378560777,gvpJ,Unknown,unclassified Nocardioides,140
WP_365018756,gvpJ,Unknown,Streptomyces collinus,141
WP_363542280,gvpJ,Unknown,Kitasatospora sp. NPDC093679,131
WP_363520768,gvpJ,Unknown,Kitasatospora sp. NPDC085879,143
WP_363497509,gvpJ,Unknown,Kitasatospora sp. NPDC051914,149
WP_362694289,gvpJ,Unknown,Streptomyces sp. NPDC048479,163
WP_362624584,gvpJ,Unknown,unclassified Streptomyces,150
WP_361506602,gvpJ,Unknown,Streptomyces sp. NPDC047097,179
WP_358203025,gvpJ,Unknown,Pseudonocardia sp. NPDC049154,99
WP_357341174,gvpJ,Unknown,Nocardioides sp. NPDC047086,65
WP_356302506,gvpJ,Unknown,Streptomyces flaveolus,177
WP_356190566,gvpJ,Unknown,unclassified Streptomyces,118
WP_352229035,gvpJ,Unknown,Streptomyces sp. NPDC095614,148
WP_346225314,gvpJ,Unknown,Microbispora,138
WP_344187715,gvpJ,Unknown,Kribbella,51
WP_334217040,gvpJ,Unknown,Mangrovibacillus sp. Mu-81,86
WP_330770444,gvpJ,Unknown,Lentzea aerocolonigenes,110
WP_295622956,gvpJ,Unknown,uncultured Lamprocystis sp.,38
WP_295612968,gvpJ,Unknown,uncultured Lamprocystis sp.,53
WP_280783773,gvpJ,Unknown,Rhodococcus,105
WP_265147414,gvpJ,Unknown,Rhodococcus,123
WP_225271551,gvpJ,Unknown,Nonomuraea gerenzanensis,156
WP_220204296,gvpJ,Unknown,Reticulibacter mediterranei,70
WP_214644612,gvpJ,Unknown,Nonomuraea sp. NEAU-A123,134
WP_213933000,gvpJ,Unknown,Rhodococcus sp. B50,133
WP_211900286,gvpJ,Unknown,Saccharopolyspora erythraea,144
WP_197317440,gvpJ,Unknown,Halobacillus yeomjeoni,96
WP_186282978,gvpJ,Unknown,Streptomyces cupreus,62
WP_185724077,gvpJ,Unknown,unclassified Rhodococcus (in: high G+C Gram-positive bacteria),136
WP_179726159,gvpJ,Unknown,Nocardioides kongjuensis,68
WP_179669735,gvpJ,Unknown,Nocardioides thalensis,61
WP_173872789,gvpJ,Unknown,Streptomyces albus,176
WP_164338463,gvpJ,Unknown,unclassified Streptomyces,115
WP_164265229,gvpJ,Unknown,Streptomyces sp. NBC_01089,179
WP_164065306,gvpJ,Unknown,Rhodococcus opacus,121
WP_159749511,gvpJ,Unknown,Streptomyces tubercidicus,156
WP_159684230,gvpJ,Unknown,Streptomyces sp. Tu 2975,172
WP_159528824,gvpJ,Unknown,Streptomyces sp. Tu 3180,135
WP_159478144,gvpJ,Unknown,Streptomyces caniferus,157
WP_150939949,gvpJ,Unknown,Microbispora cellulosiformans,138
WP_142574748,gvpJ,Unknown,Microbispora bryophytorum,138
WP_142057506,gvpJ,Unknown,Pseudonocardia kunmingensis,144
WP_138444620,gvpJ,Unknown,Sinomonas susongensis,127
WP_138201216,gvpJ,Unknown,unclassified Nonomuraea,139
WP_134003592,gvpJ,Unknown,Kribbella sp. VKM Ac-2566,61
WP_132335302,gvpJ,Unknown,Nonomuraea,135
WP_132243824,gvpJ,Unknown,Marinisporobacter balticus,53
WP_132055056,gvpJ,Unknown,Actinomadura sp. 7K534,144
WP_131981269,gvpJ,Unknown,Jiangella ureilytica,142
WP_131971039,gvpJ,Unknown,Actinomadura sp. KC06,148
WP_129292564,gvpJ,Unknown,Streptomyces lydicus,157
WP_128510257,gvpJ,Unknown,Streptomyces inhibens,152
WP_127832154,gvpJ,Unknown,Streptomyces antnestii,169
WP_126885375,gvpJ,Unknown,Streptomyces sp. WAC05374,88
WP_125627410,gvpJ,Unknown,Streptomyces,161
WP_122091291,gvpJ,Unknown,Halalkalicoccus subterraneus,102
WP_121657174,gvpJ,Unknown,unclassified Micromonospora,127
WP_120680821,gvpJ,Unknown,Streptomyces hoynatensis,140
WP_117409909,gvpJ,Unknown,Microbispora,137
WP_114603888,gvpJ,Unknown,Staphylococcus sp. EZ-P03,112
WP_114298882,gvpJ,Unknown,Anaerobacterium chartisolvens,360
WP_109694596,gvpJ,Unknown,Nocardioides silvaticus,60
WP_109525984,gvpJ,Unknown,Nocardia,131
WP_108952163,gvpJ,Unknown,Streptomyces fragilis,195
WP_100408001,gvpJ,Unknown,Bacillus solitudinis,86
WP_098025661,gvpJ,Unknown,Streptomyces,159
WP_093744446,gvpJ,Unknown,Streptomyces,148
WP_093701118,gvpJ,Unknown,Streptomyces sp. MnatMP-M27,147
WP_079318973,gvpJ,Unknown,Microbispora sp. GKU 823,137
WP_079105439,gvpJ,Unknown,Streptomyces hygroscopicus,147
WP_079058326,gvpJ,Unknown,Streptomyces ossamyceticus,192
WP_076807413,gvpJ,Unknown,Brachybacterium sp. P6-10-X1,340
WP_075131360,gvpJ,Unknown,Actinophytocola xinjiangensis,134
WP_073678747,gvpJ,Unknown,Mycolicibacterium goodii,62
WP_072951758,gvpJ,Unknown,Rhodococcus,127
WP_072943766,gvpJ,Unknown,Rhodococcus,122
WP_067886339,gvpJ,Unknown,Actinomadura chibensis,223
WP_067803476,gvpJ,Unknown,Actinomadura formosensis,144
WP_067045740,gvpJ,Unknown,Streptomyces sp. FXJ1.172,164
WP_065056635,gvpJ,Unknown,Mycobacterium colombiense,126
WP_064092054,gvpJ,Unknown,Rossellomorea aquimaris,86
WP_063014169,gvpJ,Unknown,Nocardia kruczakiae,137
WP_057273543,gvpJ,Unknown,Priestia,92
WP_048004757,gvpJ,Unknown,Rossellomorea,86
WP_047808695,gvpJ,Unknown,Desulfosporosinus,68
WP_043800943,gvpJ,Unknown,Rhodococcus aetherivorans,129
WP_043462646,gvpJ,Unknown,Streptomyces,162
WP_042169965,gvpJ,Unknown,Streptomyces sp. NBRC 110035,152
WP_040695644,gvpJ,Unknown,Nocardia vinacea,130
WP_019290523,gvpJ,Unknown,Rhodococcus pyridinivorans,132
WP_018549422,gvpJ,Unknown,Streptomyces sp. LaPpAH-108,153
WP_011611919,gvpJ,Unknown,Trichodesmium erythraeum,103
WP_006550843,gvpJ,Unknown,Rhodococcus pyridinivorans,132
WP_414688273,gvpJ,Unknown,Mycobacterium sp.,126
WP_414422660,gvpJ,Unknown,unclassified Synechococcus,433
WP_413104483,gvpJ,Unknown,Streptomyces sp. Inha503,147
WP_410637077,gvpJ,Unknown,Amycolatopsis sp. lyj-346,105
WP_407312168,gvpJ,Unknown,Desulfosporosinus paludis,70
WP_404261005,gvpJ,Unknown,Streptomyces sp. NPDC101393,151
WP_401227778,gvpJ,Unknown,Streptomyces sp. NPDC091383,131
WP_400550373,gvpJ,Unknown,Amycolatopsis sp. NPDC088138,60
WP_400021455,gvpJ,Unknown,Streptomyces sp. NPDC085529,162
WP_399029935,gvpJ,Unknown,unclassified Streptomyces,163
WP_397982243,gvpJ,Unknown,Streptomyces sp. AM6-12,121
WP_397776553,gvpJ,Unknown,Streptomyces lydicus,157
WP_396797647,gvpJ,Unknown,Microcoleus sp. FACHB-1515,90
WP_395107167,gvpJ,Unknown,Actinomadura sp. SCN-SB,152
WP_392378593,gvpJ,Unknown,Streptomyces sp. NPDC015125,156
WP_391471973,gvpJ,Unknown,Nocardia gamkensis,128
WP_391235394,gvpJ,Unknown,Streptomyces griseoluteus,154
WP_388962429,gvpJ,Unknown,Streptomyces sp. NPDC001633,241
WP_388846795,gvpJ,Unknown,Streptomyces sp. NPDC004284,160
WP_388687795,gvpJ,Unknown,Streptomyces sp. NPDC005498,148
WP_387283789,gvpJ,Unknown,unclassified Nocardia,130
WP_387048573,gvpJ,Unknown,unclassified Streptomyces,151
WP_386867014,gvpJ,Unknown,Streptomyces sp. NPDC127092,152
WP_386484426,gvpJ,Unknown,Streptomyces sp. NPDC058757,157
WP_386451267,gvpJ,Unknown,Streptomyces ovatisporus,162
WP_385211998,gvpJ,Unknown,Streptomyces sp. NPDC059455,122
WP_385172467,gvpJ,Unknown,Streptomyces sp. NPDC059468,39
WP_385083501,gvpJ,Unknown,Streptomyces sp. NPDC059466,155
WP_384993559,gvpJ,Unknown,Streptomyces sp. NPDC059096,150
WP_384267086,gvpJ,Unknown,Streptomyces sp. NPDC058695,154
WP_384258188,gvpJ,Unknown,Streptomyces sp. NPDC057616,114
WP_384217896,gvpJ,Unknown,Streptomyces sp. NPDC057496,141
WP_382957516,gvpJ,Unknown,unclassified Streptomyces,167
WP_382924248,gvpJ,Unknown,Streptomyces sp. NPDC056628,156
WP_382858239,gvpJ,Unknown,Streptomyces sp. NPDC056944,160
WP_380841719,gvpJ,Unknown,Sphaerisporangium dianthi,131
WP_379205010,gvpJ,Unknown,Nocardia sp. NPDC127526,160
WP_379049078,gvpJ,Unknown,unclassified Nocardia,136
WP_378905445,gvpJ,Unknown,unclassified Nocardioides,65
WP_378872776,gvpJ,Unknown,Nocardioides sp. NPDC057577,154
WP_378560759,gvpJ,Unknown,unclassified Nocardioides,84
WP_378269243,gvpJ,Unknown,Amycolatopsis pigmentata,131
WP_376639678,gvpJ,Unknown,Streptomyces rubiginosohelvolus,152
WP_376634581,gvpJ,Unknown,unclassified Streptomyces,143
WP_375020631,gvpJ,Unknown,Actinomadura sp. 21ATH,146
WP_367995355,gvpJ,Unknown,Nocardioides eburneus,145
WP_366529334,gvpJ,Unknown,Nocardia sp. NPDC051463,135
WP_364881799,gvpJ,Unknown,Streptomyces kronopolitis,154
WP_364437567,gvpJ,Unknown,unclassified Nocardia,136
WP_364334010,gvpJ,Unknown,Nocardia sp. NPDC051787,134
WP_363990791,gvpJ,Unknown,Actinomadura sp. NPDC049753,144
WP_363902128,gvpJ,Unknown,Kutzneria sp. NPDC051319,51
WP_363873149,gvpJ,Unknown,Kribbella sp. NPDC049584,149
WP_362188380,gvpJ,Unknown,Streptomyces sparsogenes,145
WP_362063376,gvpJ,Unknown,Streptomyces sp. NPDC029216,161
WP_361976726,gvpJ,Unknown,Streptomyces thermolilacinus,131
WP_361484538,gvpJ,Unknown,Streptomyces sp. NPDC019937,150
WP_361415755,gvpJ,Unknown,Streptomyces sp. NPDC045431,152
WP_360067552,gvpJ,Unknown,Streptomyces javensis,150
WP_359900176,gvpJ,Unknown,Streptomyces parvulus,122
WP_359841571,gvpJ,Unknown,Lentzea sp. NPDC005914,50
WP_359841567,gvpJ,Unknown,Lentzea sp. NPDC005914,116
WP_359373696,gvpJ,Unknown,Streptomyces cyaneofuscatus,165
WP_359265260,gvpJ,Unknown,Streptomyces collinus,178
WP_359007526,gvpJ,Unknown,Streptomyces caniferus,157
WP_357632498,gvpJ,Unknown,unclassified Nonomuraea,140
WP_356924837,gvpJ,Unknown,Streptomyces sp. NPDC006235,128
WP_356875433,gvpJ,Unknown,Streptomyces sp. NPDC006430,155
WP_356813376,gvpJ,Unknown,Streptomyces virginiae,151
WP_356758469,gvpJ,Unknown,Streptomyces sp. NPDC006465,107
WP_356754877,gvpJ,Unknown,Streptomyces sp. NPDC006465,157
WP_356189176,gvpJ,Unknown,Streptomyces sp. NPDC005526,178
WP_356046702,gvpJ,Unknown,Streptomyces sp. NPDC005574,120
WP_355434263,gvpJ,Unknown,Lentzea sp. NPDC004782,50
WP_353123237,gvpJ,Unknown,Planktothrix agardhii,94
WP_352162512,gvpJ,Unknown,Streptomyces viridosporus,114
WP_352140693,gvpJ,Unknown,Streptomyces sparsogenes,146
WP_352126195,gvpJ,Unknown,Streptomyces sp. NPDC096323,151
WP_351790159,gvpJ,Unknown,Streptomyces sp. NPDC001832,144
WP_350944206,gvpJ,Unknown,Streptosporangium sp. NPDC000563,145
WP_350843535,gvpJ,Unknown,Streptomyces collinus,133
WP_350747460,gvpJ,Unknown,Streptomyces griseoluteus,154
WP_350277961,gvpJ,Unknown,Kribbella sp. HUAS MG21,157
WP_346023080,gvpJ,Unknown,Streptosporangium,138
WP_345418135,gvpJ,Unknown,Pseudonocardia xishanensis,147
WP_339461184,gvpJ,Unknown,Nodularia spumigena,36
WP_335531220,gvpJ,Unknown,Neobacillus,77
WP_335397199,gvpJ,Unknown,Priestia megaterium,52
WP_334172127,gvpJ,Unknown,Sinomonas sp.,172
WP_333779041,gvpJ,Unknown,Streptomyces sp. IBSBF 3136,180
WP_325148834,gvpJ,Unknown,Amycolatopsis sp.,121
WP_310968865,gvpJ,Unknown,unclassified Amycolatopsis,66
WP_274344111,gvpJ,Unknown,unclassified Streptomyces,164
WP_274283052,gvpJ,Unknown,Actinomycetospora lutea,126
WP_274198670,gvpJ,Unknown,Actinomycetospora lemnae,126
WP_270690469,gvpJ,Unknown,Nocardiopsis endophytica,180
WP_268790547,gvpJ,Unknown,Rhodococcus sp. JS3073,138
WP_259866515,gvpJ,Unknown,Dactylosporangium fulvum,135
WP_257921033,gvpJ,Unknown,Amycolatopsis iheyensis,49
WP_253815041,gvpJ,Unknown,Nocardia amikacinitolerans,132
WP_252840113,gvpJ,Unknown,Actinoallomurus purpureus,120
WP_248635402,gvpJ,Unknown,Streptomyces,54
WP_244330373,gvpJ,Unknown,Streptomyces prasinus,321
WP_243382571,gvpJ,Unknown,Streptomyces sp. HP-A2021,128
WP_237321930,gvpJ,Unknown,Streptomyces sp. JJ36,160
WP_228645707,gvpJ,Unknown,Microtetraspora sp. AC03309,116
WP_222959396,gvpJ,Unknown,Actinacidiphila acidipaludis,155
WP_214317816,gvpJ,Unknown,Nonomuraea sediminis,113
WP_212819824,gvpJ,Unknown,Polymorphospora rubra,128
WP_212521397,gvpJ,Unknown,Actinospica acidithermotolerans,137
WP_192994334,gvpJ,Unknown,Priestia megaterium,92
WP_190812915,gvpJ,Unknown,Saccharopolyspora pogona,140
WP_190099635,gvpJ,Unknown,Streptomyces griseoflavus,123
WP_190067924,gvpJ,Unknown,Streptomyces lanatus,129
WP_189167168,gvpJ,Unknown,Sphaerisporangium melleum,135
WP_184884501,gvpJ,Unknown,Actinomadura livida,144
WP_176103637,gvpJ,Unknown,Streptomyces sp. NA04227,111
WP_172650878,gvpJ,Unknown,Rhodococcus,121
WP_169379575,gvpJ,Unknown,Pseudonocardia acidicola,146
WP_168113174,gvpJ,Unknown,Planosporangium mesophilum,115
WP_168074194,gvpJ,Unknown,Planosporangium flavigriseum,144
WP_167980083,gvpJ,Unknown,Lentzea indica,52
WP_167967473,gvpJ,Unknown,Streptomyces lonarensis,141
WP_164277207,gvpJ,Unknown,Streptomyces sp. SID10692,138
WP_161380892,gvpJ,Unknown,Streptomyces tendae,173
WP_161163568,gvpJ,Unknown,Streptomyces sp. SID5910,114
WP_161150993,gvpJ,Unknown,unclassified Streptomyces,165
WP_161104887,gvpJ,Unknown,Actinomadura rayongensis,91
WP_160913461,gvpJ,Unknown,Halobacillus,96
WP_160825987,gvpJ,Unknown,Actinomadura,146
WP_160693916,gvpJ,Unknown,Amycolatopsis sp. SID8362,105
WP_156689891,gvpJ,Unknown,Mycobacterium sp. Marseille-P9652,136
WP_155547542,gvpJ,Unknown,Amycolatopsis camponoti,105
WP_153815505,gvpJ,Unknown,unclassified Streptomyces,122
WP_145726516,gvpJ,Unknown,Nocardioides sp. J9,77
WP_134717261,gvpJ,Unknown,Nocardioides guangzhouensis,139
WP_132637939,gvpJ,Unknown,Nonomuraea mesophila,135
WP_132512910,gvpJ,Unknown,Nonomuraea diastatica,137
WP_132486625,gvpJ,Unknown,Saccharopolyspora elongata,139
WP_130648927,gvpJ,Unknown,Egicoccus halophilus,321
WP_130291104,gvpJ,Unknown,Pseudonocardia sediminis,127
WP_125938505,gvpJ,Unknown,Streptomyces sp. WAC 06738,175
WP_120732726,gvpJ,Unknown,Micromonospora endolithica,146
WP_101642268,gvpJ,Unknown,Peribacillus deserti,86
WP_100452805,gvpJ,Unknown,Streptomyces,158
WP_098420062,gvpJ,Unknown,unclassified Marinobacter,68
WP_097645788,gvpJ,Unknown,Candidatus Viridilinea mediisalina,75
WP_089061369,gvpJ,Unknown,Virgibacillus phasianinus,86
WP_087560697,gvpJ,Unknown,unclassified Rhodococcus (in: high G+C Gram-positive bacteria),120
WP_086851551,gvpJ,Unknown,Amycolatopsis kentuckyensis,105
WP_076466966,gvpJ,Unknown,Micromonospora avicenniae,125
WP_075232905,gvpJ,Unknown,Mycobacterium colombiense,135
WP_073837853,gvpJ,Unknown,Micromonospora sp. CB01531,141
WP_073202332,gvpJ,Unknown,Gracilibacillus kekensis,83
WP_072947449,gvpJ,Unknown,Rhodococcus koreensis,122
WP_072947445,gvpJ,Unknown,Rhodococcus,137
WP_065057148,gvpJ,Unknown,Mycobacterium colombiense,136
WP_065050977,gvpJ,Unknown,Mycobacterium colombiense,118
WP_063736638,gvpJ,Unknown,Streptomyces sp. RTd22,156
WP_059383529,gvpJ,Unknown,Rhodococcus rhodochrous,124
WP_057604764,gvpJ,Unknown,Streptomyces sp. Root1310,133
WP_055602150,gvpJ,Unknown,Streptomyces aureus,155
WP_054860105,gvpJ,Unknown,Gracilibacillus sp. JCM 18860,86
WP_053237172,gvpJ,Unknown,Sandaracinus amylolyticus,79
WP_052474510,gvpJ,Unknown,Jeotgalibacillus soli,68
WP_051489261,gvpJ,Unknown,Roseivivax halodurans,72
WP_043730570,gvpJ,Unknown,Nocardia asiatica,128
WP_040795605,gvpJ,Unknown,Nocardia higoensis,134
WP_039643410,gvpJ,Unknown,Staphylococcus,115
WP_039206885,gvpJ,Unknown,Brevibacterium linens,144
WP_037878501,gvpJ,Unknown,Streptomyces,164
WP_036324255,gvpJ,Unknown,Microbispora sp. ATCC PTA-5024,134
WP_015323273,gvpJ,Unknown,Natronococcus occultus,121
WP_006932242,gvpJ,Unknown,Rhodococcus,136
WP_005437784,gvpJ,Unknown,Saccharomonospora azurea,122
WP_413805662,gvpJ,Unknown,Streptomyces lacaronensis,147
WP_408642368,gvpJ,Unknown,Sinorhizobium chiapasense,104
WP_406028834,gvpJ,Unknown,Nocardioides sp. NBC_00850,152
WP_405835849,gvpJ,Unknown,Streptomyces platensis,141
WP_404762930,gvpJ,Unknown,Streptomyces fungicidicus,149
WP_403929085,gvpJ,Unknown,Streptomyces virginiae,159
WP_403896174,gvpJ,Unknown,Streptomyces sp. NPDC102274,147
WP_402321574,gvpJ,Unknown,Streptomyces sp. NPDC093105,155
WP_402180207,gvpJ,Unknown,Streptomyces sp. NPDC088358,111
WP_401805710,gvpJ,Unknown,unclassified Streptomyces,156
WP_401740723,gvpJ,Unknown,Streptomyces sp. NPDC087440,127
WP_399746632,gvpJ,Unknown,Streptomyces sp. NPDC053431,151
WP_399710847,gvpJ,Unknown,Streptomyces sp. NPDC085596,156
WP_399659300,gvpJ,Unknown,Streptomyces sioyaensis,144
WP_399589346,gvpJ,Unknown,Streptomyces filamentosus,163
WP_399413491,gvpJ,Unknown,Streptomyces sp. NPDC050416,127
WP_398825192,gvpJ,Unknown,Streptomyces platensis,141
WP_395927298,gvpJ,Unknown,Amycolatopsis sp. NPDC051758,126
WP_395927294,gvpJ,Unknown,Amycolatopsis sp. NPDC051758,61
WP_394382889,gvpJ,Unknown,Streptomyces cacaoi,95
WP_394306374,gvpJ,Unknown,Streptomyces lusitanus,121
WP_394140844,gvpJ,Unknown,Cytobacillus oceanisediminis,86
WP_392270804,gvpJ,Unknown,Streptomyces sp. NPDC015220,121
WP_392000294,gvpJ,Unknown,Streptomyces fradiae,214
WP_391456495,gvpJ,Unknown,Streptomyces microflavus,163
WP_391422489,gvpJ,Unknown,Streptomyces lydicus,156
WP_391321148,gvpJ,Unknown,Streptomyces parvulus,122
WP_390930293,gvpJ,Unknown,Streptomyces collinus,147
WP_390930220,gvpJ,Unknown,Streptomyces collinus,135
WP_390830526,gvpJ,Unknown,Streptomyces sp. NPDC001292,136
WP_390294346,gvpJ,Unknown,Virgibacillus kekensis,88
WP_390052512,gvpJ,Unknown,Streptomyces sp. NPDC058145,177
WP_389976786,gvpJ,Unknown,Streptosporangium sp. NPDC000509,145
WP_389918815,gvpJ,Unknown,Streptomyces sp. NPDC058330,152
WP_389588963,gvpJ,Unknown,Streptomyces sp. NPDC002619,206
WP_388193385,gvpJ,Unknown,Streptomyces platensis,155
WP_387901267,gvpJ,Unknown,Streptomyces argenteolus,152
WP_387657795,gvpJ,Unknown,Nonomuraea sp. NPDC001831,135
WP_387571066,gvpJ,Unknown,Streptomyces abikoensis,117
WP_387279345,gvpJ,Unknown,Micromonospora sp. NPDC006431,158
WP_385913947,gvpJ,Unknown,Streptomyces virginiae,401
WP_385709826,gvpJ,Unknown,Streptomyces sp. NPDC060027,164
WP_385359625,gvpJ,Unknown,Streptomyces sp. NPDC059835,155
WP_385322027,gvpJ,Unknown,unclassified Streptomyces,151
WP_385274211,gvpJ,Unknown,unclassified Streptomyces,151
WP_384438788,gvpJ,Unknown,Streptomyces sp. NPDC059008,166
WP_383821982,gvpJ,Unknown,Streptomyces sp. NPDC057623,161
WP_383809217,gvpJ,Unknown,Streptomyces sp. NPDC058463,152
WP_383619503,gvpJ,Unknown,unclassified Streptomyces,161
WP_383257212,gvpJ,Unknown,Streptomyces sp. NPDC058375,155
WP_383018292,gvpJ,Unknown,Streptomyces sp. NPDC056580,130
WP_382797970,gvpJ,Unknown,Streptomyces roseolus,157
WP_381876318,gvpJ,Unknown,Streptomyces niveus,169
WP_381850675,gvpJ,Unknown,Streptomyces angustmyceticus,123
WP_381694998,gvpJ,Unknown,Streptomyces flaveolus,176
WP_380124816,gvpJ,Unknown,Dactylosporangium cerinum,137
WP_379645863,gvpJ,Unknown,Nonomuraea sp. NPDC059194,118
WP_378755517,gvpJ,Unknown,Nocardia sp. NPDC058499,131
WP_378652137,gvpJ,Unknown,Rhodococcus sp. NPDC056743,136
WP_377013202,gvpJ,Unknown,Arthrobacter sp. GCM10027362,138
WP_375027904,gvpJ,Unknown,Actinomadura sp. GTD37,146
WP_374057089,gvpJ,Unknown,Rossellomorea sp. FM04394,109
WP_373696251,gvpJ,Unknown,Actinomycetospora flava,116
WP_373695093,gvpJ,Unknown,Actinomycetospora aeridis,116
WP_372565891,gvpJ,Unknown,Streptomyces aureus,154
WP_372463143,gvpJ,Unknown,Pseudonocardia kujensis,101
WP_370367547,gvpJ,Unknown,Catenulispora sp. GP43,149
WP_367038594,gvpJ,Unknown,Streptomyces sp. Je 1-332,168
WP_367024580,gvpJ,Unknown,Rossellomorea marisflavi,86
WP_366878310,gvpJ,Unknown,Streptomyces sp. NPDC005474,156
WP_365780962,gvpJ,Unknown,unclassified Streptomyces,158
WP_365767957,gvpJ,Unknown,unclassified Streptomyces,154
WP_365677469,gvpJ,Unknown,Streptomyces sp. NPDC052299,145
WP_365237541,gvpJ,Unknown,Streptomyces tauricus,156
WP_365058857,gvpJ,Unknown,Streptomyces sp. NPDC093982,167
WP_364767584,gvpJ,Unknown,Nonomuraea jabiensis,126
WP_364112522,gvpJ,Unknown,Nonomuraea sp. NPDC049709,121
WP_364067521,gvpJ,Unknown,Amycolatopsis sp. NPDC049253,132
WP_364067153,gvpJ,Unknown,unclassified Amycolatopsis,130
WP_364059842,gvpJ,Unknown,Nonomuraea,110
WP_363711809,gvpJ,Unknown,Kribbella sp. NPDC051936,158
WP_362935280,gvpJ,Unknown,unclassified Streptosporangium,136
WP_362388480,gvpJ,Unknown,Streptomyces sp. NPDC048558,155
WP_362163760,gvpJ,Unknown,Streptomyces sp. NPDC040750,128
WP_361178354,gvpJ,Unknown,unclassified Streptomyces,121
WP_360783480,gvpJ,Unknown,Amycolatopsis sp. NPDC049159,101
WP_360609021,gvpJ,Unknown,Amycolatopsis sp. NPDC023774,132
WP_360607778,gvpJ,Unknown,Amycolatopsis sp. NPDC023774,105
WP_360474602,gvpJ,Unknown,Amycolatopsis sp. NPDC005961,59
WP_359089083,gvpJ,Unknown,Streptomyces smyrnaeus,170
WP_358709256,gvpJ,Unknown,Streptomyces sp. NPDC005879,184
WP_358700711,gvpJ,Unknown,Streptomyces milbemycinicus,164
WP_358655366,gvpJ,Unknown,Streptomyces sp. NPDC005925,158
WP_358538876,gvpJ,Unknown,Saccharomonospora sp. NPDC046836,133
WP_358492619,gvpJ,Unknown,Nonomuraea cavernae,136
WP_358428691,gvpJ,Unknown,Rhodococcus sp. NPDC047139,138
WP_358114800,gvpJ,Unknown,Nocardia fluminea,137
WP_357973618,gvpJ,Unknown,Nocardia fusca,134
WP_357423796,gvpJ,Unknown,Nocardia sp. NPDC024068,130
WP_357374286,gvpJ,Unknown,Nocardia salmonicida,137
WP_355855270,gvpJ,Unknown,unclassified Streptomyces,156
WP_355853070,gvpJ,Unknown,unclassified Streptomyces,145
WP_355809657,gvpJ,Unknown,unclassified Streptomyces,184
WP_355765524,gvpJ,Unknown,Streptomyces clavifer,151
WP_355697500,gvpJ,Unknown,Kribbella sp. NPDC003505,158
WP_355477783,gvpJ,Unknown,Kribbella sp. NPDC003557,156
WP_355240051,gvpJ,Unknown,Nocardia sp. NPDC004568,133
WP_355236296,gvpJ,Unknown,Streptomyces prasinus,321
WP_355173592,gvpJ,Unknown,Streptomyces sp. NPDC003717,113
WP_355171672,gvpJ,Unknown,unclassified Streptomyces,124
WP_355088475,gvpJ,Unknown,Nocardia aurea,131
WP_354936665,gvpJ,Unknown,Actinopolymorpha sp. NPDC004070,245
WP_354930158,gvpJ,Unknown,Actinopolymorpha sp. NPDC004070,385
WP_353946630,gvpJ,Unknown,Streptomyces tabacisoli,114
WP_351113244,gvpJ,Unknown,Streptomyces sp. NPDC002734,195
WP_351013746,gvpJ,Unknown,Streptomyces flaveolus,125
WP_350277957,gvpJ,Unknown,Kribbella sp. HUAS MG21,110
WP_349255599,gvpJ,Unknown,Flexivirga sp.,135
WP_344260359,gvpJ,Unknown,Streptomyces sodiiphilus,155
WP_344217032,gvpJ,Unknown,Nonomuraea,112
WP_332698345,gvpJ,Unknown,Halalkalibacter lacteus,86
WP_332101059,gvpJ,Unknown,Halalkalicoccus,71
WP_330837477,gvpJ,Unknown,Actinophytocola sp.,132
WP_330456348,gvpJ,Unknown,Streptomyces sp. NBC_00820,165
WP_329153984,gvpJ,Unknown,unclassified Streptomyces,154
WP_328396088,gvpJ,Unknown,Nocardia sp. NBC_00416,135
WP_327348050,gvpJ,Unknown,Streptomyces europaeiscabiei,155
WP_327334182,gvpJ,Unknown,Streptomyces anulatus,165
WP_327327734,gvpJ,Unknown,Streptomyces sp. NBC_01210,157
WP_327000066,gvpJ,Unknown,Dactylosporangium sp. NBC_01737,102
WP_326837481,gvpJ,Unknown,Amycolatopsis rhabdoformis,132
WP_326783998,gvpJ,Unknown,Streptomyces sp. NBC_00151,156
WP_326752536,gvpJ,Unknown,Streptomyces hirsutus,154
WP_319980721,gvpJ,Unknown,Lentzea sokolovensis,111
WP_318216809,gvpJ,Unknown,Streptomyces sp. SCL15-6,125
WP_318200479,gvpJ,Unknown,unclassified Streptomyces,71
WP_316198973,gvpJ,Unknown,Bradyrhizobium sp. SZCCHNS2002,203
WP_316190699,gvpJ,Unknown,unclassified Bradyrhizobium,202
WP_307180025,gvpJ,Unknown,Streptomyces africanus,128
WP_307123496,gvpJ,Unknown,Streptomyces sp. B1I3,152
WP_306970534,gvpJ,Unknown,Streptomyces afghaniensis,125
WP_299531600,gvpJ,Unknown,uncultured Streptomyces sp.,156
WP_283481872,gvpJ,Unknown,Methylocystis sp. JR02,195
WP_280463676,gvpJ,Unknown,Nocardia carnea,131
WP_277739508,gvpJ,Unknown,Streptomyces sp. LX-29,162
WP_277739263,gvpJ,Unknown,Streptomyces sp. LX-29,154
WP_277330396,gvpJ,Unknown,Streptomyces sp. JH34,147
WP_277240505,gvpJ,Unknown,Janibacter cremeus,142
WP_275742333,gvpJ,Unknown,Nocardioides sp. YIM 152315,142
WP_275559912,gvpJ,Unknown,Streptomyces sp. 5-6(2022),167
WP_274278943,gvpJ,Unknown,Actinomycetospora lutea,124
WP_274193703,gvpJ,Unknown,Actinomycetospora callitridis,116
WP_273944296,gvpJ,Unknown,Kutzneria chonburiensis,97
WP_272109780,gvpJ,Unknown,Aphanizomenonaceae,44
WP_271279091,gvpJ,Unknown,Nonomuraea ferruginea,127
WP_267055198,gvpJ,Unknown,Streptomyces sp. NBC_00083,152
WP_263168032,gvpJ,Unknown,Streptomyces sp. SCSIO ZS0520,169
WP_258308219,gvpJ,Unknown,Streptomyces sp. NWU339,310
WP_257849274,gvpJ,Unknown,Streptomyces sp. KMM 9044,152
WP_247656775,gvpJ,Unknown,Micromonospora sp. CPCC 206171,143
WP_246100241,gvpJ,Unknown,Stackebrandtia endophytica,132
WP_238469574,gvpJ,Unknown,Streptomyces sp. T7(2022),166
WP_236866526,gvpJ,Unknown,Brevibacterium daeguense,126
WP_236787895,gvpJ,Unknown,Amycolatopsis sp. GM8,131
WP_228868634,gvpJ,Unknown,Streptomyces halstedii,164
WP_226654644,gvpJ,Unknown,Guptibacillus hwajinpoensis,86
WP_225845760,gvpJ,Unknown,Streptomyces sp. HPF1205,157
WP_222968440,gvpJ,Unknown,Nocardia coffeae,137
WP_221826954,gvpJ,Unknown,Neobacillus niacini,75
WP_219157476,gvpJ,Unknown,Streptomyces,152
WP_218079503,gvpJ,Unknown,Anthocerotibacter panamensis,72
WP_216281677,gvpJ,Unknown,Methylosinus sp. KRF6,216
WP_211469293,gvpJ,Unknown,Actinocrinis puniceicyclus,130
WP_210159112,gvpJ,Unknown,Microbispora oryzae,137
WP_209638354,gvpJ,Unknown,Kibdelosporangium banguiense,50
WP_208518720,gvpJ,Unknown,Streptomyces,147
WP_207125559,gvpJ,Unknown,Actinocatenispora comari,219
WP_204767622,gvpJ,Unknown,Lentzea nigeriaca,128
WP_197516138,gvpJ,Unknown,Mycobacterium sp. 1465703.0,91
WP_195091648,gvpJ,Unknown,Nocardia beijingensis,128
WP_195069460,gvpJ,Unknown,Nocardia,136
WP_192582219,gvpJ,Unknown,Streptomyces triticiradicis,155
WP_190388014,gvpJ,Unknown,Aphanizomenon flos-aquae,27
WP_190380338,gvpJ,Unknown,Microcystis wesenbergii,52
WP_190377537,gvpJ,Unknown,unclassified Leptolyngbya,147
WP_190341856,gvpJ,Unknown,Leptolyngbya sp. FACHB-36,112
WP_189189849,gvpJ,Unknown,Streptomyces albiflavescens,164
WP_187065157,gvpJ,Unknown,Streptomyces buecherae,146
WP_185055475,gvpJ,Unknown,Thermocatellispora tengchongensis,128
WP_184573734,gvpJ,Unknown,Streptomyces zagrosensis,150
WP_181783393,gvpJ,Unknown,Pseudonocardia pini,146
WP_181733588,gvpJ,Unknown,Nostocales,36
WP_179814746,gvpJ,Unknown,Allostreptomyces psammosilenae,148
WP_179788994,gvpJ,Unknown,Actinopolymorpha rutila,248
WP_179788302,gvpJ,Unknown,Actinopolymorpha rutila,72
WP_179726165,gvpJ,Unknown,Nocardioides kongjuensis,138
WP_179604378,gvpJ,Unknown,Leifsonia shinshuensis,184
WP_176174455,gvpJ,Unknown,unclassified Amycolatopsis,66
WP_168532278,gvpJ,Unknown,unclassified Streptomyces,110
WP_164434618,gvpJ,Unknown,Streptomyces sp. SID13726,62
WP_164237751,gvpJ,Unknown,Streptomyces cyaneofuscatus,124
WP_163719846,gvpJ,Unknown,Mycolicibacterium psychrotolerans,137
WP_160477580,gvpJ,Unknown,Cereibacter sphaeroides,74
WP_157386647,gvpJ,Unknown,Nocardia terrae,163
WP_157106834,gvpJ,Unknown,Nocardia arthritidis,136
WP_156908464,gvpJ,Unknown,Bradyrhizobium murdochi,99
WP_156215921,gvpJ,Unknown,Actinomadura,144
WP_152347516,gvpJ,Unknown,Brevibacterium,144
WP_152203549,gvpJ,Unknown,Georgenia thermotolerans,138
WP_152004919,gvpJ,Unknown,Desulfoluna spongiiphila,218
WP_141858258,gvpJ,Unknown,Kribbella jejuensis,154
WP_139031432,gvpJ,Unknown,Bradyrhizobium sp. ORS 375,81
WP_138999963,gvpJ,Unknown,Rhodococcus zopfii,63
WP_138650513,gvpJ,Unknown,Actinomadura soli,147
WP_136211211,gvpJ,Unknown,Streptomyces sp. A1136,152
WP_133884830,gvpJ,Unknown,Streptomyces sp. BK208,175
WP_132159823,gvpJ,Unknown,Actinomadura sp. 7K507,144
WP_132017235,gvpJ,Unknown,Hydrogenispora ethanolica,73
WP_131364720,gvpJ,Unknown,Kribbella pittospori,153
WP_130650900,gvpJ,Unknown,Egicoccus halophilus,128
WP_130329451,gvpJ,Unknown,Streptomyces sp. BK022,156
WP_129842513,gvpJ,Unknown,Streptomyces sp. RFCAC02,110
WP_125524067,gvpJ,Unknown,Streptomyces,148
WP_111582891,gvpJ,Unknown,unclassified Streptomyces,122
WP_107117121,gvpJ,Unknown,Streptomyces curacoi,155
WP_106582932,gvpJ,Unknown,Murinocardiopsis flavida,75
WP_103351179,gvpJ,Unknown,Amycolatopsis sp. CA-128772,84
WP_100366352,gvpJ,Unknown,Yoonia maricola,70
WP_098848627,gvpJ,Unknown,Bacillus sp. AFS055030,75
WP_098483490,gvpJ,Unknown,Georgenia soli,133
WP_093841965,gvpJ,Unknown,Streptomyces harbinensis,147
WP_092802773,gvpJ,Unknown,Rhodococcus globerulus,135
WP_084846662,gvpJ,Unknown,Prescottella,132
WP_081223069,gvpJ,Unknown,unclassified Streptomyces,160
WP_079152792,gvpJ,Unknown,Streptomyces,147
WP_079079847,gvpJ,Unknown,Streptomyces,147
WP_077119291,gvpJ,Unknown,Nocardia donostiensis,130
WP_075237671,gvpJ,Unknown,Mycobacterium colombiense,98
WP_073724618,gvpJ,Unknown,unclassified Streptomyces,150
WP_073459026,gvpJ,Unknown,Pseudonocardia thermophila,148
WP_069752515,gvpJ,Unknown,Streptomyces,165
WP_069174164,gvpJ,Unknown,Streptomyces griseus,144
WP_067864059,gvpJ,Unknown,Nocardia shimofusensis,128
WP_067075197,gvpJ,Unknown,Streptomyces hygroscopicus,169
WP_064420737,gvpJ,Unknown,Mycobacterium sp. GA-1285,136
WP_062336517,gvpJ,Unknown,Herbidospora sakaeratensis,144
WP_060889718,gvpJ,Unknown,Streptomyces scabiei,122
WP_056788714,gvpJ,Unknown,Streptomyces,151
WP_054371163,gvpJ,Unknown,Rhodococcus rhodochrous,135
WP_054229547,gvpJ,Unknown,Streptomyces mirabilis,158
WP_052325761,gvpJ,Unknown,Hassallia byssoidea,143
WP_050036172,gvpJ,Unknown,Rhodococcus,128
WP_047019431,gvpJ,Unknown,unclassified Streptomyces,179
WP_044570866,gvpJ,Unknown,Streptomyces iranensis,166
WP_040251377,gvpJ,Unknown,Streptomyces physcomitrii,169
WP_039231074,gvpJ,Unknown,Bacillus thermotolerans,87
WP_037888035,gvpJ,Unknown,Streptomyces sp. NRRL S-87,164
WP_037635903,gvpJ,Unknown,Streptomyces exfoliatus,122
WP_016931790,gvpJ,Unknown,Rhodococcus sp. R1101,128
WP_012690411,gvpJ,Unknown,Rhodococcus opacus,121
WP_411216945,gvpJ,Unknown,Terribacillus saccharophilus,87
WP_411079803,gvpJ,Unknown,Streptomyces sp. cmx-18-6,164
WP_406473225,gvpJ,Unknown,Streptomyces platensis,155
WP_405565395,gvpJ,Unknown,Streptomyces sp. NBC_01180,155
WP_404164721,gvpJ,Unknown,Streptomyces sp. NPDC101112,190
WP_403971479,gvpJ,Unknown,Streptomyces sp. NPDC101118,167
WP_403068853,gvpJ,Unknown,Streptomyces fuscichromogenes,164
WP_402180200,gvpJ,Unknown,Streptomyces sp. NPDC088358,156
WP_402025618,gvpJ,Unknown,Streptomyces sp. NPDC088719,162
WP_401889194,gvpJ,Unknown,Streptomyces sp. NPDC088400,150
WP_401017708,gvpJ,Unknown,Streptomyces halstedii,164
WP_399436627,gvpJ,Unknown,Streptomyces sp. NPDC051561,125
WP_398434786,gvpJ,Unknown,Streptomyces zaomyceticus,149
WP_398194157,gvpJ,Unknown,Streptomyces sp. NPDC016845,134
WP_397394946,gvpJ,Unknown,Promicromonospora sp. NPDC019610,157
WP_397061106,gvpJ,Unknown,Nocardia testacea,133
WP_397044370,gvpJ,Unknown,Nocardia sp. NPDC049526,134
WP_397029541,gvpJ,Unknown,Nocardia sp. NPDC050630,136
WP_397008448,gvpJ,Unknown,Nonomuraea sp. NPDC049714,133
WP_394500758,gvpJ,Unknown,Nonomuraea sp. JJY05,126
WP_394300042,gvpJ,Unknown,Sphaerimonospora cavernae,137
WP_393746685,gvpJ,Unknown,Streptomyces sp. NPDC048521,130
WP_393636817,gvpJ,Unknown,Streptomyces tendae,313
WP_392770132,gvpJ,Unknown,Amycolatopsis sp. NPDC049252,61
WP_392751837,gvpJ,Unknown,Streptomyces abikoensis,117
WP_392751833,gvpJ,Unknown,Streptomyces abikoensis,142
WP_391928843,gvpJ,Unknown,Streptomyces lydicus,156
WP_390952242,gvpJ,Unknown,Streptomyces sp. NPDC008159,189
WP_390729965,gvpJ,Unknown,Streptomyces sp. NPDC001276,132
WP_390648149,gvpJ,Unknown,Streptomyces sp. NPDC001315,110
WP_390447867,gvpJ,Unknown,Streptomyces globisporus,154
WP_390354420,gvpJ,Unknown,Tigheibacillus halophilus,86
WP_390122296,gvpJ,Unknown,Streptomyces xiamenensis,143
WP_389129017,gvpJ,Unknown,Streptomyces sp. NPDC005775,113
WP_388033500,gvpJ,Unknown,Kitasatospora sp. NPDC001540,141
WP_387660336,gvpJ,Unknown,Kribbella sp. NPDC004536,160
WP_387250214,gvpJ,Unknown,Nocardia africana,137
WP_385903181,gvpJ,Unknown,Streptomyces virginiae,154
WP_385848844,gvpJ,Unknown,Streptomyces sp. NPDC059650,161
WP_385414525,gvpJ,Unknown,Streptomyces sp. NPDC059893,160
WP_384850542,gvpJ,Unknown,Streptomyces sp. NPDC059009,142
WP_384532247,gvpJ,Unknown,Streptomyces sp. NPDC058662,157
WP_384493115,gvpJ,Unknown,Streptomyces sp. NPDC058637,154
WP_384327509,gvpJ,Unknown,unclassified Streptomyces,151
WP_383404387,gvpJ,Unknown,unclassified Streptomyces,151
WP_383020950,gvpJ,Unknown,Streptomyces sp. NPDC056835,149
WP_383014328,gvpJ,Unknown,Streptomyces sp. NPDC056580,149
WP_382496236,gvpJ,Unknown,Streptomyces sp. NPDC057002,130
WP_382379809,gvpJ,Unknown,Lentzea rhizosphaerae,120
WP_381650931,gvpJ,Unknown,Streptomyces lydicus,157
WP_381638418,gvpJ,Unknown,Streptomyces kronopolitis,160
WP_381510381,gvpJ,Unknown,Streptomyces chartreusis,148
WP_381243168,gvpJ,Unknown,Streptomyces kaempferi,110
WP_378260658,gvpJ,Unknown,Amycolatopsis pigmentata,54
WP_378054975,gvpJ,Unknown,Actinophytocola glycyrrhizae,128
WP_378054971,gvpJ,Unknown,Actinophytocola glycyrrhizae,117
WP_378035543,gvpJ,Unknown,Actinomycetospora atypica,131
WP_378020505,gvpJ,Unknown,Actinomycetospora rhizophila,125
WP_377209561,gvpJ,Unknown,Promicromonospora sp. NPDC057138,154
WP_367834966,gvpJ,Unknown,Streptomyces rochei,60
WP_366832536,gvpJ,Unknown,Streptomyces sp. NPDC046862,124
WP_366754129,gvpJ,Unknown,Streptomyces sp. NPDC047841,126
WP_364877053,gvpJ,Unknown,Streptomyces anulatus,162
WP_364772048,gvpJ,Unknown,Actinocrispum sp. NPDC049592,110
WP_364525289,gvpJ,Unknown,Streptomyces niveus,161
WP_364475776,gvpJ,Unknown,Nocardia vinacea,134
WP_364059830,gvpJ,Unknown,Nonomuraea,138
WP_363952135,gvpJ,Unknown,Streptosporangium sp. NPDC051022,129
WP_363920588,gvpJ,Unknown,Sphaerisporangium sp. NPDC088356,134
WP_363538949,gvpJ,Unknown,Kitasatospora sp. NPDC093679,148
WP_363326438,gvpJ,Unknown,Haloactinopolyspora sp.,105
WP_362506775,gvpJ,Unknown,Streptomyces sp. NPDC048188,63
WP_362477608,gvpJ,Unknown,Streptomyces xinghaiensis,165
WP_362383115,gvpJ,Unknown,Streptomyces sp. NPDC048558,165
WP_362255003,gvpJ,Unknown,Streptomyces sp. NPDC048002,77
WP_361325316,gvpJ,Unknown,Streptomyces sp. NPDC047046,152
WP_360281175,gvpJ,Unknown,Kribbella sp. NPDC023855,110
WP_360186791,gvpJ,Unknown,unclassified Streptomyces,157
WP_360074356,gvpJ,Unknown,Streptomyces javensis,161
WP_359208723,gvpJ,Unknown,Streptomyces cyaneofuscatus,166
WP_358994717,gvpJ,Unknown,Streptomyces avermitilis,154
WP_358959002,gvpJ,Unknown,unclassified Streptomyces,157
WP_358946504,gvpJ,Unknown,Streptomyces scabiei,171
WP_358757463,gvpJ,Unknown,unclassified Streptomyces,156
WP_358628222,gvpJ,Unknown,Streptomyces sp. NPDC005962,157
WP_358454800,gvpJ,Unknown,Streptomyces lydicus,157
WP_358419347,gvpJ,Unknown,Rhodococcus sp. NPDC047139,133
WP_357781786,gvpJ,Unknown,Nocardia aurea,131
WP_357653754,gvpJ,Unknown,Nonomuraea sp. NPDC050680,131
WP_356747395,gvpJ,Unknown,unclassified Streptomyces,165
WP_356652909,gvpJ,Unknown,Streptomyces sp. NPDC006544,156
WP_356631078,gvpJ,Unknown,Streptomyces sp. NPDC006283,158
WP_355001391,gvpJ,Unknown,unclassified Nocardia,131
WP_354936662,gvpJ,Unknown,Actinopolymorpha sp. NPDC004070,155
WP_354870708,gvpJ,Unknown,Amycolatopsis sp. NPDC005232,132
WP_354849535,gvpJ,Unknown,Amycolatopsis tolypomycina,76
WP_354845844,gvpJ,Unknown,Nocardia sp. NPDC004860,135
WP_354845233,gvpJ,Unknown,Sphaerisporangium,135
WP_354836732,gvpJ,Unknown,unclassified Nocardia,134
WP_354776303,gvpJ,Unknown,Streptomyces avermitilis,154
WP_354773565,gvpJ,Unknown,Dactylosporangium sp. NPDC005572,131
WP_354773553,gvpJ,Unknown,Dactylosporangium sp. NPDC005572,113
WP_349536292,gvpJ,Unknown,Rhodococcus rhodochrous,138
WP_345694419,gvpJ,Unknown,Nonomuraea thailandensis,145
WP_345420716,gvpJ,Unknown,Actinomycetospora chlora,127
WP_345351403,gvpJ,Unknown,Rhodococcus olei,136
WP_344942533,gvpJ,Unknown,Actinomadura,145
WP_344775185,gvpJ,Unknown,Nocardioides panacisoli,144
WP_344587442,gvpJ,Unknown,Actinomadura vinacea,142
WP_344389662,gvpJ,Unknown,Streptomyces vastus,132
WP_344187709,gvpJ,Unknown,Kribbella,152
WP_343990882,gvpJ,Unknown,Terrabacter terrae,135
WP_342070896,gvpJ,Unknown,Yoonia algicola,64
WP_335455068,gvpJ,Unknown,Neobacillus niacini,76
WP_335220432,gvpJ,Unknown,Nostoc sp.,42
WP_334172369,gvpJ,Unknown,Sinomonas sp.,126
WP_331448583,gvpJ,Unknown,Streptomyces,321
WP_330846460,gvpJ,Unknown,Actinophytocola sp.,121
WP_330151980,gvpJ,Unknown,Rhodococcus chondri,124
WP_329318267,gvpJ,Unknown,unclassified Streptomyces,111
WP_329293158,gvpJ,Unknown,unclassified Streptomyces,154
WP_329259817,gvpJ,Unknown,Actinoallomurus,146
WP_328389797,gvpJ,Unknown,Streptomyces sp. NBC_00400,157
WP_328327022,gvpJ,Unknown,unclassified Streptomyces,152
WP_328317710,gvpJ,Unknown,Streptomyces sp. NBC_00388,155
WP_327596617,gvpJ,Unknown,Streptomyces chartreusis,148
WP_327584087,gvpJ,Unknown,Nonomuraea sp. NBC_00507,142
WP_327551542,gvpJ,Unknown,Amycolatopsis sp.,120
WP_327229313,gvpJ,Unknown,Streptomyces murinus,125
WP_327111770,gvpJ,Unknown,Streptomyces sp. NBC_01341,148
WP_325039209,gvpJ,Unknown,Kribbella sp.,149
WP_324929671,gvpJ,Unknown,Mycobacterium sp.,133
WP_324929666,gvpJ,Unknown,Mycobacterium sp.,132
WP_319740779,gvpJ,Unknown,unclassified Streptomyces,152
WP_319699911,gvpJ,Unknown,Streptomyces sp. ME19-01-6,154
WP_311692643,gvpJ,Unknown,Streptomyces gibsoniae,181
WP_310711699,gvpJ,Unknown,unclassified Nonomuraea,140
WP_307624320,gvpJ,Unknown,Streptomyces sp. V3I7,152
WP_307439255,gvpJ,Unknown,Bacillus sp. V2I10,89
WP_295455078,gvpJ,Unknown,uncultured Thiodictyon sp.,61
WP_289976870,gvpJ,Unknown,Streptomyces sp. SRF1,169
WP_289524413,gvpJ,Unknown,Priestia megaterium,92
WP_289339640,gvpJ,Unknown,Neobacillus sp. CF12,77
WP_281877975,gvpJ,Unknown,Nocardia sputorum,135
WP_275092571,gvpJ,Unknown,Sinomonas gamaensis,212
WP_273739774,gvpJ,Unknown,Natrinema soli,119
WP_271823893,gvpJ,Unknown,Dolichospermum circinale,52
WP_271809648,gvpJ,Unknown,Dolichospermum circinale,31
WP_270886806,gvpJ,Unknown,Pedococcus sp. 5OH_020,154
WP_268970236,gvpJ,Unknown,Streptomyces,147
WP_266765146,gvpJ,Unknown,unclassified Streptomyces,107
WP_265363714,gvpJ,Unknown,Streptomyces endophytica,242
WP_259357504,gvpJ,Unknown,Brevibacterium sediminis,144
WP_256652854,gvpJ,Unknown,Streptomyces rugosispiralis,166
WP_247249970,gvpJ,Unknown,Rhodococcus opacus,125
WP_245674564,gvpJ,Unknown,Herbidospora cretacea,138
WP_243877827,gvpJ,Unknown,Streptomyces sp. SUK 48,129
WP_243653792,gvpJ,Unknown,Pseudonocardia endophytica,126
WP_238658299,gvpJ,Unknown,Micromonospora foliorum,123
WP_237554838,gvpJ,Unknown,unclassified Streptomyces,398
WP_236518927,gvpJ,Unknown,Sandaracinus amylolyticus,78
WP_233040737,gvpJ,Unknown,Nocardia yamanashiensis,116
WP_232665599,gvpJ,Unknown,Pseudonocardia sp. TRM90224,152
WP_231992657,gvpJ,Unknown,Mycobacterium sp. 1164985.4,118
WP_231977175,gvpJ,Unknown,unclassified Streptomyces,144
WP_223439387,gvpJ,Unknown,Metabacillus,89
WP_220564421,gvpJ,Unknown,Nocardiopsis,140
WP_206333171,gvpJ,Unknown,Streptomyces,168
WP_204232943,gvpJ,Unknown,Brevibacterium sp. RIT 803,136
WP_196773413,gvpJ,Unknown,Mycobacterium colombiense,68
WP_191311913,gvpJ,Unknown,Amycolatopsis,108
WP_188336016,gvpJ,Unknown,Streptomyces xanthii,104
WP_188188976,gvpJ,Unknown,Nonomuraea sp. SYSU D8015,133
WP_186319277,gvpJ,Unknown,Streptomyces sp. SAJ15,160
WP_184752474,gvpJ,Unknown,Streptosporangium album,139
WP_184730583,gvpJ,Unknown,Saccharopolyspora phatthalungensis,143
WP_184724483,gvpJ,Unknown,Streptosporangium saharense,133
WP_175602630,gvpJ,Unknown,Nonomuraea rhodomycinica,137
WP_174552933,gvpJ,Unknown,Nocardia amamiensis,135
WP_174551935,gvpJ,Unknown,Nocardia salmonicida,137
WP_166188163,gvpJ,Unknown,Nocardioides sp. IC4_145,92
WP_162300543,gvpJ,Unknown,Anaerosacchariphilus polymeriproducens,362
WP_161996496,gvpJ,Unknown,Rhodococcus,77
WP_161207823,gvpJ,Unknown,unclassified Streptomyces,146
WP_160502567,gvpJ,Unknown,Streptomyces sp. BA2,167
WP_159849529,gvpJ,Unknown,Nocardia,136
WP_145773877,gvpJ,Unknown,Micromonospora olivasterospora,123
WP_142105153,gvpJ,Unknown,Pseudonocardia cypriaca,152
WP_139908841,gvpJ,Unknown,Brevibacterium,144
WP_138916182,gvpJ,Unknown,Streptomyces sp. DASNCL29,147
WP_138669035,gvpJ,Unknown,Nonomuraea turkmeniaca,135
WP_134719645,gvpJ,Unknown,Nocardioides guangzhouensis,134
WP_132488304,gvpJ,Unknown,Saccharopolyspora,142
WP_129662235,gvpJ,Unknown,Rothia uropygialis,140
WP_123531112,gvpJ,Unknown,Streptomyces sp. 840.1,113
WP_121549590,gvpJ,Unknown,Streptomyces fungicidicus,149
WP_116708745,gvpJ,Unknown,Actinomycetospora cinnamomea,126
WP_111490992,gvpJ,Unknown,Peterkaempfera bronchialis,150
WP_105416116,gvpJ,Unknown,Rhodococcus opacus,121
WP_093953495,gvpJ,Unknown,Amycolatopsis vastitatis,62
WP_091326180,gvpJ,Unknown,Geodermatophilus ruber,94
WP_089313100,gvpJ,Unknown,Actinomadura mexicana,145
WP_078957276,gvpJ,Unknown,Streptomyces iranensis,123
WP_078661499,gvpJ,Unknown,Streptomyces sp. NRRL B-24484,112
WP_077004989,gvpJ,Unknown,Saccharothrix sp. ALI-22-I,124
WP_076972058,gvpJ,Unknown,Streptomyces,146
WP_076767875,gvpJ,Unknown,Domibacillus epiphyticus,74
WP_075235217,gvpJ,Unknown,Mycobacterium colombiense,133
WP_073951445,gvpJ,Unknown,Streptomyces kebangsaanensis,136
WP_073898490,gvpJ,Unknown,unclassified Streptomyces,132
WP_073771419,gvpJ,Unknown,unclassified Streptomyces,154
WP_072815106,gvpJ,Unknown,Rhodococcus zopfii,63
WP_070879559,gvpJ,Unknown,Metabacillus,86
WP_068046724,gvpJ,Unknown,Nocardia speluncae,130
WP_067783491,gvpJ,Unknown,Nocardia amikacinitolerans,132
WP_067638329,gvpJ,Unknown,Actinomadura latina,145
WP_067376058,gvpJ,Unknown,Mycobacterium sp. 1164966.3,137
WP_063252352,gvpJ,Unknown,Neobacillus niacini,77
WP_062976429,gvpJ,Unknown,Nocardia flavorosea,135
WP_044340214,gvpJ,Unknown,Rossellomorea aquimaris,86
WP_040795602,gvpJ,Unknown,Nocardia higoensis,128
WP_039829099,gvpJ,Unknown,Nocardia testacea,133
WP_038678848,gvpJ,Unknown,Pimelobacter simplex,140
WP_020543737,gvpJ,Unknown,Nonomuraea coxensis,138
WP_019378723,gvpJ,Unknown,Virgibacillus halodenitrificans,86
WP_414512301,gvpJ,Unknown,Synechococcus sp. F70.1,433
WP_414426868,gvpJ,Unknown,Synechococcus sp. H55.8,419
WP_414424133,gvpJ,Unknown,Synechococcus sp. R6-5,424
WP_414349705,gvpJ,Unknown,unclassified Synechococcus,424
WP_413173341,gvpJ,Unknown,Anabaena azotica,148
WP_411253152,gvpJ,Unknown,Neobacillus niacini,78
WP_408996954,gvpJ,Unknown,Streptomyces ipomoeae,71
WP_408630058,gvpJ,Unknown,Actinomycetospora lemnae,126
WP_406389834,gvpJ,Unknown,Streptomyces sp. NBC_00887,151
WP_406068764,gvpJ,Unknown,Streptomyces sp. NBC_01020,150
WP_403939850,gvpJ,Unknown,Streptomyces sp. NPDC096310,151
WP_403896436,gvpJ,Unknown,Streptomyces sp. NPDC096136,163
WP_403160557,gvpJ,Unknown,Streptomyces rubiginosohelvolus,151
WP_400380240,gvpJ,Unknown,Nocardia fluminea,137
WP_398819988,gvpJ,Unknown,Streptomyces cyaneofuscatus,163
WP_398816044,gvpJ,Unknown,Streptomyces rubiginosohelvolus,154
WP_398390239,gvpJ,Unknown,Streptomyces sp. NPDC021080,79
WP_398318684,gvpJ,Unknown,unclassified Streptomyces,123
WP_398312443,gvpJ,Unknown,unclassified Streptomyces,155
WP_398296752,gvpJ,Unknown,Streptomyces sp. NPDC021212,157
WP_398293160,gvpJ,Unknown,Streptomyces sp. NPDC017991,159
WP_398199076,gvpJ,Unknown,Streptomyces vietnamensis,155
WP_398195492,gvpJ,Unknown,Streptomyces sp. NPDC016845,176
WP_398113255,gvpJ,Unknown,Streptomyces sioyaensis,144
WP_397972474,gvpJ,Unknown,Streptomyces sioyaensis,144
WP_397919446,gvpJ,Unknown,Streptomyces sp. NPDC017524,166
WP_397142218,gvpJ,Unknown,Nonomuraea sp. NPDC049400,64
WP_396980045,gvpJ,Unknown,Nocardia gamkensis,128
WP_394140833,gvpJ,Unknown,Cytobacillus oceanisediminis,110
WP_393188659,gvpJ,Unknown,Streptomyces sp. NPDC048512,160
WP_393116350,gvpJ,Unknown,Streptomyces sioyaensis,155
WP_392711750,gvpJ,Unknown,unclassified Streptomyces,125
WP_391956121,gvpJ,Unknown,Streptomyces kanasensis,156
WP_391105994,gvpJ,Unknown,Streptomyces sp. NPDC008137,127
WP_390963767,gvpJ,Unknown,Streptomyces sp. NPDC008125,156
WP_390251824,gvpJ,Unknown,Gracilibacillus xinjiangensis,87
WP_390146441,gvpJ,Unknown,Streptomyces sp. NPDC058045,165
WP_390134394,gvpJ,Unknown,Streptomyces sp. NPDC057950,73
WP_389091748,gvpJ,Unknown,Streptomyces sp. NPDC002742,127
WP_388800604,gvpJ,Unknown,Streptomyces sp. NPDC007808,155
WP_388562712,gvpJ,Unknown,Streptomyces sp. NPDC006463,154
WP_386729920,gvpJ,Unknown,Streptomyces abikoensis,117
WP_386441622,gvpJ,Unknown,Streptomyces sp. NPDC058773,181
WP_386160072,gvpJ,Unknown,Streptosporangium vulgare,147
WP_385138809,gvpJ,Unknown,unclassified Streptomyces,168
WP_384799313,gvpJ,Unknown,Streptomyces sp. NPDC059371,156
WP_384614306,gvpJ,Unknown,Streptomyces sp. NPDC059499,151
WP_383432984,gvpJ,Unknown,unclassified Streptomyces,158
WP_382205771,gvpJ,Unknown,Streptomyces atroolivaceus,150
WP_381901902,gvpJ,Unknown,Streptomyces niveus,152
WP_381690273,gvpJ,Unknown,Streptomyces chartreusis,148
WP_380901714,gvpJ,Unknown,Streptomyces desertarenae,141
WP_379276009,gvpJ,Unknown,Nocardia sp. NPDC059764,135
WP_377228021,gvpJ,Unknown,Promicromonospora sp. NPDC060204,155
WP_376631478,gvpJ,Unknown,Streptomyces sp. NPDC056069,151
WP_376525907,gvpJ,Unknown,Streptomyces niveus,151
WP_374195992,gvpJ,Unknown,Streptomyces sp. TS71-3,192
WP_372459755,gvpJ,Unknown,Nonomuraea cavernae,133
WP_367750893,gvpJ,Unknown,Ammoniphilus sp. 3BR4,120
WP_366879225,gvpJ,Unknown,Methanothrix sp.,58
WP_365523254,gvpJ,Unknown,Streptomyces sp. NPDC051784,148
WP_365387569,gvpJ,Unknown,Streptomyces sp. NPDC051976,154
WP_365374352,gvpJ,Unknown,Streptomyces sp. NPDC051907,155
WP_364589410,gvpJ,Unknown,Amycolatopsis sp. NPDC051716,105
WP_364475770,gvpJ,Unknown,Nocardia vinacea,130
WP_364261018,gvpJ,Unknown,Amycolatopsis sp. NPDC049688,74
WP_364261012,gvpJ,Unknown,Amycolatopsis sp. NPDC049688,108
WP_364112530,gvpJ,Unknown,Nonomuraea sp. NPDC049709,155
WP_363087934,gvpJ,Unknown,unclassified Streptomyces,172
WP_362900504,gvpJ,Unknown,Streptosporangium sp. NPDC049046,143
WP_362288236,gvpJ,Unknown,Streptomyces sparsogenes,175
WP_362138179,gvpJ,Unknown,Streptomyces sp. NPDC029721,170
WP_361624819,gvpJ,Unknown,Streptomyces sp. NPDC046985,84
WP_361510024,gvpJ,Unknown,Streptomyces sp. NPDC046831,194
WP_361351294,gvpJ,Unknown,Streptomyces sp. NPDC046859,156
WP_361062655,gvpJ,Unknown,Streptomyces sp. NPDC046939,100
WP_360281167,gvpJ,Unknown,Kribbella sp. NPDC023855,156
WP_360116549,gvpJ,Unknown,Streptomyces sp. NPDC006971,146
WP_359261797,gvpJ,Unknown,Streptomyces collinus,142
WP_359159138,gvpJ,Unknown,Streptomyces sp. NPDC005805,148
WP_358303450,gvpJ,Unknown,Saccharopolyspora shandongensis,139
WP_358271667,gvpJ,Unknown,unclassified Rhodococcus (in: high G+C Gram-positive bacteria),135
WP_356881456,gvpJ,Unknown,Streptomyces sp. NPDC006296,149
WP_356490765,gvpJ,Unknown,Streptomyces sp. NPDC006552,160
WP_355627372,gvpJ,Unknown,Streptosporangium sp. NPDC006013,144
WP_355439667,gvpJ,Unknown,Nonomuraea sp. NPDC005501,140
WP_351300083,gvpJ,Unknown,Streptomyces mirabilis,158
WP_351184812,gvpJ,Unknown,Streptomyces sp. NPDC002825,145
WP_351141816,gvpJ,Unknown,Streptomyces flaveolus,176
WP_351138098,gvpJ,Unknown,Streptomyces flaveolus,125
WP_351065843,gvpJ,Unknown,Streptomyces sp. NPDC002838,72
WP_349447177,gvpJ,Unknown,Nonomuraea sp. B19D2,95
WP_347210661,gvpJ,Unknown,Streptomyces malaysiensis,147
WP_346112520,gvpJ,Unknown,Nonomuraea maheshkhaliensis,113
WP_345605629,gvpJ,Unknown,Pseudonocardia adelaidensis,148
WP_345551351,gvpJ,Unknown,Streptomyces,155
WP_345476919,gvpJ,Unknown,Nesterenkonia rhizosphaerae,138
WP_345424873,gvpJ,Unknown,Actinomycetospora chlora,119
WP_336108068,gvpJ,Unknown,Priestia megaterium,32
WP_336012557,gvpJ,Unknown,Streptomyces sp. KLMMK,61
WP_334619264,gvpJ,Unknown,Micromonospora sp. CPCC 206061,131
WP_334438298,gvpJ,Unknown,Micromonospora sp. CPCC 206060,105
WP_331270446,gvpJ,Unknown,unclassified Streptomyces,155
WP_330356888,gvpJ,Unknown,Streptomyces,154
WP_330276085,gvpJ,Unknown,Lentzea sp. NBC_00516,111
WP_330228921,gvpJ,Unknown,Nocardia sp. NBC_00508,135
WP_329042484,gvpJ,Unknown,unclassified Streptomyces,148
WP_328666001,gvpJ,Unknown,Streptomyces sp. NBC_00322,145
WP_327159854,gvpJ,Unknown,Streptomyces zaomyceticus,149
WP_326362614,gvpJ,Unknown,Nocardia sp. CDC160,133
WP_326312033,gvpJ,Unknown,Nocardia sp. CDC153,162
WP_325039203,gvpJ,Unknown,Kribbella sp.,51
WP_324768882,gvpJ,Unknown,Streptomyces kunmingensis,169
WP_324632558,gvpJ,Unknown,Phormidium sp. CCY1219,155
WP_324266684,gvpJ,Unknown,Saccharopolyspora mangrovi,140
WP_324165923,gvpJ,Unknown,Amycolatopsis sp.,112
WP_319687591,gvpJ,Unknown,Streptomyces sp. ME19-01-6,170
WP_319152499,gvpJ,Unknown,Streptomyces,154
WP_317818425,gvpJ,Unknown,Streptomyces cyaneofuscatus,166
WP_317546191,gvpJ,Unknown,Rhodococcus globerulus,134
WP_315765568,gvpJ,Unknown,unclassified Bradyrhizobium,202
WP_315701837,gvpJ,Unknown,unclassified Bradyrhizobium,202
WP_308878336,gvpJ,Unknown,Rhodococcus pyridinivorans,132
WP_306073954,gvpJ,Unknown,Neobacillus driksii,76
WP_298331376,gvpJ,Unknown,Haloactinopolyspora sp.,139
WP_285986860,gvpJ,Unknown,unclassified Amycolatopsis,66
WP_276144703,gvpJ,Unknown,Rhodococcus sp. T2V,122
WP_276144675,gvpJ,Unknown,Rhodococcus sp. T2V,121
WP_274046626,gvpJ,Unknown,Streptomyces iconiensis,61
WP_269958086,gvpJ,Unknown,Streptomyces mutabilis,176
WP_268791366,gvpJ,Unknown,Rhodococcus sp. JS3073,122
WP_267065749,gvpJ,Unknown,Streptomyces microflavus,163
WP_265600102,gvpJ,Unknown,Streptomyces sp. VB1,164
WP_264799551,gvpJ,Unknown,Brevibacterium sp. JSBI002,144
WP_244942543,gvpJ,Unknown,Streptomyces sioyaensis,144
WP_244350182,gvpJ,Unknown,Thermostichus vulcanus,438
WP_239679278,gvpJ,Unknown,Natronosporangium hydrolyticum,142
WP_232836342,gvpJ,Unknown,Lentzea terrae,120
WP_231442418,gvpJ,Unknown,Brevibacterium zhoupengii,138
WP_230747329,gvpJ,Unknown,Streptacidiphilus sp. ASG 303,153
WP_229401007,gvpJ,Unknown,Micromonospora okii,144
WP_228375199,gvpJ,Unknown,Cyanophyceae,423
WP_227291955,gvpJ,Unknown,Streptomyces,153
WP_224875782,gvpJ,Unknown,Rossellomorea aquimaris,86
WP_224391822,gvpJ,Unknown,Pseudonocardia sp. ICBG1293,129
WP_218106718,gvpJ,Unknown,Micromonospora pallida,152
WP_215191019,gvpJ,Unknown,Streptomyces sp. McG6,88
WP_213934302,gvpJ,Unknown,Rhodococcus sp. B50,121
WP_209323708,gvpJ,Unknown,Brevibacterium renqingii,142
WP_206006401,gvpJ,Unknown,Rhodococcus pseudokoreensis,142
WP_191066426,gvpJ,Unknown,Streptomyces sp. 5-10,170
WP_190812974,gvpJ,Unknown,Saccharopolyspora pogona,139
WP_189320745,gvpJ,Unknown,Streptomyces flaveus,64
WP_189118602,gvpJ,Unknown,Nocardioides luteus,65
WP_187813592,gvpJ,Unknown,Streptomyces polyasparticus,137
WP_186499699,gvpJ,Unknown,Micromonospora sagamiensis,137
WP_186359147,gvpJ,Unknown,Pseudonocardia sp. C8,127
WP_185727539,gvpJ,Unknown,unclassified Rhodococcus (in: high G+C Gram-positive bacteria),124
WP_183659403,gvpJ,Unknown,Nonomuraea dietziae,146
WP_179183647,gvpJ,Unknown,Streptomyces,149
WP_179079512,gvpJ,Unknown,Streptomyces rectiverticillatus,61
WP_176406763,gvpJ,Unknown,Actinomadura sp. BRA 177,145
WP_174528953,gvpJ,Unknown,Micromonospora maritima,137
WP_173092731,gvpJ,Unknown,Actinomadura,148
WP_172650889,gvpJ,Unknown,Rhodococcus opacus,136
WP_169617603,gvpJ,Unknown,Nodosilinea sp. P-1105,121
WP_169183790,gvpJ,Unknown,Actinomycetospora sp. TBRC 11914,130
WP_164347767,gvpJ,Unknown,Streptomyces halstedii,159
WP_164303959,gvpJ,Unknown,Streptomyces sp. SID14478,62
WP_160095393,gvpJ,Unknown,Rhodococcus sp. T7,120
WP_160095389,gvpJ,Unknown,Rhodococcus sp. T7,138
WP_159918840,gvpJ,Unknown,Rhodococcus,136
WP_157078482,gvpJ,Unknown,Halalkalicoccus paucihalophilus,70
WP_154686655,gvpJ,Unknown,Microlunatus sp. Gsoil 973,182
WP_151169563,gvpJ,Unknown,Streptomyces,163
WP_150491518,gvpJ,Unknown,Streptomyces nitrosporeus,149
WP_139587473,gvpJ,Unknown,Micromonospora orduensis,116
WP_138917512,gvpJ,Unknown,Streptomyces,124
WP_138665245,gvpJ,Unknown,Nonomuraea turkmeniaca,134
WP_137247947,gvpJ,Unknown,Herbidospora galbida,142
WP_136946769,gvpJ,Unknown,Guptibacillus hwajinpoensis,86
WP_134130706,gvpJ,Unknown,Kribbella pratensis,61
WP_133853055,gvpJ,Unknown,Labedaea rhizosphaerae,140
WP_131988719,gvpJ,Unknown,Actinomadura sp. 6K520,144
WP_131736824,gvpJ,Unknown,Actinomadura roseirufa,147
WP_129849990,gvpJ,Unknown,Streptomyces,154
WP_129768319,gvpJ,Unknown,Streptomyces sp. L-9-10,148
WP_128788209,gvpJ,Unknown,Streptomyces,123
WP_128559647,gvpJ,Unknown,Streptomyces triticagri,150
WP_127916582,gvpJ,Unknown,Prescottella agglutinans,133
WP_125313908,gvpJ,Unknown,Amycolatopsis,133
WP_124255381,gvpJ,Unknown,Cereibacter sphaeroides,74
WP_111005698,gvpJ,Unknown,Streptomyces sp. NTH33,123
WP_107472315,gvpJ,Unknown,Streptomyces sp. H-KF8,121
WP_098527527,gvpJ,Unknown,unclassified Bacillus (in: firmicutes),82
WP_097244000,gvpJ,Unknown,Nocardia amikacinitolerans,131
WP_097228147,gvpJ,Unknown,Streptomyces sp. OV198,125
WP_095730191,gvpJ,Unknown,Streptomyces albidoflavus,158
WP_089061366,gvpJ,Unknown,Virgibacillus phasianinus,86
WP_086807421,gvpJ,Unknown,Streptomyces murinus,123
WP_084769393,gvpJ,Unknown,Streptomyces,156
WP_081902445,gvpJ,Unknown,Lentzea,53
WP_076807419,gvpJ,Unknown,Brachybacterium sp. P6-10-X1,133
WP_073678751,gvpJ,Unknown,Mycolicibacterium goodii,148
WP_073500667,gvpJ,Unknown,Actinacidiphila paucisporea,153
WP_072634484,gvpJ,Unknown,unclassified Rhodococcus (in: high G+C Gram-positive bacteria),139
WP_066983184,gvpJ,Unknown,Streptomyces sp. NRRL F-4489,161
WP_066339796,gvpJ,Unknown,Metabacillus,86
WP_063058313,gvpJ,Unknown,Nocardia,133
WP_062430409,gvpJ,Unknown,Herbidospora daliensis,138
WP_060881564,gvpJ,Unknown,Streptomyces scabiei,124
WP_049744883,gvpJ,Unknown,Mycolicibacterium goodii,148
WP_047465415,gvpJ,Unknown,Streptomyces sp. M10,166
WP_045949089,gvpJ,Unknown,Streptomyces katrae,169
WP_043058591,gvpJ,Unknown,Enteractinococcus helveticum,136
WP_042364561,gvpJ,Unknown,Streptacidiphilus neutrinimicus,144
WP_040955028,gvpJ,Unknown,Virgibacillus,86
WP_040868995,gvpJ,Unknown,Nocardia,129
WP_039400856,gvpJ,Unknown,Microbacterium mangrovi,142
WP_036505066,gvpJ,Unknown,Nocardia,139
WP_012690397,gvpJ,Unknown,Rhodococcus opacus,127
WP_005512792,gvpJ,Unknown,Prescottella equi,132
WP_005254360,gvpJ,Unknown,Rhodococcus,122
WP_419897218,gvpJ,Unknown,Roseomonas sp. USHLN139,74
WP_414407138,gvpJ,Unknown,Synechococcus sp. R55.7,424
WP_414100996,gvpJ,Unknown,Lentzea alba,116
WP_414084915,gvpJ,Unknown,Streptomyces asiaticus,131
WP_412797783,gvpJ,Unknown,Streptomyces sp. MS19,117
WP_408008766,gvpJ,Unknown,Pseudalkalibacillus sp. A8,87
WP_406410019,gvpJ,Unknown,Streptomyces halstedii,164
WP_406340101,gvpJ,Unknown,Streptomyces sp. NBC_01620,149
WP_405087447,gvpJ,Unknown,Microbispora sp. NBC_01389,137
WP_403756634,gvpJ,Unknown,Streptomyces sp. NPDC091287,162
WP_403673111,gvpJ,Unknown,Streptomyces sp. NPDC101132,159
WP_403378489,gvpJ,Unknown,Streptomyces griseoflavus,123
WP_400550377,gvpJ,Unknown,Amycolatopsis sp. NPDC088138,100
WP_399854207,gvpJ,Unknown,Streptomyces prasinus,121
WP_399597656,gvpJ,Unknown,Streptomyces afghaniensis,128
WP_399269975,gvpJ,Unknown,Streptomyces sp. NPDC050504,51
WP_399145065,gvpJ,Unknown,Streptomyces sp. NPDC050355,87
WP_398528038,gvpJ,Unknown,Streptomyces sp. NPDC020845,165
WP_398465197,gvpJ,Unknown,Streptomyces sp. NPDC018031,153
WP_398113952,gvpJ,Unknown,Streptomyces sioyaensis,156
WP_397748662,gvpJ,Unknown,Streptomyces fungicidicus,149
WP_397616825,gvpJ,Unknown,Streptomyces afghaniensis,128
WP_397518575,gvpJ,Unknown,Rhodococcus pyridinivorans,101
WP_396253815,gvpJ,Unknown,Kitasatospora sp. NPDC018058,140
WP_396244940,gvpJ,Unknown,Kitasatospora sp. NPDC017646,140
WP_392875974,gvpJ,Unknown,Streptomyces sp. LN499,153
WP_392830186,gvpJ,Unknown,Streptomyces sp. NPDC047725,121
WP_392327306,gvpJ,Unknown,Streptomyces sp. NPDC015127,158
WP_392308943,gvpJ,Unknown,Streptomyces sp. NPDC014889,46
WP_391795649,gvpJ,Unknown,Streptomyces sp. NPDC014676,121
WP_391760252,gvpJ,Unknown,Streptomyces sp. NPDC014656,175
WP_391535200,gvpJ,Unknown,Kitasatospora sp. NPDC008115,142
WP_391311920,gvpJ,Unknown,Streptomyces murinus,123
WP_391073600,gvpJ,Unknown,Streptomyces sp. NPDC007991,128
WP_390794106,gvpJ,Unknown,unclassified Streptomyces,149
WP_389638785,gvpJ,Unknown,Streptomyces sp. NPDC058316,148
WP_389470497,gvpJ,Unknown,Streptomyces sp. NPDC058252,167
WP_389456338,gvpJ,Unknown,Streptomyces sp. NPDC058274,155
WP_389400008,gvpJ,Unknown,Streptomyces sp. NPDC002667,79
WP_387495675,gvpJ,Unknown,Rhodococcus koreensis,121
WP_387485775,gvpJ,Unknown,Rhodococcus koreensis,131
WP_387474841,gvpJ,Unknown,Rhodococcus sp. NPDC003318,134
WP_387436645,gvpJ,Unknown,Rhodococcus aetherivorans,142
WP_387424384,gvpJ,Unknown,Micromonospora sp. NPDC007230,82
WP_387424382,gvpJ,Unknown,Micromonospora sp. NPDC007230,158
WP_387279349,gvpJ,Unknown,Micromonospora sp. NPDC006431,82
WP_387190331,gvpJ,Unknown,Streptomyces sp. NPDC127038,159
WP_387114854,gvpJ,Unknown,Streptomyces sp. NPDC060232,149
WP_386633885,gvpJ,Unknown,unclassified Streptomyces,161
WP_386618484,gvpJ,Unknown,Streptomyces sp. NPDC058762,161
WP_386531470,gvpJ,Unknown,Streptomyces prasinus,321
WP_386444994,gvpJ,Unknown,Streptomyces sp. NPDC058773,156
WP_386170232,gvpJ,Unknown,[Kitasatospora] papulosa,150
WP_386009849,gvpJ,Unknown,Streptomyces tendae,266
WP_385675346,gvpJ,Unknown,Streptomyces sp. NPDC127106,125
WP_385675143,gvpJ,Unknown,Streptomyces sp. NPDC127106,151
WP_385614657,gvpJ,Unknown,Streptomyces sp. NPDC059679,149
WP_385470145,gvpJ,Unknown,unclassified Streptomyces,309
WP_385447331,gvpJ,Unknown,Streptomyces sp. NPDC059850,152
WP_385264423,gvpJ,Unknown,unclassified Streptomyces,155
WP_384663567,gvpJ,Unknown,Streptomyces sp. NPDC059349,156
WP_384207905,gvpJ,Unknown,unclassified Streptomyces,170
WP_384189548,gvpJ,Unknown,unclassified Streptomyces,150
WP_384185896,gvpJ,Unknown,unclassified Streptomyces,165
WP_384060326,gvpJ,Unknown,Streptomyces sp. NPDC058430,173
WP_383905437,gvpJ,Unknown,unclassified Streptomyces,167
WP_383808208,gvpJ,Unknown,unclassified Streptomyces,150
WP_383451581,gvpJ,Unknown,Streptomyces sp. NPDC057740,157
WP_383381713,gvpJ,Unknown,Streptomyces sp. NPDC057877,153
WP_383220703,gvpJ,Unknown,unclassified Streptomyces,159
WP_383187462,gvpJ,Unknown,Streptomyces sp. NPDC057375,161
WP_383158968,gvpJ,Unknown,unclassified Streptomyces,158
WP_383104635,gvpJ,Unknown,Streptomyces scopuliridis,150
WP_382351362,gvpJ,Unknown,Streptomyces mirabilis,158
WP_381627855,gvpJ,Unknown,Streptomyces chartreusis,151
WP_380315556,gvpJ,Unknown,Kitasatospora phosalacinea,140
WP_379560665,gvpJ,Unknown,Oceanobacillus kapialis,86
WP_379263216,gvpJ,Unknown,Nocardia tengchongensis,134
WP_378939328,gvpJ,Unknown,Metabacillus herbersteinensis,86
WP_378883373,gvpJ,Unknown,Nocardioides sp. NPDC057772,65
WP_378835860,gvpJ,Unknown,Nocardioides sp. YIM B13467,150
WP_378464854,gvpJ,Unknown,Rhodococcus sp. NPDC056960,121
WP_378463694,gvpJ,Unknown,Rhodococcus sp. NPDC056960,138
WP_378463693,gvpJ,Unknown,Rhodococcus sp. NPDC056960,121
WP_378453744,gvpJ,Unknown,unclassified Rhodococcus (in: high G+C Gram-positive bacteria),120
WP_378311320,gvpJ,Unknown,Actinomadura luteofluorescens,68
WP_378210860,gvpJ,Unknown,Actinoallomurus acaciae,140
WP_378014960,gvpJ,Unknown,Actinomycetospora chibensis,132
WP_377792411,gvpJ,Unknown,Brachybacterium sp. GCM10030267,137
WP_375803143,gvpJ,Unknown,Salinibacter sp.,129
WP_375128365,gvpJ,Unknown,Nonomuraea sp. GTA35,157
WP_373678943,gvpJ,Unknown,Egicoccus sp. AB-alg2,118
WP_373302175,gvpJ,Unknown,Streptomyces flaveus,135
WP_372452403,gvpJ,Unknown,Nonomuraea harbinensis,126
WP_371945668,gvpJ,Unknown,Actinomadura chokoriensis,145
WP_370622985,gvpJ,Unknown,Streptomyces tsukubensis,340
WP_369636372,gvpJ,Unknown,Nocardia sp. JMUB6875,165
WP_367921070,gvpJ,Unknown,Nocardioides ginsengisoli,140
WP_366624991,gvpJ,Unknown,Spirillospora sp. NPDC029432,148
WP_366390427,gvpJ,Unknown,unclassified Streptomyces,157
WP_366270909,gvpJ,Unknown,Terrabacter sp. NPDC080008,81
WP_365090368,gvpJ,Unknown,Streptomyces cyaneofuscatus,165
WP_364992681,gvpJ,Unknown,Streptomyces kronopolitis,160
WP_364934060,gvpJ,Unknown,Nonomuraea fuscirosea,155
WP_364934053,gvpJ,Unknown,Nonomuraea fuscirosea,114
WP_364630257,gvpJ,Unknown,Amycolatopsis sp. NPDC051371,105
WP_364345831,gvpJ,Unknown,unclassified Nocardia,136
WP_364030116,gvpJ,Unknown,Nonomuraea sp. NPDC049695,105
WP_363488133,gvpJ,Unknown,Kitasatospora sp. NPDC051914,140
WP_363191892,gvpJ,Unknown,Streptomyces sp. NPDC050264,124
WP_361369568,gvpJ,Unknown,Streptomyces sp. NPDC046805,150
WP_361336304,gvpJ,Unknown,Streptomyces sp. NPDC045714,153
WP_360667257,gvpJ,Unknown,Amycolatopsis sp. NPDC048633,57
WP_360515866,gvpJ,Unknown,unclassified Kribbella,150
WP_360474608,gvpJ,Unknown,Amycolatopsis sp. NPDC005961,105
WP_360219207,gvpJ,Unknown,unclassified Kitasatospora,41
WP_359626206,gvpJ,Unknown,Streptomyces anulatus,162
WP_359064741,gvpJ,Unknown,Streptomyces sp. NPDC005728,169
WP_358880389,gvpJ,Unknown,Streptomyces sp. NPDC005953,154
WP_358675920,gvpJ,Unknown,Pseudonocardia sp. NPDC049635,128
WP_358328141,gvpJ,Unknown,unclassified Nonomuraea,137
WP_358289862,gvpJ,Unknown,unclassified Nonomuraea,139
WP_357909452,gvpJ,Unknown,Micromonospora purpureochromogenes,122
WP_357822105,gvpJ,Unknown,Nonomuraea sp. NPDC046802,126
WP_357706443,gvpJ,Unknown,unclassified Nonomuraea,119
WP_357653837,gvpJ,Unknown,Nonomuraea sp. NPDC050680,125
WP_357462087,gvpJ,Unknown,unclassified Micromonospora,122
WP_357446599,gvpJ,Unknown,unclassified Micromonospora,157
WP_357334318,gvpJ,Unknown,Micromonospora sp. NPDC023966,128
WP_357278076,gvpJ,Unknown,Nocardia sp. NPDC005746,135
WP_357232764,gvpJ,Unknown,Nocardia sp. NPDC019395,134
WP_356294391,gvpJ,Unknown,Streptomyces flaveolus,125
WP_356018356,gvpJ,Unknown,Streptomyces sp. NPDC005132,135
WP_356005895,gvpJ,Unknown,unclassified Streptomyces,153
WP_355990921,gvpJ,Unknown,Streptomyces collinus,134
WP_355173602,gvpJ,Unknown,Streptomyces sp. NPDC003717,193
WP_353587628,gvpJ,Unknown,unclassified Streptomyces,160
WP_352391792,gvpJ,Unknown,Streptomyces sp. NPDC097941,111
WP_352308621,gvpJ,Unknown,Streptomyces sp. 900116325,154
WP_352161679,gvpJ,Unknown,Streptomyces viridosporus,177
WP_352014143,gvpJ,Unknown,Streptosporangium sp. NPDC000239,137
WP_351821248,gvpJ,Unknown,unclassified Streptomyces,157
WP_351661049,gvpJ,Unknown,unclassified Streptomyces,181
WP_351591382,gvpJ,Unknown,Streptomyces sp. NPDC094031,129
WP_351557123,gvpJ,Unknown,Streptomyces sp. NPDC002688,154
WP_351041491,gvpJ,Unknown,Streptomyces anulatus,162
WP_349301104,gvpJ,Unknown,Pseudonocardia nematodicida,128
WP_349256053,gvpJ,Unknown,Segeticoccus sp.,137
WP_348530281,gvpJ,Unknown,Methanothrix sp.,41
WP_347679761,gvpJ,Unknown,Actinocorallia sp. B10E7,146
WP_346842859,gvpJ,Unknown,Rhodococcus sp. A14,106
WP_346176610,gvpJ,Unknown,Streptomyces cuspidosporus,177
WP_345583687,gvpJ,Unknown,Streptomyces prasinosporus,121
WP_345560839,gvpJ,Unknown,Nonomuraea rosea,32
WP_345515857,gvpJ,Unknown,Streptomyces yanii,147
WP_345459779,gvpJ,Unknown,Actinoallomurus oryzae,141
WP_345181821,gvpJ,Unknown,Actinomadura,144
WP_344730261,gvpJ,Unknown,Pseudonocardia yunnanensis,142
WP_344616500,gvpJ,Unknown,Dactylosporangium salmoneum,134
WP_344550446,gvpJ,Unknown,Kitasatospora saccharophila,132
WP_335576482,gvpJ,Unknown,Priestia megaterium,40
WP_335463991,gvpJ,Unknown,Neobacillus drentensis,76
WP_334614558,gvpJ,Unknown,Micromonospora psammae,141
WP_331169323,gvpJ,Unknown,Pseudonocardia sp.,150
WP_329895208,gvpJ,Unknown,unclassified Streptomyces,174
WP_329433169,gvpJ,Unknown,Streptomyces sp. NBC_01280,126
WP_329303110,gvpJ,Unknown,Streptomyces sp. NBC_00659,156
WP_329217508,gvpJ,Unknown,Streptomyces sp. NBC_01485,165
WP_329158086,gvpJ,Unknown,Streptomyces anulatus,162
WP_329054513,gvpJ,Unknown,Amycolatopsis sp. NBC_01488,105
WP_329027939,gvpJ,Unknown,Streptomyces sp. NBC_00690,157
WP_328897717,gvpJ,Unknown,unclassified Streptomyces,150
WP_328452951,gvpJ,Unknown,unclassified Amycolatopsis,61
WP_325105285,gvpJ,Unknown,Segeticoccus sp.,76
WP_319128607,gvpJ,Unknown,Streptomyces europaeiscabiei,155
WP_318215848,gvpJ,Unknown,Streptomyces sp. SCL15-6,176
WP_299745357,gvpJ,Unknown,unclassified Rossellomorea,86
WP_290603048,gvpJ,Unknown,Anabaena sp. AL93,56
WP_283480422,gvpJ,Unknown,Rhodococcus rhodochrous,138
WP_280783769,gvpJ,Unknown,Rhodococcus,127
WP_275528732,gvpJ,Unknown,Streptomyces sp. AM 3-1-1,151
WP_274233526,gvpJ,Unknown,Actinomycetospora straminea,114
WP_272110832,gvpJ,Unknown,Sphaerospermopsis kisseleviana,41
WP_271158034,gvpJ,Unknown,Streptomyces sp. AD681,313
WP_271136903,gvpJ,Unknown,Teichococcus cervicalis,67
WP_269647353,gvpJ,Unknown,Streptomyces sp. ActVer,190
WP_268790410,gvpJ,Unknown,Rhodococcus sp. JS3073,121
WP_268575657,gvpJ,Unknown,Priestia megaterium,62
WP_266498802,gvpJ,Unknown,Streptomyces sp. NBC_00878,138
WP_264152637,gvpJ,Unknown,Rhodococcus sacchari,137
WP_262702878,gvpJ,Unknown,Streptomyces,169
WP_257921031,gvpJ,Unknown,Amycolatopsis iheyensis,100
WP_253873584,gvpJ,Unknown,Actinomadura rupiterrae,149
WP_250355550,gvpJ,Unknown,Actinomadura madurae,145
WP_239766654,gvpJ,Unknown,Streptomyces,125
WP_239114507,gvpJ,Unknown,Planotetraspora mira,166
WP_232870404,gvpJ,Unknown,Pseudonocardia kujensis,145
WP_226726020,gvpJ,Unknown,Streptomyces antimicrobicus,163
WP_217168203,gvpJ,Unknown,Streptomyces sp. AC512_CC834,159
WP_210584895,gvpJ,Unknown,Streptomyces sp. GESEQ-35,122
WP_206893715,gvpJ,Unknown,Bacillus sp. NTK071,86
WP_204988865,gvpJ,Unknown,Sporohalobacter salinus,111
WP_200359083,gvpJ,Unknown,Rhodococcus pyridinivorans,136
WP_189980064,gvpJ,Unknown,Streptomyces capoamus,124
WP_186778709,gvpJ,Unknown,Streptomyces salinarius,160
WP_184981438,gvpJ,Unknown,Sphaerisporangium rubeum,131
WP_184981428,gvpJ,Unknown,Sphaerisporangium rubeum,82
WP_175648088,gvpJ,Unknown,Nocardia donostiensis,134
WP_165271129,gvpJ,Unknown,Streptomyces scabichelini,64
WP_165239177,gvpJ,Unknown,Streptomyces coryli,147
WP_164444141,gvpJ,Unknown,Streptomyces sp. SID9913,158
WP_164416523,gvpJ,Unknown,Streptomyces,161
WP_160028538,gvpJ,Unknown,unclassified Nocardioides,65
WP_154791957,gvpJ,Unknown,Nocardia aurantiaca,134
WP_151578950,gvpJ,Unknown,Pimelobacter simplex,139
WP_145815282,gvpJ,Unknown,Micromonospora sagamiensis,121
WP_143634663,gvpJ,Unknown,unclassified Streptomyces,150
WP_142624472,gvpJ,Unknown,Microbispora hainanensis,137
WP_138914122,gvpJ,Unknown,Streptomyces,160
WP_138444986,gvpJ,Unknown,Sinomonas susongensis,232
WP_131884397,gvpJ,Unknown,Actinomadura sp. KC345,143
WP_131153683,gvpJ,Unknown,Egibacter rhizosphaerae,132
WP_129842516,gvpJ,Unknown,Streptomyces sp. RFCAC02,133
WP_125819918,gvpJ,Unknown,Streptomyces,66
WP_125036270,gvpJ,Unknown,Nocardioides sp. LS1,134
WP_120329595,gvpJ,Unknown,Micromonospora globbae,125
WP_119589904,gvpJ,Unknown,Streptomyces scabiei,174
WP_114722803,gvpJ,Unknown,unclassified Rhodococcus (in: high G+C Gram-positive bacteria),132
WP_114030244,gvpJ,Unknown,Sphaerisporangium album,136
WP_104370981,gvpJ,Unknown,Desulfocucumis palustris,64
WP_099014712,gvpJ,Unknown,Streptomyces,169
WP_097972807,gvpJ,Unknown,Streptomyces sp. gb14,152
WP_091090546,gvpJ,Unknown,Nonomuraea wenchangensis,112
WP_088228085,gvpJ,Unknown,Desulfosporosinus sp. FKB,73
WP_078859935,gvpJ,Unknown,Streptomyces,148
WP_078647129,gvpJ,Unknown,Streptomyces,150
WP_078559206,gvpJ,Unknown,Streptomyces,147
WP_077797105,gvpJ,Unknown,Streptomyces sp. JHA26,120
WP_074933515,gvpJ,Unknown,Rhodococcus koreensis,127
WP_072946790,gvpJ,Unknown,Rhodococcus koreensis,131
WP_059144697,gvpJ,Unknown,Streptomyces,162
WP_053685757,gvpJ,Unknown,Streptomyces sp. IGB124,155
WP_052667822,gvpJ,Unknown,Nitriliruptor alkaliphilus,139
WP_046778345,gvpJ,Unknown,Streptomyces yangpuensis,151
WP_046731484,gvpJ,Unknown,Streptomyces humi,128
WP_039829103,gvpJ,Unknown,Nocardia testacea,130
WP_414509911,gvpJ,Unknown,Synechococcus sp. OH20,419
WP_414422292,gvpJ,Unknown,Synechococcus sp. W60.1,424
WP_414416618,gvpJ,Unknown,Synechococcus sp. R55.8,424
WP_414343231,gvpJ,Unknown,unclassified Synechococcus,424
WP_412834431,gvpJ,Unknown,Pseudonocardia sp. RS010,145
WP_410949446,gvpJ,Unknown,Pseudonocardia nantongensis,129
WP_406376293,gvpJ,Unknown,Streptomyces sp. NBC_00647,157
WP_404150791,gvpJ,Unknown,Streptomyces sp. NPDC102467,134
WP_404030734,gvpJ,Unknown,Streptomyces sp. NPDC101171,181
WP_403611636,gvpJ,Unknown,Streptomyces sp. NPDC096152,178
WP_401918615,gvpJ,Unknown,Streptomyces sp. NPDC088147,149
WP_401766319,gvpJ,Unknown,Streptomyces sp. NPDC088745,134
WP_401636108,gvpJ,Unknown,Streptomyces sp. NPDC091294,173
WP_398056804,gvpJ,Unknown,unclassified Streptomyces,123
WP_395961168,gvpJ,Unknown,Actinomadura sp. 6N118,144
WP_393429940,gvpJ,Unknown,Mycobacterium sp. NPDC048908,150
WP_392079462,gvpJ,Unknown,unclassified Streptomyces,133
WP_389061055,gvpJ,Unknown,Streptomyces sp. NPDC005780,150
WP_388887075,gvpJ,Unknown,Streptomyces sp. NPDC004134,172
WP_388761820,gvpJ,Unknown,unclassified Streptomyces,148
WP_388504878,gvpJ,Unknown,Streptomyces sp. NPDC001978,201
WP_388093191,gvpJ,Unknown,Streptomyces prasinus,316
WP_387976594,gvpJ,Unknown,Streptomyces globisporus,154
WP_387407074,gvpJ,Unknown,Nocardia jiangxiensis,137
WP_387225363,gvpJ,Unknown,Streptomyces sp. NPDC060366,161
WP_386921195,gvpJ,Unknown,Actinomadura viridis,149
WP_385916841,gvpJ,Unknown,Streptomyces tendae,266
WP_385883705,gvpJ,Unknown,unclassified Streptomyces,157
WP_385621558,gvpJ,Unknown,Streptomyces sp. NPDC060022,151
WP_384139132,gvpJ,Unknown,unclassified Streptomyces,155
WP_383315867,gvpJ,Unknown,Streptomyces sp. NPDC057302,172
WP_382481283,gvpJ,Unknown,Streptomyces sp. NPDC056949,186
WP_378939334,gvpJ,Unknown,Metabacillus herbersteinensis,86
WP_377445905,gvpJ,Unknown,Rhodococcus aetherivorans,139
WP_376905824,gvpJ,Unknown,Brevibacterium sediminis,144
WP_371792037,gvpJ,Unknown,Streptomyces sp. NBC_01471,155
WP_366576403,gvpJ,Unknown,Streptomyces caniferus,157
WP_365605149,gvpJ,Unknown,unclassified Streptomyces,170
WP_363329586,gvpJ,Unknown,Streptomyces physcomitrii,174
WP_359739563,gvpJ,Unknown,Streptomyces prasinus,321
WP_359402423,gvpJ,Unknown,Streptomyces flaveolus,176
WP_359235215,gvpJ,Unknown,Streptomyces smyrnaeus,173
WP_359135240,gvpJ,Unknown,unclassified Streptomyces,113
WP_359111115,gvpJ,Unknown,Streptomyces atratus,158
WP_358604869,gvpJ,Unknown,Saccharopolyspora sp. NPDC050389,140
WP_357446605,gvpJ,Unknown,unclassified Micromonospora,82
WP_356126564,gvpJ,Unknown,Streptomyces sp. NPDC005318,151
WP_355594279,gvpJ,Unknown,Streptosporangium sp. NPDC006007,134
WP_355559179,gvpJ,Unknown,Streptosporangium sp. NPDC005286,144
WP_351685136,gvpJ,Unknown,unclassified Streptomyces,108
WP_351012814,gvpJ,Unknown,Streptomyces flaveolus,177
WP_350712777,gvpJ,Unknown,Nocardioides sp. NPDC000445,150
WP_350664878,gvpJ,Unknown,Nocardioides sp. NPDC127503,65
WP_348605323,gvpJ,Unknown,Prescottella soli,67
WP_347616819,gvpJ,Unknown,unclassified Nonomuraea,135
WP_347548461,gvpJ,Unknown,Guptibacillus hwajinpoensis,86
WP_346183615,gvpJ,Unknown,Streptomyces osmaniensis,151
WP_344974866,gvpJ,Unknown,Streptosporangium fragile,148
WP_344386242,gvpJ,Unknown,Streptomyces,162
WP_340605260,gvpJ,Unknown,Halalkalicoccus tibetensis,67
WP_331112655,gvpJ,Unknown,Oryzihumus sp.,142
WP_331098483,gvpJ,Unknown,Archangium sp.,86
WP_330257877,gvpJ,Unknown,Streptomyces murinus,123
WP_329930261,gvpJ,Unknown,Streptomyces sp. SP17BM10,148
WP_329525209,gvpJ,Unknown,Streptomyces sp. NBC_01462,110
WP_329506314,gvpJ,Unknown,Streptomyces chiangmaiensis,52
WP_329432464,gvpJ,Unknown,Streptomyces sp. NBC_01280,153
WP_328673119,gvpJ,Unknown,unclassified Streptomyces,156
WP_327152990,gvpJ,Unknown,Streptomyces,156
WP_327110284,gvpJ,Unknown,Nocardia sp. NBC_01730,135
WP_325667752,gvpJ,Unknown,Mycobacterium sp.,139
WP_325148836,gvpJ,Unknown,Amycolatopsis sp.,112
WP_318811019,gvpJ,Unknown,Streptomyces scabiei,173
WP_315073098,gvpJ,Unknown,uncultured Clostridium sp.,364
WP_311628745,gvpJ,Unknown,Streptomyces boetiae,146
WP_311559822,gvpJ,Unknown,Pseudonocardia charpentierae,57
WP_308717683,gvpJ,Unknown,Phytohabitans maris,109
WP_295435331,gvpJ,Unknown,uncultured Thiodictyon sp.,58
WP_286023184,gvpJ,Unknown,Streptomyces anulatus,162
WP_285103320,gvpJ,Unknown,Promicromonospora sp. MEB111,162
WP_276144481,gvpJ,Unknown,Rhodococcus sp. T2V,121
WP_276108390,gvpJ,Unknown,Streptomyces tropicalis,159
WP_274231160,gvpJ,Unknown,Actinomycetospora straminea,126
WP_266976515,gvpJ,Unknown,unclassified Streptomyces,157
WP_263546987,gvpJ,Unknown,Streptomyces sp. ICN988,152
WP_256641269,gvpJ,Unknown,Streptomyces murinus,123
WP_228992178,gvpJ,Unknown,Streptomyces sp. DH8,154
WP_224880173,gvpJ,Unknown,Guptibacillus algicola,86
WP_221177037,gvpJ,Unknown,Nocardioides pocheonensis,72
WP_208545388,gvpJ,Unknown,Streptomyces sp. Tu 2975,161
WP_184727940,gvpJ,Unknown,Saccharopolyspora phatthalungensis,113
WP_179722670,gvpJ,Unknown,Saccharopolyspora hordei,138
WP_176709914,gvpJ,Unknown,Streptomyces sp. Wb2n-11,146
WP_169412729,gvpJ,Unknown,Pseudonocardia bannensis,153
WP_164401135,gvpJ,Unknown,Streptomyces sp. SID9727,142
WP_164189807,gvpJ,Unknown,Streptomyces bauhiniae,174
WP_163836688,gvpJ,Unknown,Spartinivicinus ruber,105
WP_145860453,gvpJ,Unknown,Trebonia kvetii,129
WP_128107218,gvpJ,Unknown,Mycolicibacterium elephantis,127
WP_119700209,gvpJ,Unknown,Rhodococcus,140
WP_105995880,gvpJ,Unknown,Staphylococcus agnetis,115
WP_104786027,gvpJ,Unknown,Streptomyces sp. QL37,147
WP_095224214,gvpJ,Unknown,Bacillaceae,87
WP_063058309,gvpJ,Unknown,Nocardia sienata,137
WP_040790006,gvpJ,Unknown,Nocardia paucivorans,130
WP_414377506,gvpJ,Unknown,Synechococcus sp. H60.2,419
WP_414375416,gvpJ,Unknown,unclassified Synechococcus,424
WP_414347704,gvpJ,Unknown,Synechococcus sp. H55.11,419
WP_411268398,gvpJ,Unknown,Nonomuraea sp. PA05,144
WP_409293096,gvpJ,Unknown,Paraperibacillus esterisolvens,87
WP_409293092,gvpJ,Unknown,Paraperibacillus esterisolvens,86
WP_409274764,gvpJ,Unknown,Neobacillus oceani,87
WP_407697904,gvpJ,Unknown,Streptomyces kaniharaensis,141
WP_407312188,gvpJ,Unknown,Desulfosporosinus paludis,74
WP_407041241,gvpJ,Unknown,Rhodococcus ruber,140
WP_406143329,gvpJ,Unknown,Streptomyces sp. NBC_01012,150
WP_405859901,gvpJ,Unknown,Streptomyces sp. NBC_00090,157
WP_405859895,gvpJ,Unknown,Streptomyces sp. NBC_00090,122
WP_405148022,gvpJ,Unknown,Sphaerisporangium sp. NBC_01403,135
WP_404232032,gvpJ,Unknown,unclassified Streptomyces,161
WP_404189343,gvpJ,Unknown,Streptomyces tauricus,159
WP_403555482,gvpJ,Unknown,Streptomyces sp. NPDC097107,173
WP_403518834,gvpJ,Unknown,Streptomyces sp. NPDC093586,121
WP_403383691,gvpJ,Unknown,Streptomyces bauhiniae,157
WP_401794385,gvpJ,Unknown,Streptomyces hygroscopicus,147
WP_401721910,gvpJ,Unknown,Streptomyces angustmyceticus,123
WP_401558438,gvpJ,Unknown,Streptomyces chartreusis,151
WP_401468267,gvpJ,Unknown,unclassified Streptomyces,151
WP_400062670,gvpJ,Unknown,Streptomyces sp. NPDC053427,156
WP_399949286,gvpJ,Unknown,Streptomyces sp. NPDC086023,167
WP_399799834,gvpJ,Unknown,Streptomyces sp. NPDC085927,156
WP_398082905,gvpJ,Unknown,Streptomyces pratensis,150
WP_398041236,gvpJ,Unknown,Streptomyces sioyaensis,144
WP_397956523,gvpJ,Unknown,Streptomyces sp. NPDC017638,71
WP_397792276,gvpJ,Unknown,Streptomyces exfoliatus,158
WP_397655682,gvpJ,Unknown,Streptomyces globisporus,154
WP_397518579,gvpJ,Unknown,Rhodococcus pyridinivorans,53
WP_397112918,gvpJ,Unknown,Nonomuraea sp. NPDC049480,111
WP_393692209,gvpJ,Unknown,Streptomyces sp. NPDC048182,113
WP_393547314,gvpJ,Unknown,unclassified Streptomyces,156
WP_393165400,gvpJ,Unknown,Nonomuraea marmarensis,51
WP_393128264,gvpJ,Unknown,Streptomyces sp. NPDC048111,151
WP_392838254,gvpJ,Unknown,Sphaerisporangium sp. NPDC049003,134
WP_392596487,gvpJ,Unknown,Spirillospora sp. NPDC048911,144
WP_392297887,gvpJ,Unknown,Streptomyces sp. NPDC015130,160
WP_392014243,gvpJ,Unknown,Streptomyces omiyaensis,166
WP_392000612,gvpJ,Unknown,Streptomyces fradiae,149
WP_391867631,gvpJ,Unknown,Streptomyces lydicus,167
WP_391719536,gvpJ,Unknown,Streptomyces viridosporus,128
WP_391649325,gvpJ,Unknown,Streptomyces sp. NPDC014684,130
WP_391535204,gvpJ,Unknown,Kitasatospora sp. NPDC008115,150
WP_391395596,gvpJ,Unknown,Streptomyces sp. NPDC008343,163
WP_391331585,gvpJ,Unknown,Streptomyces sp. NPDC007905,141
WP_391110177,gvpJ,Unknown,Streptomyces albogriseolus,121
WP_389921163,gvpJ,Unknown,Streptosporangium sp. NPDC002721,146
WP_389130329,gvpJ,Unknown,Streptomyces sp. NPDC002467,155
WP_388922732,gvpJ,Unknown,Streptomyces sp. NPDC005774,156
WP_388188748,gvpJ,Unknown,Streptomyces hirsutus,153
WP_388180990,gvpJ,Unknown,Streptomyces rubiginosohelvolus,150
WP_388069547,gvpJ,Unknown,Streptomyces collinus,134
WP_388068759,gvpJ,Unknown,Streptomyces collinus,157
WP_387595211,gvpJ,Unknown,Streptomyces buecherae,146
WP_387563802,gvpJ,Unknown,Streptomyces californicus,149
WP_387476786,gvpJ,Unknown,Rhodococcus sp. NPDC003318,132
WP_387297188,gvpJ,Unknown,Streptomyces sp. NPDC127066,157
WP_387092051,gvpJ,Unknown,Streptomyces sp. NPDC127098,162
WP_386431338,gvpJ,Unknown,Streptomyces polygonati,156
WP_386021333,gvpJ,Unknown,Streptomyces sp. YIM B13518,121
WP_385996422,gvpJ,Unknown,Streptomyces virginiae,154
WP_385691798,gvpJ,Unknown,Streptomyces sp. NPDC127114,152
WP_385619155,gvpJ,Unknown,Streptomyces sp. NPDC059679,162
WP_385511978,gvpJ,Unknown,Streptomyces sp. NPDC059656,35
WP_385497640,gvpJ,Unknown,Streptomyces sp. NPDC060035,151
WP_385457076,gvpJ,Unknown,Streptomyces sp. NPDC060030,147
WP_385392880,gvpJ,Unknown,Streptomyces sp. NPDC059618,155
WP_385340629,gvpJ,Unknown,Streptomyces sp. NPDC059590,167
WP_385076159,gvpJ,Unknown,Streptomyces sp. NPDC059441,158
WP_384684338,gvpJ,Unknown,Streptomyces sp. NPDC059262,166
WP_383790430,gvpJ,Unknown,Streptomyces sp. NPDC058542,153
WP_383662560,gvpJ,Unknown,Streptomyces sp. NPDC056549,160
WP_383660705,gvpJ,Unknown,unclassified Streptomyces,160
WP_383562680,gvpJ,Unknown,Streptomyces sp. NPDC057287,148
WP_383535898,gvpJ,Unknown,Streptomyces sp. NPDC056500,153
WP_383030423,gvpJ,Unknown,Streptomyces scopuliridis,150
WP_383006591,gvpJ,Unknown,Streptomyces sp. NPDC056910,153
WP_382772271,gvpJ,Unknown,unclassified Streptomyces,173
WP_382478876,gvpJ,Unknown,unclassified Streptomyces,150
WP_381228377,gvpJ,Unknown,Streptomyces caelestis,309
WP_381090610,gvpJ,Unknown,Streptomyces griseosporeus,120
WP_381033070,gvpJ,Unknown,Streptomyces coeruleorubidus,128
WP_381031256,gvpJ,Unknown,Streptomyces hirsutus,155
WP_380907955,gvpJ,Unknown,Streptomyces decoyicus,158
WP_380582386,gvpJ,Unknown,Streptacidiphilus monticola,67
WP_378732647,gvpJ,Unknown,unclassified Nocardioides,65
WP_378465551,gvpJ,Unknown,Rhodococcus sp. NPDC056960,114
WP_378459277,gvpJ,Unknown,Rhodococcus sp. NPDC127530,116
WP_378459234,gvpJ,Unknown,Rhodococcus sp. NPDC127530,40
WP_378453207,gvpJ,Unknown,Rhodococcus sp. NPDC127593,137
WP_378440997,gvpJ,Unknown,Rhodococcus sp. NPDC057014,127
WP_378194283,gvpJ,Unknown,Amycolatopsis plumensis,108
WP_377209556,gvpJ,Unknown,Promicromonospora sp. NPDC057138,318
WP_375944087,gvpJ,Unknown,Kitasatospora sp. NPDC056138,147
WP_374342881,gvpJ,Unknown,Streptomyces,129
WP_374196272,gvpJ,Unknown,Streptomyces sp. ISL-10,143
WP_372670060,gvpJ,Unknown,Amycolatopsis kentuckyensis,105
WP_372482140,gvpJ,Unknown,Streptomyces glomeratus,163
WP_372463489,gvpJ,Unknown,Streptomyces spinosus,128
WP_372448891,gvpJ,Unknown,Saccharopolyspora endophytica,139
WP_371954092,gvpJ,Unknown,Actinomadura monticuli,145
WP_371613293,gvpJ,Unknown,Streptomyces clavifer,151
WP_367750895,gvpJ,Unknown,Ammoniphilus sp. 3BR4,76
WP_367742787,gvpJ,Unknown,Microbispora sp. NPDC049125,132
WP_367212640,gvpJ,Unknown,Streptomyces decoyicus,157
WP_365886465,gvpJ,Unknown,Streptomyces sp. NPDC053728,149
WP_364841059,gvpJ,Unknown,Streptomyces lydicus,156
WP_364823990,gvpJ,Unknown,Nocardia xishanensis,132
WP_364630252,gvpJ,Unknown,Amycolatopsis sp. NPDC051371,49
WP_364461760,gvpJ,Unknown,Nonomuraea bangladeshensis,112
WP_363340399,gvpJ,Unknown,Dactylosporangium sp. NPDC051485,63
WP_362827874,gvpJ,Unknown,Streptomyces sp. NPDC048637,156
WP_362135904,gvpJ,Unknown,Streptomyces sp. NPDC029003,151
WP_362024055,gvpJ,Unknown,unclassified Streptomyces,167
WP_361622110,gvpJ,Unknown,Streptomyces sp. NPDC046985,162
WP_361576648,gvpJ,Unknown,Streptomyces sp. NPDC047737,148
WP_361552273,gvpJ,Unknown,Streptomyces sp. NPDC046716,141
WP_361506841,gvpJ,Unknown,unclassified Streptomyces,168
WP_361497062,gvpJ,Unknown,unclassified Streptomyces,147
WP_361254965,gvpJ,Unknown,unclassified Streptomyces,147
WP_360741617,gvpJ,Unknown,Actinomadura sp. NPDC048394,147
WP_359731370,gvpJ,Unknown,Streptomyces hirsutus,155
WP_359702980,gvpJ,Unknown,Streptomyces neyagawaensis,123
WP_359606495,gvpJ,Unknown,Streptomyces,121
WP_359098240,gvpJ,Unknown,Streptomyces chartreusis,138
WP_358541839,gvpJ,Unknown,unclassified Nonomuraea,131
WP_358477952,gvpJ,Unknown,Streptomyces albidoflavus,163
WP_358376199,gvpJ,Unknown,Nonomuraea sp. NPDC050691,137
WP_358003730,gvpJ,Unknown,Micromonospora purpureochromogenes,123
WP_357048195,gvpJ,Unknown,Nocardia sp. NPDC050799,130
WP_356721288,gvpJ,Unknown,Streptomyces tendae,313
WP_356710920,gvpJ,Unknown,Streptomyces sp. NPDC006175,147
WP_354940712,gvpJ,Unknown,Actinopolymorpha sp. NPDC004070,155
WP_352186727,gvpJ,Unknown,Streptomyces sp. NPDC096030,167
WP_351947171,gvpJ,Unknown,Streptomyces sp. 900105245,117
WP_351845748,gvpJ,Unknown,Streptomyces sp. NPDC001532,146
WP_350855784,gvpJ,Unknown,Streptomyces hirsutus,153
WP_350685731,gvpJ,Unknown,unclassified Micromonospora,122
WP_350664869,gvpJ,Unknown,Nocardioides sp. NPDC127503,154
WP_350617621,gvpJ,Unknown,Dactylosporangium sp. NPDC000244,131
WP_350249189,gvpJ,Unknown,Streptomyces sp. Edi2,156
WP_348860329,gvpJ,Unknown,Nocardioides cheoyonin,143
WP_347813452,gvpJ,Unknown,Actinomadura sp. KC216,144
WP_346537906,gvpJ,Unknown,Micromonospora sp. DPT,122
WP_345893936,gvpJ,Unknown,Nocardioides sp. TF02-7,67
WP_345710168,gvpJ,Unknown,Actinocatenispora rupis,123
WP_344944859,gvpJ,Unknown,Sphaerisporangium flaviroseum,136
WP_344922389,gvpJ,Unknown,Streptosporangium oxazolinicum,149
WP_344891045,gvpJ,Unknown,Actinomadura meridiana,145
WP_344615763,gvpJ,Unknown,Dactylosporangium salmoneum,182
WP_344528073,gvpJ,Unknown,Streptomyces rectiviolaceus,162
WP_344024828,gvpJ,Unknown,Kribbella jejuensis,138
WP_336857535,gvpJ,Unknown,Sinomonas albida,179
WP_336365187,gvpJ,Unknown,Halalkalicoccus salilacus,67
WP_330936552,gvpJ,Unknown,Cylindrospermopsis raciborskii,53
WP_330242674,gvpJ,Unknown,unclassified Streptomyces,148
WP_330152930,gvpJ,Unknown,Rhodococcus chondri,137
WP_329614592,gvpJ,Unknown,Streptomyces brevispora,153
WP_329585039,gvpJ,Unknown,Nonomuraea sp. LP-02,145
WP_329204371,gvpJ,Unknown,Streptomyces sp. NBC_00683,152
WP_328048887,gvpJ,Unknown,Neobacillus cucumis,84
WP_327297357,gvpJ,Unknown,Streptomyces sp. NBC_01197,166
WP_324851358,gvpJ,Unknown,Actinocrinis sp.,136
WP_322456826,gvpJ,Unknown,Nocardioides bizhenqiangii,149
WP_313750292,gvpJ,Unknown,Streptomyces,154
WP_311675939,gvpJ,Unknown,Streptomyces hazeniae,146
WP_307628884,gvpJ,Unknown,Streptomyces turgidiscabies,155
WP_290427289,gvpJ,Unknown,Sinomonas terrae,216
WP_281293885,gvpJ,Unknown,Streptomyces sp. ATE26,135
WP_281156849,gvpJ,Unknown,Streptomyces sp. HYC2,136
WP_277682027,gvpJ,Unknown,Saccharomonospora azurea,122
WP_277442831,gvpJ,Unknown,Pelotomaculum isophthalicicum,345
WP_272082407,gvpJ,Unknown,Microcystis aeruginosa,49
WP_271794845,gvpJ,Unknown,Dolichospermum planctonicum,47
WP_266703036,gvpJ,Unknown,Streptomyces sp. NBC_01571,154
WP_266089694,gvpJ,Unknown,Saccharopolyspora sp. NFXS83,138
WP_255893163,gvpJ,Unknown,Nocardioides astragali,140
WP_255139578,gvpJ,Unknown,Streptomyces somaliensis,128
WP_255024880,gvpJ,Unknown,Rhodococcus sp. GA1,136
WP_251494685,gvpJ,Unknown,Actinacidiphila cocklensis,157
WP_244317047,gvpJ,Unknown,Micromonospora terminaliae,140
WP_242234391,gvpJ,Unknown,Domibacillus sp. PGB-M46,86
WP_240731947,gvpJ,Unknown,Egibacter rhizosphaerae,257
WP_239492035,gvpJ,Unknown,Luteitalea sp. TBR-22,227
WP_238159972,gvpJ,Unknown,Kribbella pratensis,91
WP_232194921,gvpJ,Unknown,Staphylococcus chromogenes,115
WP_216912297,gvpJ,Unknown,Nocardia noduli,137
WP_216912289,gvpJ,Unknown,Nocardia noduli,128
WP_216699219,gvpJ,Unknown,Arthrobacter sp. H14,133
WP_216347268,gvpJ,Unknown,Streptomyces niphimycinicus,167
WP_215096845,gvpJ,Unknown,Streptomyces sp. ISL-1,164
WP_215049438,gvpJ,Unknown,Streptomyces sp. McG7,124
WP_214397776,gvpJ,Unknown,Mycolicibacterium goodii,148
WP_214367105,gvpJ,Unknown,Pseudonocardia sp. H11422,146
WP_204050210,gvpJ,Unknown,Microbispora siamensis,137
WP_204044388,gvpJ,Unknown,Acrocarpospora phusangensis,119
WP_201275468,gvpJ,Unknown,Dolichospermum planctonicum,35
WP_195046704,gvpJ,Unknown,Nocardia,135
WP_190856686,gvpJ,Unknown,Actinomadura,148
WP_190828479,gvpJ,Unknown,Iningainema tapete,131
WP_190201028,gvpJ,Unknown,Streptomyces djakartensis,160
WP_190024549,gvpJ,Unknown,Streptomyces hiroshimensis,61
WP_189245459,gvpJ,Unknown,Streptosporangium pseudovulgare,138
WP_189095409,gvpJ,Unknown,Streptomyces kronopolitis,160
WP_189023523,gvpJ,Unknown,Nocardia rhizosphaerihabitans,134
WP_187233133,gvpJ,Unknown,Actinomadura sp. HBU206391,141
WP_185726823,gvpJ,Unknown,unclassified Rhodococcus (in: high G+C Gram-positive bacteria),138
WP_185713320,gvpJ,Unknown,Rhodococcus,137
WP_184824540,gvpJ,Unknown,Jiangella mangrovi,67
WP_182887317,gvpJ,Unknown,Microbispora sp. H10885,137
WP_179788298,gvpJ,Unknown,Actinopolymorpha rutila,157
WP_179669729,gvpJ,Unknown,Nocardioides thalensis,148
WP_179600177,gvpJ,Unknown,Neobacillus driksii,77
WP_174185232,gvpJ,Unknown,Nocardia barduliensis,136
WP_169186467,gvpJ,Unknown,Actinomycetospora sp. TBRC 11914,133
WP_167409663,gvpJ,Unknown,Streptomyces africanus,128
WP_164560241,gvpJ,Unknown,Streptomyces sp. SID14478,167
WP_164331207,gvpJ,Unknown,Streptomyces,157
WP_164214962,gvpJ,Unknown,Virgibacillus sp. YIM 98842,88
WP_161207819,gvpJ,Unknown,unclassified Streptomyces,108
WP_161150991,gvpJ,Unknown,unclassified Streptomyces,82
WP_159792404,gvpJ,Unknown,Puerhibacterium puerhi,138
WP_154941502,gvpJ,Unknown,Micromonospora palomenae,144
WP_153253255,gvpJ,Unknown,Priestia megaterium,92
WP_148801564,gvpJ,Unknown,unclassified Micromonospora,157
WP_144286477,gvpJ,Unknown,Rhodococcus sp. WB9,122
WP_140451356,gvpJ,Unknown,Priestia megaterium,92
WP_139577517,gvpJ,Unknown,Microbispora,138
WP_138780693,gvpJ,Unknown,Bacillaceae,86
WP_138444982,gvpJ,Unknown,Sinomonas susongensis,133
WP_136610444,gvpJ,Unknown,Sinomonas albida,135
WP_130512428,gvpJ,Unknown,Krasilnikovia cinnamomea,65
WP_128463686,gvpJ,Unknown,Streptomyces albidoflavus,163
WP_124437429,gvpJ,Unknown,Streptomyces sp. NL15-2K,124
WP_114058718,gvpJ,Unknown,Streptomyces globosus,50
WP_112331061,gvpJ,Unknown,Cereibacter johrii,74
WP_110339489,gvpJ,Unknown,Prauserella flavalba,137
WP_097875983,gvpJ,Unknown,Streptomyces,156
WP_093481664,gvpJ,Unknown,Streptomyces,155
WP_091069871,gvpJ,Unknown,Micromonospora humi,139
WP_081122101,gvpJ,Unknown,Prescottella,65
WP_079153708,gvpJ,Unknown,Streptomyces,126
WP_077062312,gvpJ,Unknown,Streptomyces,153
WP_073752317,gvpJ,Unknown,unclassified Streptomyces,149
WP_073202329,gvpJ,Unknown,Gracilibacillus,87
WP_072749797,gvpJ,Unknown,Rhodococcus maanshanensis,135
WP_063627980,gvpJ,Unknown,Actinospica robiniae,139
WP_060968971,gvpJ,Unknown,unclassified Rhodococcus (in: high G+C Gram-positive bacteria),137
WP_054371776,gvpJ,Unknown,Rhodococcus,137
WP_052848426,gvpJ,Unknown,Streptomyces avicenniae,107
WP_037692573,gvpJ,Unknown,Streptomyces,155
WP_414520503,gvpJ,Unknown,Synechococcus sp. H55.10,427
WP_412080057,gvpJ,Unknown,Streptomyces sp. SJL17-1,51
WP_410669894,gvpJ,Unknown,Amycolatopsis sp. cmx-4-68,50
WP_410637079,gvpJ,Unknown,Amycolatopsis sp. lyj-346,74
WP_407914613,gvpJ,Unknown,Kitasatospora sp. NE20-6,144
WP_407549338,gvpJ,Unknown,Streptomyces sp. Pv4-95,149
WP_407312196,gvpJ,Unknown,Desulfosporosinus paludis,68
WP_406266512,gvpJ,Unknown,Nocardia sp. NBC_00881,135
WP_404257870,gvpJ,Unknown,Streptomyces sp. NPDC101194,148
WP_404136767,gvpJ,Unknown,Streptomyces virginiae,154
WP_404091191,gvpJ,Unknown,Streptomyces sp. NPDC101191,148
WP_403971473,gvpJ,Unknown,Streptomyces sp. NPDC101118,166
WP_403287227,gvpJ,Unknown,Streptomyces nigra,154
WP_402492657,gvpJ,Unknown,Streptomyces sp. NPDC093094,133
WP_402331933,gvpJ,Unknown,Streptomyces sp. NPDC086838,146
WP_401872777,gvpJ,Unknown,Streptomyces sp. NPDC088353,101
WP_401701063,gvpJ,Unknown,Streptomyces collinus,140
WP_400086302,gvpJ,Unknown,Streptomyces sp. NPDC052013,128
WP_399783844,gvpJ,Unknown,Streptomyces sioyaensis,144
WP_399428418,gvpJ,Unknown,Streptomyces sp. NPDC051310,151
WP_399365466,gvpJ,Unknown,Streptomyces sp. NPDC051452,128
WP_399267898,gvpJ,Unknown,Streptomyces sp. NPDC050504,103
WP_397107204,gvpJ,Unknown,Nocardia sp. NPDC051750,134
WP_397044365,gvpJ,Unknown,Nocardia sp. NPDC049526,130
WP_396953248,gvpJ,Unknown,Nocardia salmonicida,137
WP_393413074,gvpJ,Unknown,Nonomuraea sp. NPDC048826,135
WP_391979675,gvpJ,Unknown,Streptomyces bobili,128
WP_391823774,gvpJ,Unknown,Streptomyces sp. NPDC014773,171
WP_391773073,gvpJ,Unknown,Streptomyces sp. NPDC014623,148
WP_391712112,gvpJ,Unknown,Streptomyces griseosporeus,120
WP_391171115,gvpJ,Unknown,Streptomyces sp. NPDC007983,154
WP_390463078,gvpJ,Unknown,Streptomyces,149
WP_386339080,gvpJ,Unknown,Streptomyces xiangluensis,64
WP_385113626,gvpJ,Unknown,Streptomyces sp. NPDC059474,150
WP_384757567,gvpJ,Unknown,unclassified Streptomyces,167
WP_383609342,gvpJ,Unknown,unclassified Streptomyces,162
WP_382831140,gvpJ,Unknown,Streptomyces sindenensis,152
WP_382515588,gvpJ,Unknown,unclassified Streptomyces,151
WP_382329196,gvpJ,Unknown,Streptomyces mirabilis,159
WP_381582081,gvpJ,Unknown,Streptomyces chartreusis,141
WP_381556526,gvpJ,Unknown,Streptomyces hygroscopicus,169
WP_381505337,gvpJ,Unknown,Streptomyces lydicus,157
WP_381463803,gvpJ,Unknown,Streptomyces chartreusis,148
WP_381226203,gvpJ,Unknown,Streptomyces caelestis,121
WP_381193978,gvpJ,Unknown,Streptomyces bottropensis,156
WP_380994866,gvpJ,Unknown,Streptomyces cyaneofuscatus,163
WP_379565985,gvpJ,Unknown,Pseudonocardia lutea,142
WP_378732658,gvpJ,Unknown,Nocardioides sp. NPDC059952,154
WP_378526447,gvpJ,Unknown,Rhodococcus zopfii,63
WP_378526162,gvpJ,Unknown,Nonomuraea angiospora,126
WP_378498005,gvpJ,Unknown,Rhodococcus wratislaviensis,121
WP_378086009,gvpJ,Unknown,Citricoccus sp. GCM10030269,324
WP_376662472,gvpJ,Unknown,unclassified Streptomyces,134
WP_376374462,gvpJ,Unknown,unclassified Streptomyces,150
WP_373680805,gvpJ,Unknown,Egicoccus sp. AB-alg2,126
WP_373411276,gvpJ,Unknown,Yoonia sp.,70
WP_372503107,gvpJ,Unknown,Streptomyces rhizoryzae,155
WP_372442783,gvpJ,Unknown,Streptomyces pactum,149
WP_371483573,gvpJ,Unknown,Kitasatospora sp. NBC_00315,80
WP_369272821,gvpJ,Unknown,Streptomyces sp. R11,107
WP_369130645,gvpJ,Unknown,Desulforhopalus vacuolatus,53
WP_366167045,gvpJ,Unknown,Kitasatospora sp. NPDC085895,130
WP_366015742,gvpJ,Unknown,Streptomyces sp. NPDC051133,177
WP_365733751,gvpJ,Unknown,unclassified Streptomyces,79
WP_365501867,gvpJ,Unknown,Streptomyces sp. NPDC086554,107
WP_365263797,gvpJ,Unknown,Streptomyces sp. NPDC051776,148
WP_365198727,gvpJ,Unknown,Streptomyces sp. NPDC093018,123
WP_365109915,gvpJ,Unknown,Streptomyces sp. NPDC051597,159
WP_364933185,gvpJ,Unknown,Streptomyces griseoluteus,136
WP_364409450,gvpJ,Unknown,Nocardia fluminea,137
WP_364404361,gvpJ,Unknown,unclassified Actinoallomurus,132
WP_363174208,gvpJ,Unknown,Streptomyces sp. NPDC050263,171
WP_363050744,gvpJ,Unknown,Streptomyces sp. NPDC048845,45
WP_363049507,gvpJ,Unknown,Streptomyces sp. NPDC048564,165
WP_363048031,gvpJ,Unknown,unclassified Streptomyces,155
WP_363038019,gvpJ,Unknown,Streptomyces sp. NPDC048384,155
WP_362921838,gvpJ,Unknown,unclassified Streptosporangium,143
WP_362839722,gvpJ,Unknown,Streptomyces sp. NPDC048560,156
WP_362759230,gvpJ,Unknown,Streptosporangium sandarakinum,138
WP_361720419,gvpJ,Unknown,Streptomyces sparsogenes,177
WP_361576660,gvpJ,Unknown,unclassified Streptomyces,110
WP_361182373,gvpJ,Unknown,unclassified Streptomyces,148
WP_361087298,gvpJ,Unknown,Streptomyces sp. NPDC047718,161
WP_361002792,gvpJ,Unknown,Streptomyces sp. NPDC047009,136
WP_359408240,gvpJ,Unknown,unclassified Streptomyces,136
WP_359330335,gvpJ,Unknown,Streptomyces sp. NPDC005865,186
WP_358640880,gvpJ,Unknown,Streptomyces milbemycinicus,153
WP_358290755,gvpJ,Unknown,unclassified Nonomuraea,125
WP_358218392,gvpJ,Unknown,Streptomyces,142
WP_358201069,gvpJ,Unknown,Pseudonocardia sp. NPDC049154,145
WP_358179156,gvpJ,Unknown,Nonomuraea sp. NPDC049129,132
WP_357790340,gvpJ,Unknown,Micromonospora musae,125
WP_356903584,gvpJ,Unknown,Streptomyces sp. NPDC006197,28
WP_355917881,gvpJ,Unknown,Streptomyces sp. NPDC004533,149
WP_355855251,gvpJ,Unknown,unclassified Streptomyces,116
WP_355434257,gvpJ,Unknown,Lentzea sp. NPDC004782,123
WP_354921886,gvpJ,Unknown,Nonomuraea sp. NPDC003804,126
WP_354824620,gvpJ,Unknown,Amycolatopsis sp. NPDC004625,108
WP_351425751,gvpJ,Unknown,unclassified Streptomyces,160
WP_350916358,gvpJ,Unknown,Streptosporangium sp. NPDC002544,144
WP_349697003,gvpJ,Unknown,Actinopolymorpha sp. B17G11,238
WP_346771037,gvpJ,Unknown,Janibacter cremeus,131
WP_345022441,gvpJ,Unknown,Actinomadura keratinilytica,136
WP_344322056,gvpJ,Unknown,Streptomyces macrosporus,138
WP_338471526,gvpJ,Unknown,Niallia sp. XMNu-256,86
WP_331625334,gvpJ,Unknown,Actinomycetospora sp.,133
WP_329704503,gvpJ,Unknown,Nocardioides sp.,146
WP_319980723,gvpJ,Unknown,Lentzea,52
WP_317441160,gvpJ,Unknown,Streptomyces collinus,139
WP_310714283,gvpJ,Unknown,Streptomyces lydicus,156
WP_306994523,gvpJ,Unknown,Amycolatopsis thermophila,131
WP_301987644,gvpJ,Unknown,Streptomyces sp. DG2A-72,128
WP_289983207,gvpJ,Unknown,Paenibacillus sp. BSR1-1,80
WP_280656091,gvpJ,Unknown,Chrysosporum bergii,47
WP_280496065,gvpJ,Unknown,Nocardia asiatica,128
WP_277455405,gvpJ,Unknown,Janibacter sp. DB-40,144
WP_266072706,gvpJ,Unknown,Streptomyces sp. NEAU-W12,153
WP_260222115,gvpJ,Unknown,Streptomyces gossypii,168
WP_256714828,gvpJ,Unknown,Mycobacterium colombiense,115
WP_254737892,gvpJ,Unknown,Streptomyces cucumeris,153
WP_248635244,gvpJ,Unknown,Streptomyces lichenis,179
WP_243741651,gvpJ,Unknown,Actinomycetospora succinea,116
WP_241037927,gvpJ,Unknown,Pseudonocardia alaniniphila,142
WP_230051150,gvpJ,Unknown,Kitasatospora humi,153
WP_227132923,gvpJ,Unknown,Halorubellus salinus,78
WP_214663399,gvpJ,Unknown,Streptomyces,123
WP_211629094,gvpJ,Unknown,Leptolyngbya sp. 7M,57
WP_203958311,gvpJ,Unknown,Planotetraspora mira,137
WP_198046980,gvpJ,Unknown,Kutzneria sp. 744,51
WP_197250164,gvpJ,Unknown,unclassified Rhodococcus (in: high G+C Gram-positive bacteria),135
WP_191053589,gvpJ,Unknown,Microbispora bryophytorum,137
WP_189775398,gvpJ,Unknown,Streptomyces tauricus,159
WP_189251906,gvpJ,Unknown,Lentzea flava,113
WP_189232740,gvpJ,Unknown,Streptomyces flaveolus,177
WP_188522843,gvpJ,Unknown,Isoptericola cucumis,151
WP_188484340,gvpJ,Unknown,Marivita lacus,64
WP_175989910,gvpJ,Unknown,Bacillus sp. Marseille-Q1617,86
WP_172253939,gvpJ,Unknown,Bacillaceae,86
WP_166289891,gvpJ,Unknown,Nitrosotalea,68
WP_166046265,gvpJ,Unknown,Lentzea alba,52
WP_164374696,gvpJ,Unknown,unclassified Streptomyces,160
WP_163058674,gvpJ,Unknown,Actinomadura bangladeshensis,68
WP_161343679,gvpJ,Unknown,Streptomyces sp. SID5606,122
WP_160028526,gvpJ,Unknown,unclassified Nocardioides,150
WP_153033503,gvpJ,Unknown,Amycolatopsis sp. YIM 10,58
WP_152782518,gvpJ,Unknown,Streptomyces phyllanthi,127
WP_152149484,gvpJ,Unknown,Bacillus aerolatus,86
WP_151364409,gvpJ,Unknown,Staphylococcus chromogenes,115
WP_148349154,gvpJ,Unknown,Actinomadura syzygii,151
WP_147258883,gvpJ,Unknown,Pseudonocardia hierapolitana,152
WP_141810705,gvpJ,Unknown,Nocardia bhagyanarayanae,131
WP_137979272,gvpJ,Unknown,Streptomyces violaceusniger,163
WP_134104496,gvpJ,Unknown,Kribbella pratensis,150
WP_132512916,gvpJ,Unknown,Nonomuraea diastatica,134
WP_132335310,gvpJ,Unknown,Nonomuraea longispora,138
WP_131945289,gvpJ,Unknown,Actinomadura bangladeshensis,145
WP_128816874,gvpJ,Unknown,Streptomyces sp. S063,151
WP_126917746,gvpJ,Unknown,Streptomyces luteoverticillatus,142
WP_124390424,gvpJ,Unknown,Rhodococcus,120
WP_123686967,gvpJ,Unknown,Amycolatopsis thermoflava,132
WP_122090374,gvpJ,Unknown,Halalkalicoccus subterraneus,97
WP_120024635,gvpJ,Unknown,Amycolatopsis panacis,131
WP_116738822,gvpJ,Unknown,Priestia,92
WP_112883451,gvpJ,Unknown,Paenibacillus montanisoli,62
WP_110665542,gvpJ,Unknown,Streptomyces tateyamensis,151
WP_109454435,gvpJ,Unknown,Streptomyces sp. ICBB 8177,147
WP_107983590,gvpJ,Unknown,Rhodococcus sp. OK519,132
WP_106540028,gvpJ,Unknown,Haloactinopolyspora alba,142
WP_103380297,gvpJ,Unknown,Pseudonocardia,145
WP_098288089,gvpJ,Unknown,Priestia,92
WP_092889166,gvpJ,Unknown,Actinopolymorpha cephalotaxi,159
WP_092655061,gvpJ,Unknown,Actinopolymorpha singaporensis,72
WP_092622934,gvpJ,Unknown,Jiangella sp. DSM 45060,138
WP_091336091,gvpJ,Unknown,Micromonospora rhizosphaerae,125
WP_091318668,gvpJ,Unknown,Amycolatopsis tolypomycina,108
WP_091090538,gvpJ,Unknown,Nonomuraea wenchangensis,144
WP_079059559,gvpJ,Unknown,Streptomyces,147
WP_072814839,gvpJ,Unknown,Rhodococcus zopfii,124
WP_072636701,gvpJ,Unknown,unclassified Rhodococcus (in: high G+C Gram-positive bacteria),138
WP_071268842,gvpJ,Unknown,Streptomyces sp. CC77,135
WP_069975061,gvpJ,Unknown,Streptomyces,133
WP_069741968,gvpJ,Unknown,Streptomyces,154
WP_068795553,gvpJ,Unknown,Pseudonocardia sp. HH130630-07,125
WP_062976210,gvpJ,Unknown,Nocardia gamkensis,128
WP_047178076,gvpJ,Unknown,Streptomyces sp. MNU77,164
WP_043930220,gvpJ,Unknown,Bacillus sp. EB01,87
WP_043930210,gvpJ,Unknown,Bacillus sp. EB01,110
WP_037950880,gvpJ,Unknown,Streptomyces,160
WP_037250680,gvpJ,Unknown,Kibdelosporangium aridum,113
WP_015019672,gvpJ,Unknown,Candidatus Nitrososphaera gargensis,79
WP_009624384,gvpJ,Unknown,unclassified Desulfosporosinus,74
WP_407617820,gvpJ,Unknown,Streptomyces sp. VTCC 41912,79
WP_406673548,gvpJ,Unknown,Nonomuraea sp. N2-4H,46
WP_406513936,gvpJ,Unknown,Streptomyces sp. NBC_00161,148
WP_406277776,gvpJ,Unknown,Streptomyces sp. NBC_00191,145
WP_406238631,gvpJ,Unknown,Nocardia sp. NBC_01009,135
WP_406202417,gvpJ,Unknown,unclassified Streptomyces,85
WP_405193493,gvpJ,Unknown,Streptomyces anulatus,162
WP_404770677,gvpJ,Unknown,Streptomyces sp. NPDC088090,155
WP_404022705,gvpJ,Unknown,Streptomyces sp. NPDC102462,146
WP_403902635,gvpJ,Unknown,Streptomyces sp. NPDC102283,161
WP_403787808,gvpJ,Unknown,Streptomyces sp. NPDC101160,152
WP_403491390,gvpJ,Unknown,Streptomyces sp. NPDC091040,146
WP_403488534,gvpJ,Unknown,Streptomyces roseolilacinus,128
WP_403371406,gvpJ,Unknown,Streptomyces sp. NPDC094038,144
WP_403116710,gvpJ,Unknown,Pimelobacter simplex,68
WP_402897888,gvpJ,Unknown,Lentzea sp. NPDC102401,111
WP_402660674,gvpJ,Unknown,Streptomyces sp. NPDC092295,148
WP_402534627,gvpJ,Unknown,Streptomyces violaceusniger,151
WP_402102620,gvpJ,Unknown,Streptomyces murinus,125
WP_401913248,gvpJ,Unknown,Streptomyces sp. NPDC088116,150
WP_401573391,gvpJ,Unknown,Streptomyces sp. NPDC088923,150
WP_401133769,gvpJ,Unknown,Streptomyces sp. NPDC090057,181
WP_400896016,gvpJ,Unknown,Amycolatopsis sp. NPDC101161,105
WP_400867648,gvpJ,Unknown,Amycolatopsis sp. NPDC098790,105
WP_400380228,gvpJ,Unknown,Nocardia fluminea,129
WP_400055651,gvpJ,Unknown,Streptomyces sp. NPDC085524,134
WP_399565416,gvpJ,Unknown,Streptomyces bauhiniae,157
WP_399530625,gvpJ,Unknown,Streptosporangium amethystogenes,144
WP_399388764,gvpJ,Unknown,Streptomyces sp. NPDC051218,168
WP_398531798,gvpJ,Unknown,Streptomyces sp. NPDC020845,153
WP_398508120,gvpJ,Unknown,Streptomyces sp. NPDC020681,144
WP_392989491,gvpJ,Unknown,Streptomyces lydicus,156
WP_390251818,gvpJ,Unknown,Gracilibacillus xinjiangensis,84
WP_389854330,gvpJ,Unknown,Streptomyces sp. NPDC058067,168
WP_389832993,gvpJ,Unknown,Streptomyces spiralis,176
WP_388710313,gvpJ,Unknown,Streptomyces sp. NPDC004629,146
WP_387912660,gvpJ,Unknown,Streptomyces fungicidicus,149
WP_387783970,gvpJ,Unknown,Kribbella sp. NPDC004875,137
WP_385955412,gvpJ,Unknown,Streptomyces virginiae,154
WP_376770818,gvpJ,Unknown,Lentzea indica,119
WP_364723443,gvpJ,Unknown,Amycolatopsis sp. NPDC051128,118
WP_362623464,gvpJ,Unknown,unclassified Streptomyces,155
WP_362499148,gvpJ,Unknown,Streptomyces viridosporus,114
WP_360667263,gvpJ,Unknown,Amycolatopsis sp. NPDC048633,105
WP_360480493,gvpJ,Unknown,Kribbella sp. NPDC023972,157
WP_358617450,gvpJ,Unknown,Streptomyces sp. NPDC005962,123
WP_357847576,gvpJ,Unknown,unclassified Nonomuraea,113
WP_356529841,gvpJ,Unknown,unclassified Streptomyces,150
WP_351130965,gvpJ,Unknown,unclassified Streptomyces,155
WP_350857348,gvpJ,Unknown,Micromonospora sp. NPDC127501,127
WP_347583106,gvpJ,Unknown,Streptomyces sp. B5E4,172
WP_343985333,gvpJ,Unknown,Pseudonocardia aurantiaca,141
WP_341982152,gvpJ,Unknown,Rossellomorea oryzaecorticis,90
WP_334426482,gvpJ,Unknown,Streptomyces stelliscabiei,171
WP_331713661,gvpJ,Unknown,Lentibacillus sp. JNUCC-1,86
WP_328529627,gvpJ,Unknown,Nocardioides sp. NBC_00368,158
WP_328427537,gvpJ,Unknown,Streptomyces sp. NBC_00443,166
WP_326824294,gvpJ,Unknown,unclassified Streptosporangium,139
WP_324168805,gvpJ,Unknown,Amycolatopsis sp.,132
WP_280423807,gvpJ,Unknown,Nocardia carnea,130
WP_275035984,gvpJ,Unknown,Priestia aryabhattai,92
WP_271840301,gvpJ,Unknown,Dolichospermum circinale,33
WP_271683588,gvpJ,Unknown,Streptomyces sp. ACA25,163
WP_265408639,gvpJ,Unknown,Fictibacillus sp. KU28468,78
WP_263108257,gvpJ,Unknown,Kitasatospora sp. DSM 101779,136
WP_263101280,gvpJ,Unknown,Kitasatospora sp. DSM 101779,149
WP_261988762,gvpJ,Unknown,Streptomyces sp. wa22,65
WP_258934013,gvpJ,Unknown,Nesterenkonia pannonica,130
WP_256257342,gvpJ,Unknown,Nonomuraea pusilla,168
WP_256106030,gvpJ,Unknown,Streptomyces sp. ODS05-4,149
WP_251284961,gvpJ,Unknown,unclassified Cytobacillus,86
WP_251273927,gvpJ,Unknown,Domibacillus,86
WP_251224772,gvpJ,Unknown,Halalkalibacter oceani,86
WP_250640440,gvpJ,Unknown,Frankia sp. AiPa1,92
WP_250337411,gvpJ,Unknown,Streptomyces sp. MRC013,128
WP_250094746,gvpJ,Unknown,Halalkalibacter alkaliphilus,73
WP_241966169,gvpJ,Unknown,Staphylococcus simulans,116
WP_218271952,gvpJ,Unknown,Rhodococcus opacus,91
WP_215103533,gvpJ,Unknown,unclassified Streptomyces,153
WP_214410932,gvpJ,Unknown,Sphaerisporangium fuscum,135
WP_214317820,gvpJ,Unknown,Nonomuraea sediminis,132
WP_211270144,gvpJ,Unknown,Rhodococcus phenolicus,133
WP_211170773,gvpJ,Unknown,Pseudonocardia bannensis,37
WP_211122161,gvpJ,Unknown,Streptomyces yatensis,150
WP_210967002,gvpJ,Unknown,Streptomyces,170
WP_210950384,gvpJ,Unknown,Streptomyces sp. MK37H,147
WP_210947669,gvpJ,Unknown,Streptomyces sp. MK37H,126
WP_210032836,gvpJ,Unknown,Pseudonocardia parietis,128
WP_209480371,gvpJ,Unknown,Virgibacillus litoralis,88
WP_209241151,gvpJ,Unknown,Streptomyces oryzae,175
WP_208687198,gvpJ,Unknown,Streptomyces sp. ID38640,157
WP_208269277,gvpJ,Unknown,Actinomadura nitritigenes,150
WP_208009744,gvpJ,Unknown,Nesterenkonia sphaerica,133
WP_207783922,gvpJ,Unknown,Micromonospora globispora,141
WP_206785358,gvpJ,Unknown,Amycolatopsis sp. MtRt-6,113
WP_206427396,gvpJ,Unknown,Brevibacterium aurantiacum,138
WP_206017225,gvpJ,Unknown,Rhodococcus koreensis,121
WP_206014648,gvpJ,Unknown,Rhodococcus koreensis,122
WP_206011074,gvpJ,Unknown,Rhodococcus pseudokoreensis,120
WP_206006399,gvpJ,Unknown,Rhodococcus pseudokoreensis,120
WP_205745874,gvpJ,Unknown,Egibacter rhizosphaerae,44
WP_205678905,gvpJ,Unknown,Brachybacterium endophyticum,135
WP_205177714,gvpJ,Unknown,Neobacillus cucumis,86
WP_204988862,gvpJ,Unknown,Sporohalobacter salinus,65
WP_204762359,gvpJ,Unknown,Lentzea nigeriaca,52
WP_204729213,gvpJ,Unknown,Jeotgalibacillus,84
WP_204544280,gvpJ,Unknown,Peribacillus deserti,86
WP_204288989,gvpJ,Unknown,Microbispora amethystogenes,138
WP_204095952,gvpJ,Unknown,Amycolatopsis sp. FDAARGOS 1241,132
WP_204077884,gvpJ,Unknown,Planotetraspora phitsanulokensis,136
WP_204058369,gvpJ,Unknown,Microbispora corallina,134
WP_204018774,gvpJ,Unknown,Sphaerimonospora thailandensis,137
WP_203888056,gvpJ,Unknown,Planotetraspora kaengkrachanensis,136
WP_203214304,gvpJ,Unknown,Streptomyces koyangensis,154
WP_203044263,gvpJ,Unknown,Pimelobacter simplex,68
WP_203044257,gvpJ,Unknown,Pimelobacter simplex,137
WP_203024989,gvpJ,Unknown,unclassified Frankia,165
WP_202880609,gvpJ,Unknown,Kribbella amoyensis,108
WP_201675932,gvpJ,Unknown,Ramlibacter monticola,88
WP_201045086,gvpJ,Unknown,Streptomyces sp. MBT55,151
WP_200695027,gvpJ,Unknown,Streptomyces,152
WP_200323944,gvpJ,Unknown,Prauserella cavernicola,134
WP_199742995,gvpJ,Unknown,Nocardia stercoris,134
WP_199433059,gvpJ,Unknown,Qaidamihabitans albus,134
WP_199375946,gvpJ,Unknown,Streptomyces,123
WP_199209422,gvpJ,Unknown,unclassified Streptomyces,181
WP_197320003,gvpJ,Unknown,Saccharomonospora sp. NB11,120
WP_197250160,gvpJ,Unknown,unclassified Rhodococcus (in: high G+C Gram-positive bacteria),137
WP_195128518,gvpJ,Unknown,Nocardia amamiensis,135
WP_194806839,gvpJ,Unknown,Nocardia sp. BSTN01,137
WP_193204236,gvpJ,Unknown,Microbispora sitophila,137
WP_193104757,gvpJ,Unknown,Brachybacterium sp. FME24,130
WP_192782753,gvpJ,Unknown,Amycolatopsis,105
WP_192751158,gvpJ,Unknown,Actinopolymorpha pittospori,251
WP_192748211,gvpJ,Unknown,Actinopolymorpha pittospori,71
WP_190492718,gvpJ,Unknown,Phormidium sp. FACHB-1136,120
WP_185726367,gvpJ,Unknown,unclassified Rhodococcus (in: high G+C Gram-positive bacteria),127
WP_174565240,gvpJ,Unknown,Rhodococcus zopfii,138
WP_174550516,gvpJ,Unknown,Nocardia shimofusensis,134
WP_169981628,gvpJ,Unknown,unclassified Microbispora,138
WP_163062575,gvpJ,Unknown,Actinomadura bangladeshensis,145
WP_161228890,gvpJ,Unknown,Streptomyces sp. SID8352,75
WP_161203458,gvpJ,Unknown,Streptomyces sp. SID1328,155
WP_143940855,gvpJ,Unknown,Streptomyces benahoarensis,153
WP_129250699,gvpJ,Unknown,Streptomyces sioyaensis,156
WP_110066993,gvpJ,Unknown,Cytobacillus oceanisediminis,86
WP_109636863,gvpJ,Unknown,Lentzea,113
WP_109540553,gvpJ,Unknown,Streptomyces sp. NWU49,177
WP_109280764,gvpJ,Unknown,Streptomyces orinoci,99
WP_107593550,gvpJ,Unknown,Staphylococcus simulans,121
WP_103502775,gvpJ,Unknown,Streptomyces,142
WP_103351181,gvpJ,Unknown,Amycolatopsis sp. CA-128772,105
WP_101420113,gvpJ,Unknown,Streptomyces sp. CMB-StM0423,171
WP_100880038,gvpJ,Unknown,Pseudonocardia alni,129
WP_100010266,gvpJ,Unknown,Lentibacillus sediminis,84
WP_098933960,gvpJ,Unknown,Bacillaceae,82
WP_097935210,gvpJ,Unknown,Streptomyces,162
WP_096095135,gvpJ,Unknown,Streptomyces,158
WP_095750432,gvpJ,Unknown,Streptomyces sp. SA15,124
WP_095683312,gvpJ,Unknown,unclassified Streptomyces,151
WP_095218620,gvpJ,Unknown,Terribacillus,87
WP_094928145,gvpJ,Unknown,Pseudonocardia sp. MH-G8,148
WP_093637960,gvpJ,Unknown,Streptomyces,157
WP_093550007,gvpJ,Unknown,Streptomyces althioticus,122
WP_092889169,gvpJ,Unknown,Actinopolymorpha cephalotaxi,249
WP_092654454,gvpJ,Unknown,Actinopolymorpha singaporensis,153
WP_091299850,gvpJ,Unknown,Micromonospora halophytica,145
WP_091069862,gvpJ,Unknown,Micromonospora humi,123
WP_088996295,gvpJ,Unknown,Micromonospora,122
WP_088898610,gvpJ,Unknown,Rhodococcus,138
WP_088896934,gvpJ,Unknown,Rhodococcus,132
WP_087775868,gvpJ,Unknown,Streptomyces sp. CS227,166
WP_087562303,gvpJ,Unknown,Rhodococcus sp. NCIMB 12038,120
WP_087562301,gvpJ,Unknown,Rhodococcus sp. NCIMB 12038,138
WP_086750705,gvpJ,Unknown,Streptomyces,155
WP_086674557,gvpJ,Unknown,Amycolatopsis pretoriensis,105
WP_086664738,gvpJ,Unknown,Lentzea kentuckyensis,53
WP_085997110,gvpJ,Unknown,Nocardia pneumoniae,135
WP_078957255,gvpJ,Unknown,Streptomyces iranensis,148
WP_051777606,gvpJ,Unknown,Kitasatospora phosalacinea,130
WP_411944465,gvpJ,Unknown,Nocardia sp. NPDC002869,130
WP_411103020,gvpJ,Unknown,Streptomyces sp. cmx-4-9,152
WP_408006602,gvpJ,Unknown,Saccharopolyspora karakumensis,139
WP_405608329,gvpJ,Unknown,unclassified Streptomyces,153
WP_405605020,gvpJ,Unknown,Streptomyces sp. NBC_01410,145
WP_405009242,gvpJ,Unknown,Kitasatospora sp. NBC_01539,157
WP_404787746,gvpJ,Unknown,Streptomyces pristinaespiralis,221
WP_404761833,gvpJ,Unknown,Streptomyces filamentosus,157
WP_403894169,gvpJ,Unknown,Streptomyces werraensis,121
WP_402184900,gvpJ,Unknown,Streptomyces nigra,157
WP_401410157,gvpJ,Unknown,Streptomyces sp. NPDC088785,163
WP_401026225,gvpJ,Unknown,Streptomyces griseoluteus,153
WP_400711857,gvpJ,Unknown,Streptosporangium sp. NPDC087985,140
WP_400541691,gvpJ,Unknown,Promicromonospora sp. NPDC090134,160
WP_400466401,gvpJ,Unknown,Nocardioides sp. NPDC087217,151
WP_399338634,gvpJ,Unknown,Streptomyces sp. NPDC050560,173
WP_398825292,gvpJ,Unknown,Streptomyces platensis,156
WP_398753695,gvpJ,Unknown,Streptomyces rubiginosohelvolus,160
WP_398101527,gvpJ,Unknown,Streptomyces roseolus,157
WP_398040429,gvpJ,Unknown,Streptomyces sioyaensis,156
WP_397919756,gvpJ,Unknown,Streptomyces lydicus,156
WP_397740964,gvpJ,Unknown,Streptomyces lydicus,166
WP_397227920,gvpJ,Unknown,Nonomuraea sp. NPDC050451,126
WP_397155876,gvpJ,Unknown,Nonomuraea sp. NPDC050227,125
WP_396770342,gvpJ,Unknown,Micromonospora maritima,83
WP_396607064,gvpJ,Unknown,Kitasatospora sp. NPDC051984,146
WP_395987936,gvpJ,Unknown,Actinomadura sp. 9N407,143
WP_395960759,gvpJ,Unknown,Actinomadura sp. 6N118,147
WP_394725451,gvpJ,Unknown,Streptomyces sp. M41,163
WP_393895196,gvpJ,Unknown,Streptomyces sp. NPDC048248,156
WP_393536235,gvpJ,Unknown,Streptomyces sp. NPDC048179,126
WP_392809183,gvpJ,Unknown,Dactylosporangium sp. NPDC048998,135
WP_392168577,gvpJ,Unknown,Streptomyces anulatus,164
WP_391955435,gvpJ,Unknown,Streptomyces kanasensis,139
WP_390913993,gvpJ,Unknown,Streptomyces sp. NPDC005531,149
WP_390831581,gvpJ,Unknown,Streptomyces sp. NPDC001292,43
WP_390721800,gvpJ,Unknown,Streptomyces sp. NPDC001083,111
WP_390015814,gvpJ,Unknown,Streptomyces sp. NPDC058247,154
WP_389839766,gvpJ,Unknown,Streptomyces sp. NPDC058122,80
WP_389533854,gvpJ,Unknown,unclassified Streptomyces,153
WP_389522298,gvpJ,Unknown,Streptomyces hygroscopicus,169
WP_389129526,gvpJ,Unknown,Streptomyces sp. NPDC001820,164
WP_388868252,gvpJ,Unknown,Streptomyces sp. NPDC001530,155
WP_388230550,gvpJ,Unknown,Streptomyces globisporus,156
WP_387603910,gvpJ,Unknown,unclassified Kitasatospora,148
WP_387236899,gvpJ,Unknown,Streptomyces sp. NPDC127097,156
WP_387207984,gvpJ,Unknown,Streptomyces sp. NPDC060194,289
WP_386729928,gvpJ,Unknown,Streptomyces abikoensis,142
WP_386640333,gvpJ,Unknown,Streptomyces sp. NPDC058758,154
WP_386213586,gvpJ,Unknown,Streptomyces tubercidicus,155
WP_386145526,gvpJ,Unknown,Streptomyces yanii,100
WP_385127268,gvpJ,Unknown,Streptomyces sp. NPDC059753,126
WP_384963673,gvpJ,Unknown,Streptomyces sp. NPDC059402,161
WP_384363467,gvpJ,Unknown,Streptomyces sp. NPDC058459,158
WP_383784633,gvpJ,Unknown,Streptomyces sp. NPDC058620,155
WP_383555903,gvpJ,Unknown,Streptomyces sp. NPDC056527,73
WP_383186187,gvpJ,Unknown,unclassified Streptomyces,149
WP_383079448,gvpJ,Unknown,Streptomyces sp. NPDC056831,132
WP_382964958,gvpJ,Unknown,unclassified Streptomyces,182
WP_382641953,gvpJ,Unknown,Streptomyces niveus,165
WP_382544908,gvpJ,Unknown,unclassified Streptomyces,157
WP_382153139,gvpJ,Unknown,Streptomyces anulatus,162
WP_382035803,gvpJ,Unknown,Streptomyces aureoversilis,61
WP_381930016,gvpJ,Unknown,Streptomyces fagopyri,73
WP_381760342,gvpJ,Unknown,Streptomyces anulatus,162
WP_381485739,gvpJ,Unknown,Streptomyces chartreusis,138
WP_381199130,gvpJ,Unknown,Streptomyces halstedii,164
WP_380757881,gvpJ,Unknown,Saccharopolyspora rosea,142
WP_380315720,gvpJ,Unknown,Kitasatospora sp. NPDC127111,148
WP_379674142,gvpJ,Unknown,Pseudonocardia alni,129
WP_379431768,gvpJ,Unknown,Nocardia sp. NPDC059228,135
WP_378883358,gvpJ,Unknown,Nocardioides sp. NPDC057772,155
WP_378471659,gvpJ,Unknown,Rhodococcus jostii,137
WP_378470898,gvpJ,Unknown,Rhodococcus jostii,124
WP_378463602,gvpJ,Unknown,Rhodococcus sp. NPDC056960,123
WP_378331850,gvpJ,Unknown,Amycolatopsis thermoflava,132
WP_378023954,gvpJ,Unknown,Actinomycetospora rhizophila,126
WP_376373731,gvpJ,Unknown,unclassified Streptomyces,162
WP_374202037,gvpJ,Unknown,Streptomyces sp. AC550_RSS872,160
WP_372518120,gvpJ,Unknown,Solirubrobacter ginsenosidimutans,99
WP_372482144,gvpJ,Unknown,Streptomyces glomeratus,144
WP_371625105,gvpJ,Unknown,unclassified Streptomyces,163
WP_370352557,gvpJ,Unknown,Kribbella sp. VKM Ac-2571,159
WP_369271181,gvpJ,Unknown,Streptomyces sp. R11,166
WP_369142985,gvpJ,Unknown,Streptomyces sp. R44,168
WP_367139221,gvpJ,Unknown,Streptomyces,75
WP_366857756,gvpJ,Unknown,Streptomyces sp. NPDC046866,154
WP_366422976,gvpJ,Unknown,Streptomyces sp. NPDC089173,168
WP_366404811,gvpJ,Unknown,Streptomyces sp. NPDC052012,128
WP_366270901,gvpJ,Unknown,Terrabacter sp. NPDC080008,135
WP_365829085,gvpJ,Unknown,Streptomyces sp. NPDC051214,168
WP_365780966,gvpJ,Unknown,unclassified Streptomyces,122
WP_365468721,gvpJ,Unknown,unclassified Streptomyces,132
WP_365391737,gvpJ,Unknown,Streptomyces sp. NPDC051976,170
WP_365290928,gvpJ,Unknown,unclassified Streptomyces,135
WP_364580028,gvpJ,Unknown,Nocardia fluminea,137
WP_364284973,gvpJ,Unknown,Amycolatopsis sp. NPDC051102,319
WP_363539173,gvpJ,Unknown,Kitasatospora sp. NPDC093679,150
WP_363533443,gvpJ,Unknown,Glycomyces sp. NPDC049804,135
WP_363346977,gvpJ,Unknown,Dactylosporangium sp. NPDC051485,133
WP_363037766,gvpJ,Unknown,Streptomyces sp. NPDC048384,165
WP_362692787,gvpJ,Unknown,Streptosporangium sp. NPDC023963,146
WP_362511742,gvpJ,Unknown,Streptosporangium sp. NPDC006930,143
WP_362499760,gvpJ,Unknown,unclassified Streptomyces,176
WP_362431741,gvpJ,Unknown,Streptomyces sp. NPDC048636,157
WP_362373614,gvpJ,Unknown,Streptomyces sp. NPDC048518,185
WP_361906996,gvpJ,Unknown,Streptomyces sp. NPDC046876,157
WP_361679230,gvpJ,Unknown,Streptomyces sp. NPDC046324,157
WP_361519115,gvpJ,Unknown,Streptomyces sp. NPDC047813,129
WP_361367044,gvpJ,Unknown,Streptomyces sp. NPDC046805,158
WP_361273545,gvpJ,Unknown,Streptomyces sp. NPDC046887,54
WP_360688692,gvpJ,Unknown,Nonomuraea sp. NPDC049784,96
WP_360662401,gvpJ,Unknown,Nonomuraea sp. NPDC050404,162
WP_360199714,gvpJ,Unknown,Kitasatospora sp. NPDC047058,146
WP_360176905,gvpJ,Unknown,Kribbella sp. NPDC048915,141
WP_360147699,gvpJ,Unknown,Kribbella sp. NPDC026611,147
WP_359865685,gvpJ,Unknown,Microbispora amethystogenes,138
WP_359620474,gvpJ,Unknown,Streptomyces anulatus,161
WP_359552273,gvpJ,Unknown,Streptomyces sp. NPDC005706,132
WP_359521728,gvpJ,Unknown,Streptomyces roseolus,157
WP_359498578,gvpJ,Unknown,Streptomyces fagopyri,156
WP_358682385,gvpJ,Unknown,Streptomyces sp. NPDC005899,152
WP_358463192,gvpJ,Unknown,Spirillospora sp. NPDC048819,146
WP_357907982,gvpJ,Unknown,Nonomuraea muscovyensis,138
WP_357886659,gvpJ,Unknown,Nonomuraea sp. NPDC050202,157
WP_357884898,gvpJ,Unknown,Nocardia beijingensis,135
WP_357738200,gvpJ,Unknown,Micromonospora,125
WP_357618625,gvpJ,Unknown,Nonomuraea sp. NPDC050786,96
WP_357615323,gvpJ,Unknown,Nonomuraea dietziae,118
WP_357473310,gvpJ,Unknown,Nocardia vinacea,130
WP_357423788,gvpJ,Unknown,Nocardia sp. NPDC024068,129
WP_357290020,gvpJ,Unknown,Microbispora bryophytorum,137
WP_357032831,gvpJ,Unknown,Nocardia,128
WP_356928796,gvpJ,Unknown,Streptomyces sp. NPDC006235,136
WP_356622094,gvpJ,Unknown,Streptomyces sp. NPDC006540,159
WP_356557405,gvpJ,Unknown,unclassified Streptomyces,121
WP_356516522,gvpJ,Unknown,unclassified Streptomyces,147
WP_356506173,gvpJ,Unknown,Streptomyces sp. 900116325,154
WP_356203514,gvpJ,Unknown,Streptomyces sp. NPDC004783,171
WP_356184549,gvpJ,Unknown,Streptomyces sp. NPDC004647,150
WP_356165370,gvpJ,Unknown,unclassified Streptomyces,175
WP_356018417,gvpJ,Unknown,Streptomyces sp. NPDC005132,76
WP_355969156,gvpJ,Unknown,Streptomyces sp. NPDC005180,157
WP_355789097,gvpJ,Unknown,Streptomyces decoyicus,157
WP_355240042,gvpJ,Unknown,Nocardia sp. NPDC004568,130
WP_355143028,gvpJ,Unknown,Micromonospora sp. NPDC005367,125
WP_355079756,gvpJ,Unknown,unclassified Nocardia,128
WP_354827040,gvpJ,Unknown,Streptomyces albidoflavus,161
WP_354824614,gvpJ,Unknown,Amycolatopsis sp. NPDC004625,82
WP_352311627,gvpJ,Unknown,Streptomyces fungicidicus,149
WP_352063223,gvpJ,Unknown,Streptomyces sp. 900105245,132
WP_352000080,gvpJ,Unknown,Streptomyces sp. NPDC126497,121
WP_351966055,gvpJ,Unknown,unclassified Streptomyces,149
WP_351667176,gvpJ,Unknown,Streptomyces sp. NPDC001835,132
WP_351649658,gvpJ,Unknown,Streptomyces sp. NPDC001941,114
WP_351504069,gvpJ,Unknown,Streptomyces sp. NPDC002055,153
WP_351292649,gvpJ,Unknown,Streptomyces sp. NPDC002896,148
WP_351200284,gvpJ,Unknown,Streptomyces sp. NPDC001928,154
WP_351177417,gvpJ,Unknown,Streptomyces sp. NPDC001876,150
WP_350706848,gvpJ,Unknown,Micromonospora sp. NPDC002717,122
WP_350652007,gvpJ,Unknown,Micromonospora sp. NPDC126480,123
WP_348027690,gvpJ,Unknown,Aciduricibacillus chroicocephali,86
WP_346121167,gvpJ,Unknown,Nonomuraea roseola,118
WP_344872847,gvpJ,Unknown,Nonomuraea antimicrobica,134
WP_344628374,gvpJ,Unknown,Kitasatospora arboriphila,135
WP_344324489,gvpJ,Unknown,Streptomyces macrosporus,160
WP_344316693,gvpJ,Unknown,Streptomyces javensis,163
WP_344272135,gvpJ,Unknown,Actinomadura,146
WP_344236616,gvpJ,Unknown,Actinocorallia libanotica,147
WP_344062854,gvpJ,Unknown,Terrabacter lapilli,55
WP_343943842,gvpJ,Unknown,Pseudonocardia zijingensis,143
WP_341335490,gvpJ,Unknown,Pseudonocardia sp. T1-2H,144
WP_339133483,gvpJ,Unknown,Streptomyces sp. f51,79
WP_338785542,gvpJ,Unknown,Streptomyces sp. DG1A-41,128
WP_336857530,gvpJ,Unknown,Sinomonas albida,135
WP_336364945,gvpJ,Unknown,Halalkalicoccus salilacus,67
WP_331625959,gvpJ,Unknown,Actinomycetospora sp.,129
WP_331555812,gvpJ,Unknown,Actinomycetospora sp.,120
WP_331555547,gvpJ,Unknown,Actinomycetospora sp.,133
WP_330139059,gvpJ,Unknown,Streptomyces sp. TRM 70351,103
WP_328557726,gvpJ,Unknown,unclassified Streptomyces,156
WP_327837069,gvpJ,Unknown,Bacillus salipaludis,74
WP_327701230,gvpJ,Unknown,Streptomyces decoyicus,157
WP_326596516,gvpJ,Unknown,Streptomyces sp. NBC_01803,156
WP_324984081,gvpJ,Unknown,Streptomyces sp.,145
WP_324923323,gvpJ,Unknown,Streptomyces sp.,167
WP_324922531,gvpJ,Unknown,Streptomyces sp.,141
WP_324773436,gvpJ,Unknown,Streptomyces kunmingensis,143
WP_317761218,gvpJ,Unknown,Rhodococcus opacus,122
WP_317613009,gvpJ,Unknown,Rhodococcus opacus,122
WP_317612997,gvpJ,Unknown,Rhodococcus opacus,121
WP_317546184,gvpJ,Unknown,Rhodococcus globerulus,124
WP_317433956,gvpJ,Unknown,Streptomyces fradiae,133
WP_307563426,gvpJ,Unknown,Streptosporangium,138
WP_306385727,gvpJ,Unknown,Priestia megaterium,92
WP_305708537,gvpJ,Unknown,Nocardioides sp.,142
WP_302069072,gvpJ,Unknown,Rhodococcus ruber,138
WP_289937390,gvpJ,Unknown,Streptomyces sp. S.PNR 29,121
WP_285583511,gvpJ,Unknown,Actinoallomurus iriomotensis,139
WP_281295206,gvpJ,Unknown,unclassified Streptomyces,130
WP_273941355,gvpJ,Unknown,Kutzneria chonburiensis,287
WP_272877113,gvpJ,Unknown,Streptomyces caniscabiei,47
WP_270153643,gvpJ,Unknown,Nonomuraea corallina,95
WP_270110667,gvpJ,Unknown,Glycomyces luteolus,131
WP_269856954,gvpJ,Unknown,Streptomyces sp. RPT161,150
WP_268759005,gvpJ,Unknown,Amycolatopsis cynarae,133
WP_265120860,gvpJ,Unknown,Hoyosella sp. YIM 151337,138
WP_256227925,gvpJ,Unknown,Fictibacillus sp. WQ 8-8,87
WP_253905091,gvpJ,Unknown,Arthrobacter sp. H14,100
WP_253815045,gvpJ,Unknown,Nocardia amikacinitolerans,131
WP_252784631,gvpJ,Unknown,Actinoallomurus rhizosphaericola,133
WP_247017670,gvpJ,Unknown,Amycolatopsis sp. FBCC-B4732,103
WP_238859684,gvpJ,Unknown,Kitasatospora sp. A2-31,146
WP_237516355,gvpJ,Unknown,Streptomyces sp. PSAA01,163
WP_233040741,gvpJ,Unknown,Nocardia yamanashiensis,163
WP_229875336,gvpJ,Unknown,Streptomyces coeruleorubidus,128
WP_222997719,gvpJ,Unknown,Streptomyces sp. SP2-10,126
WP_222981888,gvpJ,Unknown,Streptantibioticus parmotrematis,146
WP_222968429,gvpJ,Unknown,Actinacidiphila acidipaludis,153
WP_221750511,gvpJ,Unknown,Streptomyces sp. TRM72054,158
WP_218268660,gvpJ,Unknown,Rhodococcus opacus,120
WP_217579371,gvpJ,Unknown,Rhodococcus,136
WP_211469299,gvpJ,Unknown,Actinocrinis puniceicyclus,71
WP_209265705,gvpJ,Unknown,Streptomyces spirodelae,174
WP_205044922,gvpJ,Unknown,Actinacidiphila bryophytorum,148
WP_202231957,gvpJ,Unknown,Actinacidiphila reveromycinica,154
WP_200669297,gvpJ,Unknown,Oxynema sp. CENA135,143
WP_196770926,gvpJ,Unknown,Mycobacterium colombiense,61
WP_190565276,gvpJ,Unknown,Nostoc parmelioides,148
WP_174615697,gvpJ,Unknown,Virgibacillus ihumii,86
WP_174315509,gvpJ,Unknown,Nocardia,135
WP_172629352,gvpJ,Unknown,Streptomyces sp. NL15-2K,153
WP_169253084,gvpJ,Unknown,Brevibacterium sp. 'Marine',144
WP_168532273,gvpJ,Unknown,Streptomyces,156
WP_165286189,gvpJ,Unknown,Streptomyces sp. SID10362,114
WP_165286185,gvpJ,Unknown,Streptomyces,161
WP_164439066,gvpJ,Unknown,unclassified Streptomyces,182
WP_164339372,gvpJ,Unknown,Streptomyces sp. SID7958,156
WP_156935221,gvpJ,Unknown,Pseudonocardia spinosispora,148
WP_152232733,gvpJ,Unknown,Georgenia ruanii,137
WP_151543833,gvpJ,Unknown,Actinomadura montaniterrae,148
WP_148136277,gvpJ,Unknown,Candidatus Formimonas warabiya,83
WP_143924518,gvpJ,Unknown,Brevibacterium aurantiacum,138
WP_137815537,gvpJ,Unknown,Gandjariella thermophila,132
WP_137798629,gvpJ,Unknown,Rhodococcus sp. SGAir0479,66
WP_134699222,gvpJ,Unknown,Ammoniphilus sp. YIM 78166,63
WP_129288461,gvpJ,Unknown,unclassified Streptomyces,151
WP_128638432,gvpJ,Unknown,Rhodococcus opacus,121
WP_126597031,gvpJ,Unknown,Dictyobacter aurantiacus,76
WP_124393806,gvpJ,Unknown,Rhodococcus,136
WP_123665077,gvpJ,Unknown,Actinocorallia herbida,154
WP_117327636,gvpJ,Unknown,Peribacillus saganii,82
WP_112261210,gvpJ,Unknown,Lentzea terrae,50
WP_111179881,gvpJ,Unknown,Nonomuraea aridisoli,150
WP_101276560,gvpJ,Unknown,Streptomyces,154
WP_100579132,gvpJ,Unknown,Streptomyces,147
WP_097211859,gvpJ,Unknown,Rhodococcus,135
WP_095864226,gvpJ,Unknown,Rhodococcus sp. ACS1,122
WP_091452606,gvpJ,Unknown,Micromonospora inyonensis,130
WP_072950985,gvpJ,Unknown,Rhodococcus koreensis,121
WP_066996306,gvpJ,Unknown,Mycobacterium sp. 1465703.0,134
WP_066366698,gvpJ,Unknown,Herbidospora mongoliensis,142
WP_064062316,gvpJ,Unknown,Rhodococcus,128
WP_058041728,gvpJ,Unknown,Streptomyces roseifaciens,61
WP_054566360,gvpJ,Unknown,unclassified Frankia,171
WP_046703544,gvpJ,Unknown,Streptomyces europaeiscabiei,155
WP_046585201,gvpJ,Unknown,Bacillus sp. SA1-12,86
WP_039957896,gvpJ,Unknown,Rhodococcus pyridinivorans,137
WP_037240165,gvpJ,Unknown,Rhodococcus,122
WP_030822200,gvpJ,Unknown,Streptomyces hygroscopicus,169
WP_411949762,gvpJ,Unknown,Streptomyces sp. NPDC000405,142
WP_409293709,gvpJ,Unknown,Paraperibacillus marinus,87
WP_409274775,gvpJ,Unknown,Neobacillus oceani,109
WP_409088687,gvpJ,Unknown,Streptomyces scabiei,177
WP_408010091,gvpJ,Unknown,Saccharopolyspora terrae,139
WP_407554624,gvpJ,Unknown,Streptomyces sp. Pv4-95,156
WP_406467920,gvpJ,Unknown,Streptomyces sp. NBC_01594,149
WP_406430168,gvpJ,Unknown,Streptomyces sp. NBC_01589,149
WP_406397445,gvpJ,Unknown,Streptomyces sp. NBC_00879,145
WP_406337038,gvpJ,Unknown,Streptomyces sp. NBC_00649,153
WP_405780402,gvpJ,Unknown,Streptomyces sp. NBC_00859,154
WP_404800302,gvpJ,Unknown,Actinomadura rudentiformis,158
WP_403872797,gvpJ,Unknown,Streptomyces sp. NPDC102490,171
WP_403521312,gvpJ,Unknown,Streptomyces sp. NPDC101158,143
WP_403339040,gvpJ,Unknown,Streptomyces caniferus,157
WP_402430414,gvpJ,Unknown,Streptomyces sp. NPDC086766,178
WP_401883950,gvpJ,Unknown,Streptomyces sp. NPDC088400,152
WP_401545964,gvpJ,Unknown,Streptomyces sp. NPDC091385,138
WP_401473737,gvpJ,Unknown,Streptomyces coeruleorubidus,128
WP_401365074,gvpJ,Unknown,Streptomyces sp. NPDC088755,157
WP_400867644,gvpJ,Unknown,Amycolatopsis sp. NPDC098790,49
WP_400843985,gvpJ,Unknown,Streptomyces decoyicus,157
WP_400649815,gvpJ,Unknown,[Kitasatospora] papulosa,149
WP_399653221,gvpJ,Unknown,Streptomyces antimycoticus,161
WP_399646374,gvpJ,Unknown,Streptomyces sp. NPDC053367,137
WP_398709346,gvpJ,Unknown,Streptomyces sioyaensis,144
WP_398611758,gvpJ,Unknown,Streptomyces buecherae,146
WP_398184053,gvpJ,Unknown,unclassified Streptomyces,165
WP_396454510,gvpJ,Unknown,Actinomadura sp.,146
WP_393767377,gvpJ,Unknown,Streptomyces sp. NPDC048567,146
WP_393680931,gvpJ,Unknown,Streptomyces sp. NPDC048644,153
WP_393611983,gvpJ,Unknown,Streptomyces sp. NPDC048387,157
WP_393149871,gvpJ,Unknown,Nonomuraea sp. NPDC047897,139
WP_392314627,gvpJ,Unknown,Streptomyces sp. NPDC014892,171
WP_392220724,gvpJ,Unknown,Streptomyces sp. NPDC015131,92
WP_392195683,gvpJ,Unknown,Streptomyces sp. NPDC014864,178
WP_392127498,gvpJ,Unknown,Streptomyces parvulus,122
WP_392030386,gvpJ,Unknown,Streptomyces coeruleorubidus,128
WP_391808342,gvpJ,Unknown,Streptomyces sp. NPDC013978,171
WP_391689729,gvpJ,Unknown,Streptomyces sp. NPDC014006,119
WP_391639921,gvpJ,Unknown,Streptomyces sp. NPDC014603,182
WP_389947820,gvpJ,Unknown,Streptosporangium sp. NPDC000396,136
WP_389298951,gvpJ,Unknown,Streptomyces sp. NPDC003720,138
WP_389084407,gvpJ,Unknown,Streptomyces sp. NPDC002742,155
WP_389048248,gvpJ,Unknown,Streptomyces sp. NPDC002962,133
WP_388638898,gvpJ,Unknown,Streptomyces prasinus,316
WP_388134715,gvpJ,Unknown,Streptomyces cyaneofuscatus,166
WP_388030863,gvpJ,Unknown,Streptomyces chartreusis,138
WP_387468754,gvpJ,Unknown,Rhodococcus sp. NPDC003318,134
WP_386071557,gvpJ,Unknown,Streptomyces,154
WP_385850774,gvpJ,Unknown,unclassified Streptomyces,167
WP_385792588,gvpJ,Unknown,unclassified Streptomyces,159
WP_385204772,gvpJ,Unknown,Streptomyces sp. NPDC059455,156
WP_385147931,gvpJ,Unknown,Streptomyces sp. NPDC059426,149
WP_385096330,gvpJ,Unknown,unclassified Streptomyces,150
WP_385059802,gvpJ,Unknown,Streptomyces sp. NPDC059409,157
WP_385030979,gvpJ,Unknown,unclassified Streptomyces,148
WP_384591608,gvpJ,Unknown,unclassified Streptomyces,155
WP_384332511,gvpJ,Unknown,Streptomyces sp. NPDC058576,154
WP_384285835,gvpJ,Unknown,Streptomyces sp. NPDC058420,48
WP_384006583,gvpJ,Unknown,unclassified Streptomyces,150
WP_383300417,gvpJ,Unknown,Streptomyces sp. NPDC057249,146
WP_383260736,gvpJ,Unknown,Streptomyces sp. NPDC056517,170
WP_383239688,gvpJ,Unknown,Streptomyces sp. NPDC057301,163
WP_383185219,gvpJ,Unknown,Streptomyces sp. NPDC056452,149
WP_383149651,gvpJ,Unknown,Streptomyces sp. NPDC056697,149
WP_382777210,gvpJ,Unknown,Streptomyces rubiginosohelvolus,154
WP_381575368,gvpJ,Unknown,Streptomyces chartreusis,151
WP_380201731,gvpJ,Unknown,Kribbella sp. NPDC059898,153
WP_379104634,gvpJ,Unknown,Nocardia sp. NPDC056611,134
WP_378905425,gvpJ,Unknown,unclassified Nocardioides,154
WP_378691512,gvpJ,Unknown,Rhodococcus koreensis,138
WP_378690054,gvpJ,Unknown,Rhodococcus koreensis,127
WP_378682894,gvpJ,Unknown,Rhodococcus koreensis,124
WP_378681475,gvpJ,Unknown,Nocardioides sp. NPDC058538,65
WP_378473434,gvpJ,Unknown,Rhodococcus jostii,122
WP_378439799,gvpJ,Unknown,unclassified Rhodococcus (in: high G+C Gram-positive bacteria),122
WP_378434578,gvpJ,Unknown,Rhodococcus sp. NPDC057014,131
WP_377221354,gvpJ,Unknown,Promicromonospora sukumoe,205
WP_376768561,gvpJ,Unknown,Pseudonocardia pini,98
WP_376727814,gvpJ,Unknown,Streptomyces,160
WP_371053441,gvpJ,Unknown,Rhodococcus gordoniae,137
WP_370518039,gvpJ,Unknown,unclassified Micromonospora,154
WP_370367730,gvpJ,Unknown,Catenulispora sp. GP43,125
WP_370343371,gvpJ,Unknown,Kribbella sp. VKM Ac-2566,159
WP_369425669,gvpJ,Unknown,Methanothrix sp.,230
WP_368662787,gvpJ,Unknown,Limnospira fusiformis,90
WP_366581336,gvpJ,Unknown,Amycolatopsis sp. NPDC047767,118
WP_365994749,gvpJ,Unknown,Streptomyces sp. NPDC049597,155
WP_365881098,gvpJ,Unknown,Streptomyces sp. NPDC086182,155
WP_365694693,gvpJ,Unknown,unclassified Streptomyces,148
WP_365619557,gvpJ,Unknown,Streptomyces tendae,313
WP_365086357,gvpJ,Unknown,Streptomyces anulatus,164
WP_364779230,gvpJ,Unknown,Streptomyces cyaneofuscatus,166
WP_364452469,gvpJ,Unknown,Amycolatopsis sp. NPDC049691,50
WP_363911415,gvpJ,Unknown,Micromonospora coxensis,122
WP_363899007,gvpJ,Unknown,Saccharopolyspora shandongensis,139
WP_363539175,gvpJ,Unknown,Kitasatospora sp. NPDC093679,139
WP_363533047,gvpJ,Unknown,Dactylosporangium sp. NPDC049525,136
WP_362965468,gvpJ,Unknown,unclassified Streptomyces,140
WP_362907464,gvpJ,Unknown,unclassified Streptomyces,154
WP_362868374,gvpJ,Unknown,Streptomyces sp. NPDC048551,156
WP_362763525,gvpJ,Unknown,unclassified Streptosporangium,143
WP_362593918,gvpJ,Unknown,Streptomyces sp. NPDC048349,113
WP_361909867,gvpJ,Unknown,Streptomyces sp. NPDC029004,148
WP_361693697,gvpJ,Unknown,Streptomyces sp. NPDC026665,118
WP_361486121,gvpJ,Unknown,Streptomyces sp. NPDC019937,153
WP_361092292,gvpJ,Unknown,Amycolatopsis sp. NPDC021455,62
WP_360956852,gvpJ,Unknown,Streptomyces sp. NPDC047000,62
WP_360237722,gvpJ,Unknown,Streptomyces sp. NPDC007851,137
WP_360186801,gvpJ,Unknown,unclassified Streptomyces,111
WP_360030175,gvpJ,Unknown,Streptomyces hirsutus,153
WP_359987045,gvpJ,Unknown,Kitasatospora sp. NPDC007106,135
WP_359721158,gvpJ,Unknown,Streptomyces albidoflavus,163
WP_359444374,gvpJ,Unknown,Streptomyces decoyicus,160
WP_358977293,gvpJ,Unknown,Streptomyces sp. NPDC005752,149
WP_358932601,gvpJ,Unknown,Streptomyces sp. NPDC005963,153
WP_358895808,gvpJ,Unknown,Streptomyces sp. NPDC006670,175
WP_358862131,gvpJ,Unknown,unclassified Streptomyces,148
WP_358843716,gvpJ,Unknown,Streptomyces sp. NPDC005970,148
WP_358810792,gvpJ,Unknown,Streptomyces sp. NPDC006662,157
WP_358630621,gvpJ,Unknown,Streptomyces sp. NPDC005962,163
WP_358061366,gvpJ,Unknown,Micromonospora sp. NPDC007271,125
WP_357943833,gvpJ,Unknown,Nonomuraea sp. NPDC048901,132
WP_357943825,gvpJ,Unknown,unclassified Nonomuraea,131
WP_357687233,gvpJ,Unknown,Nonomuraea sp. NPDC048916,135
WP_357402487,gvpJ,Unknown,Nocardia xishanensis,132
WP_357220077,gvpJ,Unknown,Microbispora sp. NPDC046973,137
WP_357047228,gvpJ,Unknown,Microbispora sp. NPDC046933,137
WP_357040359,gvpJ,Unknown,Micromonospora sp. NPDC049799,120
WP_356833922,gvpJ,Unknown,Streptomyces sp. NPDC006261,158
WP_356833208,gvpJ,Unknown,unclassified Streptomyces,156
WP_356807587,gvpJ,Unknown,Streptomyces sp. NPDC006333,147
WP_356683425,gvpJ,Unknown,Streptomyces sp. NPDC006482,156
WP_356284672,gvpJ,Unknown,Streptomyces sp. NPDC005195,154
WP_356204861,gvpJ,Unknown,unclassified Streptomyces,121
WP_355953266,gvpJ,Unknown,unclassified Streptomyces,149
WP_355827633,gvpJ,Unknown,Streptomyces sp. NPDC005408,79
WP_355441046,gvpJ,Unknown,Streptomyces smyrnaeus,170
WP_355231692,gvpJ,Unknown,Nocardioides sp. NPDC006303,65
WP_355199944,gvpJ,Unknown,Nonomuraea sp. NPDC003709,126
WP_355034815,gvpJ,Unknown,Nocardia sp. NPDC005366,132
WP_355021771,gvpJ,Unknown,Nocardioides sp. NPDC004968,154
WP_354908073,gvpJ,Unknown,Streptomyces albidoflavus,163
WP_353596491,gvpJ,Unknown,unclassified Streptomyces,150
WP_352143183,gvpJ,Unknown,Streptomyces sp. 900105245,132
WP_352005894,gvpJ,Unknown,Streptosporangium saharense,134
WP_349693824,gvpJ,Unknown,Actinopolymorpha sp. B11F2,262
WP_346780626,gvpJ,Unknown,Janibacter sp. DB-40,128
WP_346186164,gvpJ,Unknown,Streptomyces osmaniensis,141
WP_346043377,gvpJ,Unknown,Actinomadura chokoriensis,145
WP_345620206,gvpJ,Unknown,Streptomyces ziwulingensis,329
WP_345227981,gvpJ,Unknown,Streptomyces cremeus,134
WP_344062836,gvpJ,Unknown,Terrabacter lapilli,138
WP_342803887,gvpJ,Unknown,Luteipulveratus flavus,135
WP_336497391,gvpJ,Unknown,Psychrobacillus mangrovi,86
WP_335483242,gvpJ,Unknown,Priestia megaterium,38
WP_334619268,gvpJ,Unknown,Micromonospora sp. CPCC 206061,86
WP_334172390,gvpJ,Unknown,Sinomonas sp.,134
WP_334172385,gvpJ,Unknown,Sinomonas sp.,131
WP_332427265,gvpJ,Unknown,Streptomyces sp. P9-A2,156
WP_330865536,gvpJ,Unknown,Nocardioides sp.,139
WP_330846462,gvpJ,Unknown,Actinophytocola sp.,56
WP_330811521,gvpJ,Unknown,Streptomyces asiaticus,160
WP_329083719,gvpJ,Unknown,unclassified Streptosporangium,146
WP_328686932,gvpJ,Unknown,Streptomyces caniferus,157
WP_328470675,gvpJ,Unknown,Streptomyces sp. NBC_00448,145
WP_328242226,gvpJ,Unknown,Priestia megaterium,92
WP_327099535,gvpJ,Unknown,Nocardia,134
WP_326784448,gvpJ,Unknown,Streptomyces sp. NBC_00151,156
WP_326704270,gvpJ,Unknown,Streptomyces cyaneofuscatus,168
WP_326362608,gvpJ,Unknown,Nocardia sp. CDC160,162
WP_325719085,gvpJ,Unknown,Actinocrinis sp.,133
WP_310171939,gvpJ,Unknown,Enteractinococcus fodinae,136
WP_308634027,gvpJ,Unknown,Paenibacillus silvisoli,59
WP_289235467,gvpJ,Unknown,Alkalihalophilus pseudofirmus,86
WP_285921407,gvpJ,Unknown,Actinomadura opuntiae,149
WP_276096000,gvpJ,Unknown,Streptomyces silvisoli,155
WP_275742322,gvpJ,Unknown,Nocardioides sp. YIM 152315,79
WP_274230112,gvpJ,Unknown,Actinomycetospora straminea,126
WP_274187273,gvpJ,Unknown,Actinomycetospora,127
WP_271830341,gvpJ,Unknown,Dolichospermum circinale,38
WP_271775696,gvpJ,Unknown,Aphanizomenon sp. CS-733/32,41
WP_267079292,gvpJ,Unknown,Streptomyces sp. NBC_00059,149
WP_261705659,gvpJ,Unknown,Streptomyces,155
WP_257541989,gvpJ,Unknown,Streptomyces sp. CA-210063,170
WP_239769316,gvpJ,Unknown,Streptomyces,176
WP_238016907,gvpJ,Unknown,Dactylosporangium sp. AC04546,134
WP_238016900,gvpJ,Unknown,Dactylosporangium sp. AC04546,106
WP_231412515,gvpJ,Unknown,Rhodococcus pyridinivorans,132
WP_229319461,gvpJ,Unknown,Streptomyces californicus,149
WP_221298611,gvpJ,Unknown,Streptomyces,127
WP_219533988,gvpJ,Unknown,Nonomuraea guangzhouensis,136
WP_218346407,gvpJ,Unknown,Bacillus sp. sid0103,82
WP_208516020,gvpJ,Unknown,Streptomyces sp. NEAU-YJ-81,164
WP_205377452,gvpJ,Unknown,Streptomyces zhihengii,161
WP_205220362,gvpJ,Unknown,Desulforhopalus vacuolatus,37
WP_202517510,gvpJ,Unknown,Streptomyces sp. SID685,68
WP_201855045,gvpJ,Unknown,Streptomyces endocoffeicus,177
WP_189229508,gvpJ,Unknown,Streptomyces flaveolus,125
WP_188193266,gvpJ,Unknown,Nonomuraea sp. SYSU D8015,126
WP_186355974,gvpJ,Unknown,Streptomonospora sp. PA3,147
WP_185024556,gvpJ,Unknown,Actinomadura coerulea,144
WP_182882347,gvpJ,Unknown,Microbispora sp. H10949,137
WP_182471640,gvpJ,Unknown,Streptomyces sp. GMR22,163
WP_182327850,gvpJ,Unknown,Streptomyces pristinaespiralis,162
WP_170943370,gvpJ,Unknown,Methanosarcina spelaei,35
WP_169747852,gvpJ,Unknown,Pseudonocardia acaciae,140
WP_168073634,gvpJ,Unknown,Planosporangium flavigriseum,117
WP_166020951,gvpJ,Unknown,Streptomyces,199
WP_162425309,gvpJ,Unknown,Myxacorys almedinensis,147
WP_161330935,gvpJ,Unknown,Streptomyces sp. SID5789,126
WP_161298225,gvpJ,Unknown,Streptomyces,61
WP_161203456,gvpJ,Unknown,Streptomyces sp. SID1328,179
WP_161180234,gvpJ,Unknown,Streptomyces sp. SID4985,83
WP_161163621,gvpJ,Unknown,Streptomyces sp. SID5910,121
WP_160918156,gvpJ,Unknown,Guptibacillus hwajinpoensis,86
WP_159922113,gvpJ,Unknown,Rhodococcus,122
WP_157172854,gvpJ,Unknown,Nocardia exalbida,138
WP_157170909,gvpJ,Unknown,Nocardia araoensis,135
WP_157112160,gvpJ,Unknown,Nocardia,136
WP_155547544,gvpJ,Unknown,Amycolatopsis camponoti,59
WP_155070050,gvpJ,Unknown,Streptomyces taklimakanensis,140
WP_150491521,gvpJ,Unknown,Streptomyces nitrosporeus,118
WP_148765224,gvpJ,Unknown,Actinomadura decatromicini,150
WP_145726522,gvpJ,Unknown,Nocardioides sp. J9,140
WP_138845184,gvpJ,Unknown,Rhodococcus pyridinivorans,132
WP_136909281,gvpJ,Unknown,Rhodococcus oryzae,124
WP_132594271,gvpJ,Unknown,Nonomuraea deserti,135
WP_132205587,gvpJ,Unknown,Actinomadura darangshiensis,147
WP_131755383,gvpJ,Unknown,Actinomadura fibrosa,146
WP_125308123,gvpJ,Unknown,Amycolatopsis eburnea,105
WP_121826188,gvpJ,Unknown,Streptomyces rapamycinicus,147
WP_121785312,gvpJ,Unknown,Streptomyces dangxiongensis,116
WP_113643023,gvpJ,Unknown,Prauserella,138
WP_112466849,gvpJ,Unknown,Streptomyces triticisoli,136
WP_111006173,gvpJ,Unknown,Streptomyces sp. NTH33,125
WP_111005537,gvpJ,Unknown,Streptomyces sp. NTH33,128
WP_109694608,gvpJ,Unknown,Nocardioides silvaticus,145
WP_109525988,gvpJ,Unknown,Nocardia,128
WP_107363825,gvpJ,Unknown,Staphylococcus chromogenes,115
WP_101568580,gvpJ,Unknown,Bacillaceae,88
WP_095870867,gvpJ,Unknown,Rhodococcus sp. ACPA1,121
WP_095870856,gvpJ,Unknown,Rhodococcus sp. ACPA1,138
WP_083973931,gvpJ,Unknown,Herbidospora daliensis,110
WP_079575355,gvpJ,Unknown,Krasilnikoviella flava,137
WP_079056090,gvpJ,Unknown,Streptomyces caeruleatus,162
WP_073368608,gvpJ,Unknown,Rhodococcus jostii,121
WP_073368588,gvpJ,Unknown,Rhodococcus jostii,125
WP_073361684,gvpJ,Unknown,Rhodococcus jostii,137
WP_069626420,gvpJ,Unknown,Streptomyces,153
WP_069331550,gvpJ,Unknown,Cereibacter johrii,74
WP_067796745,gvpJ,Unknown,Mycobacterium sp. ACS1612,136
WP_067671016,gvpJ,Unknown,Nocardia miyunensis,134
WP_066973553,gvpJ,Unknown,Streptomyces sp. NRRL F-4489,147
WP_065127432,gvpJ,Unknown,Mycobacterium colombiense,134
WP_055635912,gvpJ,Unknown,Streptomyces griseoruber,155
WP_051182557,gvpJ,Unknown,Nocardia vinacea,134
WP_050183860,gvpJ,Unknown,Domibacillus robiginosus,86
WP_049574594,gvpJ,Unknown,Streptomyces sp. SBT349,76
WP_039800246,gvpJ,Unknown,Nocardia araoensis,128
WP_037578060,gvpJ,Unknown,Phaeacidiphilus oryzae,183
WP_037356022,gvpJ,Unknown,Amycolatopsis orientalis,60
WP_020641806,gvpJ,Unknown,Amycolatopsis balhimycina,65
WP_017982640,gvpJ,Unknown,Amycolatopsis methanolica,132
WP_011611921,gvpJ,Unknown,Trichodesmium erythraeum,153
WP_004992933,gvpJ,Unknown,Streptomyces viridosporus,128
WP_404455638,gvpJ,Unknown,Oceanobacillus kapialis,113
WP_403787355,gvpJ,Unknown,Streptomyces vinaceus,155
WP_402121804,gvpJ,Unknown,Streptomyces microflavus,168
WP_400065129,gvpJ,Unknown,Streptomyces sp. NPDC053427,81
WP_399991984,gvpJ,Unknown,Streptomyces venezuelae,161
WP_397927607,gvpJ,Unknown,unclassified Streptomyces,163
WP_397722810,gvpJ,Unknown,Streptomyces althioticus,121
WP_397070392,gvpJ,Unknown,Nonomuraea sp. NPDC050536,136
WP_396416449,gvpJ,Unknown,Lentzea sp. NPDC051213,52
WP_396081155,gvpJ,Unknown,Actinomadura luteofluorescens,147
WP_395287017,gvpJ,Unknown,Georgenia sp. AZ-5,321
WP_393692221,gvpJ,Unknown,Streptomyces sp. NPDC048182,193
WP_389368384,gvpJ,Unknown,unclassified Streptomyces,135
WP_387236033,gvpJ,Unknown,Streptomyces sp. NPDC127097,141
WP_384212539,gvpJ,Unknown,Streptomyces sp. NPDC058442,136
WP_384124016,gvpJ,Unknown,unclassified Streptomyces,152
WP_382845201,gvpJ,Unknown,Streptomyces sp. NPDC056653,153
WP_382791797,gvpJ,Unknown,Streptomyces sp. NPDC057052,172
WP_382243977,gvpJ,Unknown,Streptomyces anulatus,162
WP_381750501,gvpJ,Unknown,Streptomyces anulatus,162
WP_381651710,gvpJ,Unknown,Streptomyces chartreusis,137
WP_381651215,gvpJ,Unknown,Streptomyces chartreusis,148
WP_380946984,gvpJ,Unknown,Streptomyces cyaneofuscatus,166
WP_380841348,gvpJ,Unknown,Streptomyces coeruleoprunus,156
WP_378755513,gvpJ,Unknown,Nocardia sp. NPDC058499,135
WP_378691544,gvpJ,Unknown,Rhodococcus koreensis,121
WP_378086113,gvpJ,Unknown,Citricoccus sp. GCM10030269,141
WP_374104493,gvpJ,Unknown,Streptomyces sp. HB132,156
WP_371800265,gvpJ,Unknown,Streptomyces sp. NBC_01707,154
WP_369205875,gvpJ,Unknown,Streptomyces sp. PU-14G,176
WP_369176076,gvpJ,Unknown,Streptomyces mutabilis,176
WP_368448120,gvpJ,Unknown,Streptomyces sp. C184,136
WP_367036691,gvpJ,Unknown,Rossellomorea marisflavi,85
WP_366891138,gvpJ,Unknown,Streptomyces sp. NPDC006655,126
WP_366762405,gvpJ,Unknown,Streptomyces sp. NPDC046870,126
WP_366161491,gvpJ,Unknown,Kitasatospora sp. NPDC085895,150
WP_365704920,gvpJ,Unknown,Streptomyces sp. NPDC052727,123
WP_365512923,gvpJ,Unknown,Streptomyces sp. NPDC052225,115
WP_365339309,gvpJ,Unknown,Streptomyces sp. NPDC051921,155
WP_364553549,gvpJ,Unknown,Actinomadura sp. NPDC049382,148
WP_364523296,gvpJ,Unknown,Streptomyces niveus,156
WP_364176281,gvpJ,Unknown,unclassified Amycolatopsis,136
WP_364002447,gvpJ,Unknown,Streptomyces violaceusniger,149
WP_362066103,gvpJ,Unknown,Streptomyces sp. NPDC048275,158
WP_361875507,gvpJ,Unknown,Streptomyces sp. NPDC026589,164
WP_361801504,gvpJ,Unknown,Streptomyces sparsogenes,146
WP_361764850,gvpJ,Unknown,unclassified Streptomyces,159
WP_360593966,gvpJ,Unknown,Streptomyces sp. NPDC012461,182
WP_359498589,gvpJ,Unknown,Streptomyces fagopyri,111
WP_358645145,gvpJ,Unknown,Streptomyces milbemycinicus,162
WP_358574759,gvpJ,Unknown,Saccharopolyspora sp. NPDC050642,139
WP_358503469,gvpJ,Unknown,Saccharopolyspora shandongensis,139
WP_358380111,gvpJ,Unknown,Saccharopolyspora shandongensis,139
WP_357271589,gvpJ,Unknown,Nocardia sp. NPDC023852,135
WP_357172745,gvpJ,Unknown,Nocardia sp. NPDC049190,133
WP_357068918,gvpJ,Unknown,Nocardia sp. NPDC049220,133
WP_354791646,gvpJ,Unknown,Dactylosporangium sp. NPDC005555,137
WP_351745488,gvpJ,Unknown,Streptomyces nitrosporeus,148
WP_348605331,gvpJ,Unknown,Prescottella soli,133
WP_345348733,gvpJ,Unknown,Actinoallomurus liliacearum,132
WP_344322511,gvpJ,Unknown,Streptomyces macrosporus,318
WP_341471611,gvpJ,Unknown,Candidatus Chlorohelix allophototropha,93
WP_336365150,gvpJ,Unknown,Halalkalicoccus salilacus,67
WP_335520460,gvpJ,Unknown,Neobacillus vireti,79
WP_335513859,gvpJ,Unknown,Neobacillus vireti,86
WP_332694795,gvpJ,Unknown,Halalkalibacter lacteus,73
WP_332100963,gvpJ,Unknown,Halalkalicoccus,67
WP_326579113,gvpJ,Unknown,unclassified Streptomyces,177
WP_324843165,gvpJ,Unknown,Actinocrinis sp.,64
WP_311037228,gvpJ,Unknown,Streptomyces,165
WP_310171950,gvpJ,Unknown,Enteractinococcus fodinae,317
WP_303904483,gvpJ,Unknown,Enteractinococcus helveticum,135
WP_283878888,gvpJ,Unknown,Neobacillus sp. SuZ13,83
WP_274820552,gvpJ,Unknown,Streptomyces,128
WP_269689683,gvpJ,Unknown,Micromonospora sp. WMMC241,139
WP_264152641,gvpJ,Unknown,Rhodococcus sacchari,128
WP_240499242,gvpJ,Unknown,Streptomyces prasinus,321
WP_239074632,gvpJ,Unknown,Streptomyces sp. SID10853,154
WP_226778589,gvpJ,Unknown,Natrinema zhouii,120
WP_223047317,gvpJ,Unknown,Leptothermofonsia sichuanensis,139
WP_212604243,gvpJ,Unknown,Sporosarcina sp. Marseille-Q4063,77
WP_210253684,gvpJ,Unknown,Methylocella tundrae,207
WP_207269321,gvpJ,Unknown,Natrinema longum,77
WP_200903442,gvpJ,Unknown,Rhodococcus ruber,142
WP_197250158,gvpJ,Unknown,unclassified Rhodococcus (in: high G+C Gram-positive bacteria),73
WP_195894402,gvpJ,Unknown,Nonomuraea cypriaca,134
WP_189873939,gvpJ,Unknown,Streptomyces viridiviolaceus,166
WP_189850814,gvpJ,Unknown,Streptomyces omiyaensis,168
WP_189132647,gvpJ,Unknown,Wenjunlia tyrosinilytica,144
WP_186359150,gvpJ,Unknown,Pseudonocardia sp. C8,221
WP_119902044,gvpJ,Unknown,Nesterenkonia natronophila,135
WP_106239798,gvpJ,Unknown,Allonocardiopsis opalescens,138
WP_100592665,gvpJ,Unknown,unclassified Streptomyces,154
WP_100010261,gvpJ,Unknown,Lentibacillus sediminis,86
WP_098083559,gvpJ,Unknown,Nocardia,130
WP_085468312,gvpJ,Unknown,Rhodococcus,124
WP_081241279,gvpJ,Unknown,Streptomyces viridosporus,128
WP_073877193,gvpJ,Unknown,Streptomyces sp. CB00316,159
WP_402342717,gvpJ,Unknown,Streptomyces sp. NPDC087218,141
WP_398374102,gvpJ,Unknown,Streptomyces sp. NPDC021225,148
WP_397967128,gvpJ,Unknown,Streptomyces platensis,141
WP_388207083,gvpJ,Unknown,Streptomyces clavifer,117
WP_362870274,gvpJ,Unknown,Streptosporangium sp. NPDC048865,146
WP_329037865,gvpJ,Unknown,Streptomyces sp. NBC_01725,155
WP_228984041,gvpJ,Unknown,Streptomyces sp. DH12,133
WP_201877975,gvpJ,Unknown,Streptomyces coffeae,149
WP_179788995,gvpJ,Unknown,Actinopolymorpha rutila,155
WP_118906547,gvpJ,Unknown,Streptomyces,156
WP_006867687,gvpJ,Unknown,Gordonia namibiensis,129
WP_418960667,gvpJ,Unknown,Streptomyces tritici,146
WP_414420531,gvpJ,Unknown,Synechococcus sp. W70.1,433
WP_414382134,gvpJ,Unknown,Synechococcus sp. W55.2,432
WP_413807529,gvpJ,Unknown,Streptomyces lacaronensis,158
WP_413802190,gvpJ,Unknown,Streptomyces iranensis,126
WP_412797717,gvpJ,Unknown,Streptomyces sp. MS19,140
WP_409303445,gvpJ,Unknown,Peribacillus sedimenti,86
WP_408638113,gvpJ,Unknown,Nonomuraea corallina,129
WP_406686010,gvpJ,Unknown,Rossellomorea vietnamensis,86
WP_406111641,gvpJ,Unknown,Streptomyces sp. NBC_01003,91
WP_405785084,gvpJ,Unknown,Streptomyces sp. NBC_01378,155
WP_404444697,gvpJ,Unknown,Sutcliffiella horikoshii,86
WP_404405703,gvpJ,Unknown,Jeotgalibacillus malaysiensis,84
WP_403809405,gvpJ,Unknown,Streptomyces sp. NPDC101133,161
WP_403794200,gvpJ,Unknown,Streptomyces sp. NPDC102264,148
WP_403777655,gvpJ,Unknown,Streptomyces sp. NPDC102402,154
WP_403607582,gvpJ,Unknown,Streptomyces sp. NPDC096152,122
WP_402528367,gvpJ,Unknown,Streptomyces sp. NPDC092129,153
WP_401414550,gvpJ,Unknown,Streptomyces sp. NPDC088785,118
WP_400938244,gvpJ,Unknown,Streptomyces halstedii,164
WP_397545626,gvpJ,Unknown,Saccharopolyspora rosea,142
WP_393413070,gvpJ,Unknown,Nonomuraea sp. NPDC048826,95
WP_393256793,gvpJ,Unknown,Streptomyces sp. NPDC048566,154
WP_393110198,gvpJ,Unknown,Streptomyces sp. NPDC047706,155
WP_391724441,gvpJ,Unknown,Streptomyces viridosporus,114
WP_389709196,gvpJ,Unknown,Streptomyces sp. NPDC058293,117
WP_387435150,gvpJ,Unknown,Rhodococcus aetherivorans,139
WP_387071186,gvpJ,Unknown,unclassified Streptomyces,160
WP_385470418,gvpJ,Unknown,unclassified Streptomyces,173
WP_384408175,gvpJ,Unknown,unclassified Streptomyces,152
WP_383183783,gvpJ,Unknown,unclassified Streptomyces,163
WP_383039624,gvpJ,Unknown,Streptomyces sp. NPDC056909,145
WP_382967608,gvpJ,Unknown,Streptomyces sioyaensis,144
WP_381650986,gvpJ,Unknown,Streptomyces lydicus,143
WP_381633961,gvpJ,Unknown,Streptomyces griseus,158
WP_381598992,gvpJ,Unknown,Streptomyces chartreusis,147
WP_380763016,gvpJ,Unknown,Sphaerisporangium aureirubrum,135
WP_379560672,gvpJ,Unknown,Oceanobacillus kapialis,113
WP_378463288,gvpJ,Unknown,Rhodococcus sp. NPDC056960,125
WP_378440990,gvpJ,Unknown,Rhodococcus sp. NPDC057014,121
WP_378086011,gvpJ,Unknown,Citricoccus sp. GCM10030269,154
WP_377235784,gvpJ,Unknown,Promicromonospora sp. NPDC059942,155
WP_377221359,gvpJ,Unknown,Promicromonospora sukumoe,165
WP_374984371,gvpJ,Unknown,Streptomyces fradiae,133
WP_371637312,gvpJ,Unknown,Streptomyces zaomyceticus,153
WP_369272826,gvpJ,Unknown,Streptomyces sp. R11,155
WP_367921076,gvpJ,Unknown,Nocardioides ginsengisoli,63
WP_366161657,gvpJ,Unknown,Kitasatospora sp. NPDC085895,148
WP_366161490,gvpJ,Unknown,Kitasatospora sp. NPDC085895,139
WP_365934015,gvpJ,Unknown,Streptomyces sp. NPDC079167,148
WP_365081709,gvpJ,Unknown,Streptomyces sp. NPDC051771,165
WP_364663093,gvpJ,Unknown,Nonomuraea fuscirosea,155
WP_364605094,gvpJ,Unknown,Streptomyces niveus,151
WP_364589416,gvpJ,Unknown,Amycolatopsis sp. NPDC051716,90
WP_364328015,gvpJ,Unknown,Nonomuraea sp. NPDC049758,121
WP_364001954,gvpJ,Unknown,Streptomyces violaceusniger,164
WP_363642269,gvpJ,Unknown,Microbispora sp. NPDC088329,138
WP_363521894,gvpJ,Unknown,Kitasatospora sp. NPDC085879,71
WP_363193540,gvpJ,Unknown,Streptomyces sp. NPDC050264,167
WP_363051676,gvpJ,Unknown,Streptomyces sp. NPDC048845,409
WP_363035052,gvpJ,Unknown,Streptomyces sp. NPDC050388,136
WP_362716366,gvpJ,Unknown,Streptomyces sp. NPDC048361,152
WP_362178384,gvpJ,Unknown,Streptomyces sp. NPDC032472,159
WP_362097462,gvpJ,Unknown,Streptomyces sp. NPDC029526,196
WP_361515685,gvpJ,Unknown,Streptomyces sp. NPDC047813,122
WP_360871331,gvpJ,Unknown,Actinocatenispora sera,244
WP_360500288,gvpJ,Unknown,unclassified Kitasatospora,141
WP_358075990,gvpJ,Unknown,Nonomuraea sp. NPDC048892,151
WP_357847584,gvpJ,Unknown,Nonomuraea sp. NPDC048882,151
WP_357480897,gvpJ,Unknown,Promicromonospora sp. NPDC050262,166
WP_357473301,gvpJ,Unknown,Nocardia vinacea,134
WP_356688289,gvpJ,Unknown,Streptomyces sp. NPDC006334,122
WP_355657188,gvpJ,Unknown,Streptomyces zhihengii,161
WP_354727883,gvpJ,Unknown,Streptomyces avermitilis,154
WP_354603136,gvpJ,Unknown,Streptomyces panacea,151
WP_352330227,gvpJ,Unknown,Streptomyces prasinus,321
WP_351203395,gvpJ,Unknown,Streptomyces sp. NPDC002785,145
WP_351181683,gvpJ,Unknown,Saccharopolyspora sp. NPDC000359,135
WP_351128601,gvpJ,Unknown,Streptomyces hirsutus,151
WP_351087176,gvpJ,Unknown,Streptomyces sp. NPDC094048,148
WP_351065898,gvpJ,Unknown,Streptomyces sp. NPDC002838,124
WP_350551979,gvpJ,Unknown,Kitasatospora sp. NPDC097605,142
WP_347778331,gvpJ,Unknown,Nonomuraea sp. B5E05,135
WP_347687166,gvpJ,Unknown,Mycobacterium sp. B14F4,138
WP_345381449,gvpJ,Unknown,Pseudonocardia yuanmonensis,143
WP_345216931,gvpJ,Unknown,Georgenia halophila,136
WP_344997060,gvpJ,Unknown,Nonomuraea helvata,64
WP_344233513,gvpJ,Unknown,Kribbella hippodromi,164
WP_344167020,gvpJ,Unknown,Streptomyces,171
WP_343990894,gvpJ,Unknown,Terrabacter terrae,84
WP_338081197,gvpJ,Unknown,Aphanizomenon flos-aquae,191
WP_337699685,gvpJ,Unknown,Actinomycetospora flava,124
WP_335433543,gvpJ,Unknown,Priestia megaterium,41
WP_333761003,gvpJ,Unknown,Streptomyces sp. IBSBF 2390,132
WP_329585029,gvpJ,Unknown,Nonomuraea sp. LP-02,112
WP_329302683,gvpJ,Unknown,Streptomyces sp. NBC_00659,156
WP_327000062,gvpJ,Unknown,Dactylosporangium sp. NBC_01737,136
WP_324851369,gvpJ,Unknown,Actinocrinis sp.,64
WP_324239414,gvpJ,Unknown,Pseudonocardia sp.,147
WP_323375711,gvpJ,Unknown,Streptomyces sp. RB17,153
WP_319012880,gvpJ,Unknown,Streptomyces,161
WP_317928078,gvpJ,Unknown,Streptomyces coeruleorubidus,128
WP_315789490,gvpJ,Unknown,Bradyrhizobium sp. SZCCHNR3027,202
WP_310968862,gvpJ,Unknown,unclassified Amycolatopsis,108
WP_309240225,gvpJ,Unknown,Actinomadura,39
WP_301178214,gvpJ,Unknown,Actinomadura geliboluensis,148
WP_296144339,gvpJ,Unknown,unclassified Pseudonocardia,148
WP_281928185,gvpJ,Unknown,Methylocystis iwaonis,195
WP_281917467,gvpJ,Unknown,Nocardia,135
WP_281621470,gvpJ,Unknown,Streptomyces sp. WMMC500,164
WP_279541651,gvpJ,Unknown,Streptomyces,128
WP_275523940,gvpJ,Unknown,Kamptonema sp. UHCC 0994,130
WP_273941354,gvpJ,Unknown,Kutzneria chonburiensis,51
WP_272071906,gvpJ,Unknown,Microcystis aeruginosa,39
WP_270110661,gvpJ,Unknown,Glycomyces luteolus,135
WP_268974058,gvpJ,Unknown,Streptomyces sp. S465,159
WP_266424527,gvpJ,Unknown,Streptomyces anulatus,165
WP_266419916,gvpJ,Unknown,unclassified Streptomyces,158
WP_262577927,gvpJ,Unknown,Staphylococcus simulans,120
WP_258311267,gvpJ,Unknown,Streptomyces sp. NWU49,114
WP_251632638,gvpJ,Unknown,Neobacillus niacini,78
WP_251418408,gvpJ,Unknown,Streptomyces meridianus,161
WP_248777184,gvpJ,Unknown,Streptomyces sp. LRE541,159
WP_243417659,gvpJ,Unknown,Actinomycetospora cinnamomea,123
WP_242373765,gvpJ,Unknown,Actinomadura luzonensis,113
WP_241963099,gvpJ,Unknown,Staphylococcus simulans,116
WP_241383614,gvpJ,Unknown,Rhodococcus sp. CH91,128
WP_240197030,gvpJ,Unknown,Nonomuraea lactucae,155
WP_236866518,gvpJ,Unknown,Brevibacterium daeguense,352
WP_231611528,gvpJ,Unknown,unclassified Rhodococcus (in: high G+C Gram-positive bacteria),130
WP_230922436,gvpJ,Unknown,Streptomyces sp. Go40/10,116
WP_227956713,gvpJ,Unknown,Streptomyces,161
WP_225296233,gvpJ,Unknown,Nonomuraea aurantiaca,131
WP_220260449,gvpJ,Unknown,Pseudonocardia sp. DSM 110487,129
WP_212732124,gvpJ,Unknown,unclassified Streptomyces,161
WP_210159115,gvpJ,Unknown,Microbispora oryzae,127
WP_209900889,gvpJ,Unknown,Brachybacterium sacelli,142
WP_208960989,gvpJ,Unknown,Rhodococcus sp. ZPP,136
WP_208609570,gvpJ,Unknown,Streptomyces atriruber,38
WP_206893725,gvpJ,Unknown,Bacillus sp. NTK071,86
WP_206065369,gvpJ,Unknown,Nocardioides sp. JQ2195,137
WP_205358129,gvpJ,Unknown,Actinacidiphila acididurans,153
WP_204762357,gvpJ,Unknown,Lentzea nigeriaca,113
WP_203453664,gvpJ,Unknown,Jiangella aurantiaca,103
WP_201876451,gvpJ,Unknown,Streptomyces coffeae,160
WP_201848271,gvpJ,Unknown,Streptomyces,147
WP_201714560,gvpJ,Unknown,Rossellomorea arthrocnemi,86
WP_201360821,gvpJ,Unknown,Dictyobacter formicarum,76
WP_197924295,gvpJ,Unknown,Streptomyces sp. HB-N217,152
WP_191311917,gvpJ,Unknown,Amycolatopsis,84
WP_189110917,gvpJ,Unknown,Streptomyces camponoticapitis,172
WP_185087185,gvpJ,Unknown,Nonomuraea muscovyensis,138
WP_179826823,gvpJ,Unknown,Streptosporangium sandarakinum,138
WP_175458781,gvpJ,Unknown,Streptomyces,163
WP_162468577,gvpJ,Unknown,Streptomyces adustus,149
WP_154756687,gvpJ,Unknown,Amycolatopsis pithecellobii,132
WP_153292026,gvpJ,Unknown,Streptomyces fagopyri,157
WP_152779220,gvpJ,Unknown,Streptomyces phyllanthi,155
WP_152771706,gvpJ,Unknown,Streptomyces spongiae,124
WP_152690817,gvpJ,Unknown,Jiangella alkaliphila,46
WP_138417356,gvpJ,Unknown,Sinomonas gamaensis,86
WP_136099498,gvpJ,Unknown,Actinomycetes,123
WP_135552854,gvpJ,Unknown,Desulfosporosinus fructosivorans,70
WP_133377287,gvpJ,Unknown,Jeotgalibacillus sp. S-D1,86
WP_133313289,gvpJ,Unknown,Peribacillus frigoritolerans,86
WP_131956531,gvpJ,Unknown,Actinomadura sp. GC306,144
WP_112298985,gvpJ,Unknown,Rhodococcus wratislaviensis,121
WP_109804277,gvpJ,Unknown,Micromonospora sicca,143
WP_106897988,gvpJ,Unknown,Oceanobacillus jordanicus,86
WP_103335657,gvpJ,Unknown,Amycolatopsis sp. CA-126428,108
WP_101467490,gvpJ,Unknown,Nocardia fluminea,137
WP_100010267,gvpJ,Unknown,Lentibacillus sediminis,111
WP_096155008,gvpJ,Unknown,Bacillus,86
WP_095864245,gvpJ,Unknown,Rhodococcus sp. ACS1,121
WP_095229023,gvpJ,Unknown,Terribacillus saccharophilus,87
WP_084523608,gvpJ,Unknown,Nocardia inohanensis,163
WP_079032096,gvpJ,Unknown,Streptomyces specialis,53
WP_075235219,gvpJ,Unknown,Mycobacterium colombiense,126
WP_075022401,gvpJ,Unknown,Actinomadura madurae,145
WP_074314974,gvpJ,Unknown,Micromonospora cremea,142
WP_073369192,gvpJ,Unknown,Rhodococcus jostii,122
WP_069569765,gvpJ,Unknown,Streptomyces lydicus,156
WP_067960222,gvpJ,Unknown,Mycobacterium sp. NAZ190054,137
WP_067886331,gvpJ,Unknown,Actinomadura chibensis,146
WP_064077969,gvpJ,Unknown,Prescottella equi,65
WP_055689253,gvpJ,Unknown,Streptomyces prasinus,121
WP_053205547,gvpJ,Unknown,Jiangella muralis,140
WP_048004754,gvpJ,Unknown,Rossellomorea marisflavi,85
WP_040047997,gvpJ,Unknown,Bacillus thermotolerans,87
WP_038522420,gvpJ,Unknown,Streptomyces noursei,160
WP_038082238,gvpJ,Unknown,Nostocales,136
WP_016931794,gvpJ,Unknown,Rhodococcus sp. R1101,136
WP_411153814,gvpJ,Unknown,Streptomyces,154
WP_410949450,gvpJ,Unknown,Pseudonocardia nantongensis,218
WP_410630538,gvpJ,Unknown,Amycolatopsis sp. cmx-4-83,62
WP_406328407,gvpJ,Unknown,Streptomyces sp. NBC_01617,149
WP_406210406,gvpJ,Unknown,Streptomyces sp. NBC_01017,164
WP_403884294,gvpJ,Unknown,Streptomyces violaceus,127
WP_403349214,gvpJ,Unknown,Streptomyces sp. NPDC096033,167
WP_399168964,gvpJ,Unknown,Streptomyces sp. TLI_171,141
WP_398983404,gvpJ,Unknown,Streptomyces sp. NPDC019443,147
WP_393779144,gvpJ,Unknown,Streptomyces sp. NPDC048448,110
WP_392770137,gvpJ,Unknown,Amycolatopsis sp. NPDC049252,125
WP_391239401,gvpJ,Unknown,unclassified Streptomyces,108
WP_389898336,gvpJ,Unknown,Streptomyces sp. NPDC058001,169
WP_389759901,gvpJ,Unknown,Streptosporangium saharense,134
WP_388193537,gvpJ,Unknown,Streptomyces platensis,141
WP_386406274,gvpJ,Unknown,Streptomyces pratens,159
WP_385197987,gvpJ,Unknown,Streptomyces sp. NPDC059787,121
WP_384879534,gvpJ,Unknown,Streptomyces sp. NPDC059491,144
WP_384794088,gvpJ,Unknown,Streptomyces sp. NPDC059371,81
WP_384783128,gvpJ,Unknown,Streptomyces sp. NPDC059479,162
WP_384577068,gvpJ,Unknown,Streptomyces sp. NPDC059083,138
WP_384573140,gvpJ,Unknown,Streptomyces sp. NPDC059352,157
WP_384573131,gvpJ,Unknown,Streptomyces sp. NPDC059352,122
WP_384485982,gvpJ,Unknown,Streptomyces sp. NPDC058989,160
WP_382768377,gvpJ,Unknown,Streptomyces sp. NPDC056983,110
WP_382629303,gvpJ,Unknown,Streptomyces sp. NPDC056982,156
WP_382557758,gvpJ,Unknown,Streptomyces sp. NPDC056600,196
WP_382552606,gvpJ,Unknown,unclassified Streptomyces,182
WP_382522272,gvpJ,Unknown,unclassified Streptomyces,171
WP_382391528,gvpJ,Unknown,Georgenia alba,159
WP_381064729,gvpJ,Unknown,Streptomyces decoyicus,157
WP_380241872,gvpJ,Unknown,Kitasatospora sp. NPDC057198,144
WP_378681457,gvpJ,Unknown,Nocardioides sp. NPDC058538,154
WP_378514197,gvpJ,Unknown,Rhodococcus sp. NPDC059968,137
WP_378463690,gvpJ,Unknown,Rhodococcus sp. NPDC056960,121
WP_378459151,gvpJ,Unknown,Rhodococcus sp. NPDC127530,52
WP_378453752,gvpJ,Unknown,unclassified Rhodococcus (in: high G+C Gram-positive bacteria),124
WP_378260791,gvpJ,Unknown,Actinomadura gamaensis,184
WP_375007742,gvpJ,Unknown,Alteribacillus sp. JSM 102045,109
WP_371874158,gvpJ,Unknown,Streptomyces,154
WP_370969100,gvpJ,Unknown,Amycolatopsis sp. cg9,62
WP_367742673,gvpJ,Unknown,Microbispora sp. NPDC049125,136
WP_366401609,gvpJ,Unknown,unclassified Streptomyces,124
WP_365303770,gvpJ,Unknown,uncultured Thiodictyon sp.,51
WP_364721516,gvpJ,Unknown,Amycolatopsis sp. NPDC051128,133
WP_364562244,gvpJ,Unknown,Amycolatopsis sp. NPDC051045,105
WP_362420804,gvpJ,Unknown,Streptomyces tendae,173
WP_362284304,gvpJ,Unknown,Streptomyces sparsogenes,146
WP_361935304,gvpJ,Unknown,Streptomyces sp. NPDC046928,160
WP_361380845,gvpJ,Unknown,Streptomyces sp. NPDC047017,131
WP_361092298,gvpJ,Unknown,Amycolatopsis sp. NPDC021455,108
WP_360632131,gvpJ,Unknown,Streptomyces sp. NPDC007369,151
WP_360382922,gvpJ,Unknown,Dactylosporangium sp. NPDC049140,126
WP_359799438,gvpJ,Unknown,Streptomyces griseus,119
WP_359274494,gvpJ,Unknown,Streptomyces chilikensis,199
WP_359113675,gvpJ,Unknown,Streptomyces rubiginosohelvolus,152
WP_358626618,gvpJ,Unknown,Streptomyces abikoensis,142
WP_358626612,gvpJ,Unknown,Streptomyces abikoensis,117
WP_357356476,gvpJ,Unknown,Nocardioides sp. NPDC023903,65
WP_356614854,gvpJ,Unknown,Streptomyces sp. NPDC006632,107
WP_352355870,gvpJ,Unknown,unclassified Nonomuraea,125
WP_352235171,gvpJ,Unknown,Streptomyces viridosporus,114
WP_352140791,gvpJ,Unknown,Streptomyces sparsogenes,180
WP_351886877,gvpJ,Unknown,unclassified Streptomyces,162
WP_349331025,gvpJ,Unknown,Actinopolymorpha sp. B9G3,268
WP_347631625,gvpJ,Unknown,Actinomadura sp. B10D3,145
WP_344540916,gvpJ,Unknown,Actinomadura fulvescens,142
WP_344437526,gvpJ,Unknown,Streptomyces,140
WP_337718875,gvpJ,Unknown,Actinomycetospora aeridis,124
WP_336346122,gvpJ,Unknown,Halalkalicoccus ordinarius,67
WP_335980326,gvpJ,Unknown,Streptomyces sp. CA2R106,163
WP_335934967,gvpJ,Unknown,Streptomyces sp. PTD5-9,147
WP_334449796,gvpJ,Unknown,unclassified Micromonospora,141
WP_329530689,gvpJ,Unknown,Streptomyces sp. NBC_01450,160
WP_329253790,gvpJ,Unknown,Actinoallomurus sp. NBC_01490,141
WP_327151836,gvpJ,Unknown,Nocardia sp. NBC_01329,133
WP_326799902,gvpJ,Unknown,Streptomyces sp. NBC_01808,171
WP_325709514,gvpJ,Unknown,Amycolatopsis sp.,128
WP_322714645,gvpJ,Unknown,Nostoc sp. ChiSLP03a,129
WP_319646428,gvpJ,Unknown,Streptomyces stelliscabiei,171
WP_317761612,gvpJ,Unknown,Rhodococcus opacus,122
WP_317613010,gvpJ,Unknown,Rhodococcus opacus,138
WP_301648955,gvpJ,Unknown,Streptomyces arenae,130
WP_276143842,gvpJ,Unknown,Rhodococcus sp. T2V,127
WP_270946369,gvpJ,Unknown,Saccharopolyspora oryzae,140
WP_270180319,gvpJ,Unknown,Alkalihalobacillus sp. CinArs1,86
WP_268790407,gvpJ,Unknown,Rhodococcus sp. JS3073,121
WP_266856569,gvpJ,Unknown,unclassified Streptomyces,150
WP_266588944,gvpJ,Unknown,Streptomyces sp. NBC_00365,158
WP_261801935,gvpJ,Unknown,Streptomyces sp. ISID311,144
WP_258399204,gvpJ,Unknown,unclassified Streptomyces,129
WP_250291354,gvpJ,Unknown,Streptomyces atroolivaceus,150
WP_247249638,gvpJ,Unknown,Rhodococcus opacus,122
WP_243083631,gvpJ,Unknown,Streptomyces sp. 891-h,174
WP_237512106,gvpJ,Unknown,Streptomyces sp. PSAA01,147
WP_231781377,gvpJ,Unknown,Rhodococcus pyridinivorans,137
WP_231737376,gvpJ,Unknown,Mycobacterium sp. IS-1742,108
WP_230528621,gvpJ,Unknown,Streptomyces coeruleorubidus,128
WP_228004089,gvpJ,Unknown,Amycolatopsis sp. YIM 10,122
WP_227291771,gvpJ,Unknown,Streptomyces,126
WP_219453408,gvpJ,Unknown,Rhodococcus sp. USK10,138
WP_218615263,gvpJ,Unknown,Pseudonocardia sp. KRD291,127
WP_218079500,gvpJ,Unknown,Anthocerotibacter panamensis,115
WP_217229126,gvpJ,Unknown,Streptomyces anulatus,162
WP_209694860,gvpJ,Unknown,Kribbella aluminosa,150
WP_209638350,gvpJ,Unknown,Kibdelosporangium banguiense,116
WP_206806658,gvpJ,Unknown,Amycolatopsis sp. 195334CR,58
WP_204026011,gvpJ,Unknown,Sinosporangium siamense,135
WP_203988959,gvpJ,Unknown,Sphaerisporangium rufum,138
WP_200070521,gvpJ,Unknown,Saccharopolyspora,138
WP_195150250,gvpJ,Unknown,Nocardia abscessus,137
WP_188837603,gvpJ,Unknown,Flexivirga endophytica,123
WP_185730240,gvpJ,Unknown,unclassified Rhodococcus (in: high G+C Gram-positive bacteria),122
WP_185724145,gvpJ,Unknown,unclassified Rhodococcus (in: high G+C Gram-positive bacteria),127
WP_179848988,gvpJ,Unknown,Actinomadura,145
WP_179785699,gvpJ,Unknown,Actinopolymorpha rutila,444
WP_164404637,gvpJ,Unknown,Streptomyces sp. SID9727,116
WP_164344474,gvpJ,Unknown,Streptomyces sp. SID8111,62
WP_164253877,gvpJ,Unknown,Streptomyces sp. S4.7,155
WP_151578944,gvpJ,Unknown,Pimelobacter simplex,68
WP_148801566,gvpJ,Unknown,unclassified Micromonospora,82
WP_138870130,gvpJ,Unknown,Rhodococcus sp. KBS0724,133
WP_137981312,gvpJ,Unknown,Streptomyces,147
WP_137977349,gvpJ,Unknown,Streptomyces violaceusniger,150
WP_137798623,gvpJ,Unknown,Rhodococcus sp. SGAir0479,128
WP_132594279,gvpJ,Unknown,Nonomuraea deserti,137
WP_128848135,gvpJ,Unknown,Streptomyces,166
WP_128638363,gvpJ,Unknown,Rhodococcus opacus,122
WP_109636861,gvpJ,Unknown,Lentzea,52
WP_107485010,gvpJ,Unknown,Streptomyces sp. MP131-18,168
WP_107390945,gvpJ,Unknown,Staphylococcus agnetis,115
WP_106236447,gvpJ,Unknown,Nonomuraea fuscirosea,114
WP_105344974,gvpJ,Unknown,Mycobacterium sp. ITM-2016-00318,137
WP_091452593,gvpJ,Unknown,Micromonospora inyonensis,121
WP_090763276,gvpJ,Unknown,Nonomuraea maritima,142
WP_088011974,gvpJ,Unknown,Gottfriedia acidiceleris,75
WP_079526327,gvpJ,Unknown,Halobacillus,86
WP_076767868,gvpJ,Unknown,Domibacillus epiphyticus,86
WP_072948542,gvpJ,Unknown,Rhodococcus koreensis,127
WP_067044944,gvpJ,Unknown,Streptomyces sp. FXJ1.172,62
WP_047138525,gvpJ,Unknown,Streptomyces sp. KE1,164
WP_046914225,gvpJ,Unknown,Streptomyces,171
WP_043177427,gvpJ,Unknown,Streptomyces,143
WP_037233226,gvpJ,Unknown,Rhodococcus wratislaviensis,121
WP_013674518,gvpJ,Unknown,Pseudonocardia dioxanivorans,145
WP_418339990,gvpJ,Unknown,Rhodococcus sp. NM-2,105
WP_414367827,gvpJ,Unknown,Synechococcus sp. H55.9,419
WP_410630540,gvpJ,Unknown,Amycolatopsis sp. cmx-4-83,105
WP_406419952,gvpJ,Unknown,Streptomyces sp. NBC_01614,164
WP_401598631,gvpJ,Unknown,Streptomyces sp. NPDC091272,126
WP_401554479,gvpJ,Unknown,Streptomyces chartreusis,141
WP_401527450,gvpJ,Unknown,Streptomyces sp. NPDC091259,152
WP_399193478,gvpJ,Unknown,Streptomyces sp. WAC 01325,138
WP_395973523,gvpJ,Unknown,Actinomadura sp. 1N219,145
WP_390813082,gvpJ,Unknown,Streptomyces scopuliridis,150
WP_388374086,gvpJ,Unknown,Streptomyces sp. NPDC007264,159
WP_388260393,gvpJ,Unknown,Streptomyces rubiginosohelvolus,154
WP_388191923,gvpJ,Unknown,Streptomyces cyaneofuscatus,167
WP_386339091,gvpJ,Unknown,Streptomyces,132
WP_385461641,gvpJ,Unknown,unclassified Streptomyces,121
WP_385441837,gvpJ,Unknown,Streptomyces sp. NPDC059668,155
WP_385439845,gvpJ,Unknown,Streptomyces sp. NPDC059850,161
WP_383703564,gvpJ,Unknown,unclassified Streptomyces,147
WP_383689255,gvpJ,Unknown,Streptomyces sp. NPDC057494,160
WP_383575134,gvpJ,Unknown,Streptomyces sp. NPDC057287,274
WP_381377700,gvpJ,Unknown,Streptomyces koyangensis,155
WP_379080314,gvpJ,Unknown,Nocardia rhizosphaerihabitans,134
WP_378593233,gvpJ,Unknown,Rhodococcus jostii,134
WP_378466610,gvpJ,Unknown,Rhodococcus sp. NPDC056960,127
WP_378021623,gvpJ,Unknown,Actinomycetospora rhizophila,124
WP_376466185,gvpJ,Unknown,Streptomyces sp. NPDC056230,147
WP_376056376,gvpJ,Unknown,Kitasatospora phosalacinea,128
WP_375116404,gvpJ,Unknown,Nonomuraea sp. MTCD27,155
WP_370592921,gvpJ,Unknown,Streptomyces sp. NBRC 110028,151
WP_367455225,gvpJ,Unknown,Streptomyces globisporus,154
WP_366521354,gvpJ,Unknown,Aeromicrobium sp.,136
WP_364876107,gvpJ,Unknown,Streptomyces kronopolitis,149
WP_364589847,gvpJ,Unknown,Streptomyces kurssanovii,166
WP_364562248,gvpJ,Unknown,Amycolatopsis sp. NPDC051045,86
WP_364364861,gvpJ,Unknown,Amycolatopsis sp. NPDC051061,105
WP_363873896,gvpJ,Unknown,Micromonospora coxensis,122
WP_363817901,gvpJ,Unknown,Saccharopolyspora shandongensis,139
WP_363205703,gvpJ,Unknown,unclassified Streptomyces,168
WP_362850488,gvpJ,Unknown,Streptosporangium sp. NPDC023825,149
WP_362780971,gvpJ,Unknown,Streptosporangium,137
WP_362493450,gvpJ,Unknown,unclassified Streptomyces,126
WP_362407453,gvpJ,Unknown,Streptomyces sp. NPDC048269,153
WP_362348790,gvpJ,Unknown,unclassified Streptomyces,161
WP_362287149,gvpJ,Unknown,Streptomyces sp. NPDC048110,161
WP_361432096,gvpJ,Unknown,unclassified Streptomyces,158
WP_360948419,gvpJ,Unknown,Streptomyces sp. NPDC021749,143
WP_360091630,gvpJ,Unknown,Dactylosporangium sp. NPDC050688,135
WP_360032808,gvpJ,Unknown,Streptomyces pristinaespiralis,162
WP_359180484,gvpJ,Unknown,Streptomyces avermitilis,154
WP_359052186,gvpJ,Unknown,Streptomyces chartreusis,148
WP_358914865,gvpJ,Unknown,Streptomyces sioyaensis,144
WP_357457585,gvpJ,Unknown,Nocardia sp. NPDC050793,131
WP_357457577,gvpJ,Unknown,Nocardia sp. NPDC050793,132
WP_357402479,gvpJ,Unknown,Nocardia xishanensis,132
WP_357356464,gvpJ,Unknown,Nocardioides sp. NPDC023903,155
WP_356747492,gvpJ,Unknown,Streptomyces sp. NPDC006465,165
WP_356095053,gvpJ,Unknown,Streptomyces coeruleorubidus,128
WP_356015044,gvpJ,Unknown,Streptomyces sp. NPDC005132,110
WP_355956358,gvpJ,Unknown,unclassified Streptomyces,148
WP_355943589,gvpJ,Unknown,unclassified Streptomyces,145
WP_355850426,gvpJ,Unknown,Streptomyces chartreusis,128
WP_355112850,gvpJ,Unknown,Micromonospora tulbaghiae,122
WP_355021765,gvpJ,Unknown,Nocardioides sp. NPDC004968,65
WP_352264517,gvpJ,Unknown,Streptomyces clavifer,151
WP_350784414,gvpJ,Unknown,Micromonospora avicenniae,125
WP_347699530,gvpJ,Unknown,Nonomuraea sp. B12E4,110
WP_346269803,gvpJ,Unknown,Pseudonocardia sp.,145
WP_343979423,gvpJ,Unknown,Streptosporangium,140
WP_337695216,gvpJ,Unknown,Actinomycetospora aurantiaca,127
WP_334659328,gvpJ,Unknown,Streptomyces bottropensis,171
WP_328879941,gvpJ,Unknown,Streptomyces sp. NBC_00299,155
WP_328396096,gvpJ,Unknown,Nocardia sp. NBC_00416,130
WP_326630640,gvpJ,Unknown,Nonomuraea fuscirosea,114
WP_324843171,gvpJ,Unknown,Actinocrinis sp.,136
WP_319355001,gvpJ,Unknown,Streptomyces ipomoeae,62
WP_319202481,gvpJ,Unknown,unclassified Streptomyces,154
WP_317567420,gvpJ,Unknown,Rhodococcus jostii,121
WP_311559817,gvpJ,Unknown,Pseudonocardia charpentierae,142
WP_306867340,gvpJ,Unknown,Streptosporangium,135
WP_285986858,gvpJ,Unknown,unclassified Amycolatopsis,105
WP_283895193,gvpJ,Unknown,Streptomyces pakalii,156
WP_283865113,gvpJ,Unknown,Neobacillus sp. DY30,76
WP_282305503,gvpJ,Unknown,Micromonospora,127
WP_280653591,gvpJ,Unknown,Chrysosporum bergii,43
WP_280501109,gvpJ,Unknown,Nocardia farcinica,127
WP_280423803,gvpJ,Unknown,Nocardia carnea,134
WP_277371797,gvpJ,Unknown,Rhodococcus rhodochrous,124
WP_277318610,gvpJ,Unknown,Streptomyces sp. 71268,146
WP_270946377,gvpJ,Unknown,Saccharopolyspora oryzae,138
WP_270180317,gvpJ,Unknown,Alkalihalobacillus sp. CinArs1,85
WP_268070119,gvpJ,Unknown,Clostridium sp. ZS2-4,65
WP_266765141,gvpJ,Unknown,unclassified Streptomyces,157
WP_266742484,gvpJ,Unknown,unclassified Streptomyces,126
WP_265652209,gvpJ,Unknown,Streptomyces tauricus,159
WP_256649581,gvpJ,Unknown,Streptomyces rugosispiralis,146
WP_241383618,gvpJ,Unknown,Rhodococcus sp. CH91,135
WP_237321923,gvpJ,Unknown,Streptomyces sp. JJ36,78
WP_231395485,gvpJ,Unknown,Dolichospermum circinale,245
WP_230825821,gvpJ,Unknown,Rhodococcus rhodochrous,134
WP_229250365,gvpJ,Unknown,Desulfosporosinus shakirovi,74
WP_220239678,gvpJ,Unknown,unclassified Amycolatopsis,132
WP_220204293,gvpJ,Unknown,Reticulibacter mediterranei,223
WP_215019996,gvpJ,Unknown,Streptomyces sp. ISL-94,155
WP_213932996,gvpJ,Unknown,Rhodococcus sp. B50,128
WP_213574655,gvpJ,Unknown,Rhodococcus,135
WP_212747015,gvpJ,Unknown,Sinomonas gamaensis,131
WP_208800107,gvpJ,Unknown,Microbispora triticiradicis,137
WP_207818368,gvpJ,Unknown,Streptomyces sp. VRA16 Mangrove soil,114
WP_206300829,gvpJ,Unknown,Streptomyces populi,152
WP_204544284,gvpJ,Unknown,Peribacillus deserti,86
WP_202073469,gvpJ,Unknown,Methylocystis sp. Sn-Cys,195
WP_201865888,gvpJ,Unknown,Streptomyces sp. 7-21,168
WP_200720656,gvpJ,Unknown,unclassified Streptomyces,155
WP_190252622,gvpJ,Unknown,Dactylosporangium sucinum,133
WP_189763106,gvpJ,Unknown,Streptomyces xanthochromogenes,147
WP_189713845,gvpJ,Unknown,Streptomyces phaeofaciens,155
WP_188193263,gvpJ,Unknown,Nonomuraea sp. SYSU D8015,134
WP_187280111,gvpJ,Unknown,Streptomyces sp. IB2014 016-6,157
WP_184824551,gvpJ,Unknown,Jiangella mangrovi,141
WP_184617466,gvpJ,Unknown,Sphaerisporangium,135
WP_177147917,gvpJ,Unknown,Streptomyces sp. PKU-EA00015,144
WP_176742989,gvpJ,Unknown,Streptomyces sp. MnatMP-M27,74
WP_176174457,gvpJ,Unknown,unclassified Amycolatopsis,108
WP_174377863,gvpJ,Unknown,Nocardia asiatica,136
WP_170943364,gvpJ,Unknown,Methanosarcina spelaei,29
WP_169416276,gvpJ,Unknown,Pseudonocardia bannensis,131
WP_165036325,gvpJ,Unknown,Rhodococcus sp. 14C212,138
WP_164401137,gvpJ,Unknown,Streptomyces sp. SID9727,70
WP_157224120,gvpJ,Unknown,Nocardia paucivorans,131
WP_141246415,gvpJ,Unknown,Streptomyces albidoflavus,94
WP_139487940,gvpJ,Unknown,Brevibacillus dissolubilis,73
WP_137981015,gvpJ,Unknown,Streptomyces,122
WP_137968708,gvpJ,Unknown,Streptomyces antimycoticus,147
WP_137967147,gvpJ,Unknown,Streptomyces antimycoticus,164
WP_125594957,gvpJ,Unknown,Streptomyces sp. WAC07061,66
WP_116951957,gvpJ,Unknown,Jiangella endophytica,139
WP_112264285,gvpJ,Unknown,Lentzea terrae,130
WP_107083915,gvpJ,Unknown,Streptomyces viridochromogenes,164
WP_102990138,gvpJ,Unknown,Cylindrospermopsis raciborskii,48
WP_100358506,gvpJ,Unknown,Gracilibacillus salitolerans,83
WP_093736844,gvpJ,Unknown,unclassified Streptomyces,160
WP_079260794,gvpJ,Unknown,Streptomyces,147
WP_077963833,gvpJ,Unknown,Streptomyces tsukubensis,168
WP_077859545,gvpJ,Unknown,Clostridium sp. BL-8,363
WP_076440196,gvpJ,Unknown,Microbispora rosea,137
WP_076187476,gvpJ,Unknown,Mycobacterium colombiense,134
WP_075235216,gvpJ,Unknown,Mycobacterium colombiense,134
WP_072951766,gvpJ,Unknown,Rhodococcus koreensis,127
WP_069462872,gvpJ,Unknown,Actinacidiphila rubida,151
WP_068046733,gvpJ,Unknown,Nocardia speluncae,135
WP_065028795,gvpJ,Unknown,Mycobacterium colombiense,136
WP_059083478,gvpJ,Unknown,Streptomyces scabiei,171
WP_037656873,gvpJ,Unknown,Streptomyces,123
WP_037233794,gvpJ,Unknown,Rhodococcus wratislaviensis,138
WP_037046786,gvpJ,Unknown,Pseudonocardia halophobica,145
WP_036961683,gvpJ,Unknown,Promicromonospora kroppenstedtii,159
WP_413115514,gvpJ,Unknown,Streptomyces sp. CY1,168
WP_406353509,gvpJ,Unknown,Streptomyces sp. NBC_01635,152
WP_406034356,gvpJ,Unknown,Nocardioides sp. NBC_00163,158
WP_406034346,gvpJ,Unknown,Nocardioides sp. NBC_00163,65
WP_405998908,gvpJ,Unknown,Streptomyces sp. NBC_00829,149
WP_405386344,gvpJ,Unknown,unclassified Streptomyces,151
WP_404787750,gvpJ,Unknown,Streptomyces pristinaespiralis,162
WP_403551788,gvpJ,Unknown,Streptomyces sp. NPDC093546,151
WP_403513799,gvpJ,Unknown,Streptomyces sp. NPDC093595,151
WP_403461221,gvpJ,Unknown,Streptomyces sp. NPDC093568,148
WP_401379913,gvpJ,Unknown,unclassified Streptomyces,173
WP_401208252,gvpJ,Unknown,unclassified Streptomyces,153
WP_400892679,gvpJ,Unknown,Amycolatopsis sp. NPDC101161,133
WP_399014240,gvpJ,Unknown,Streptomyces sp. NPDC018947,172
WP_398974304,gvpJ,Unknown,Streptomyces sp. ALB3,156
WP_398846719,gvpJ,Unknown,Streptomyces sp. NPDC049879,119
WP_398315461,gvpJ,Unknown,unclassified Streptomyces,147
WP_397975078,gvpJ,Unknown,Streptomyces sioyaensis,156
WP_397526699,gvpJ,Unknown,Saccharopolyspora sp. 5N102,139
WP_397351854,gvpJ,Unknown,Nonomuraea gerenzanensis,136
WP_396546418,gvpJ,Unknown,Kitasatospora sp. NPDC085464,143
WP_396527163,gvpJ,Unknown,Kutzneria sp. NPDC052558,51
WP_396105522,gvpJ,Unknown,Actinophytocola sp. NPDC049390,130
WP_391471977,gvpJ,Unknown,Nocardia gamkensis,135
WP_391432681,gvpJ,Unknown,Streptomyces sp. NPDC007971,135
WP_391414108,gvpJ,Unknown,Streptomyces sp. NPDC008086,157
WP_391394241,gvpJ,Unknown,Streptomyces sp. NPDC008343,155
WP_389374284,gvpJ,Unknown,Streptomyces sp. NPDC002659,148
WP_389184313,gvpJ,Unknown,Streptomyces sp. NPDC002870,79
WP_389157951,gvpJ,Unknown,Streptomyces sp. NPDC001843,134
WP_389115722,gvpJ,Unknown,unclassified Streptomyces,131
WP_388735817,gvpJ,Unknown,Streptomyces sp. NPDC001822,148
WP_387783672,gvpJ,Unknown,Kribbella sp. NPDC004875,114
WP_387260535,gvpJ,Unknown,Streptomyces sp. NPDC127069,167
WP_387140741,gvpJ,Unknown,Streptomyces sp. NPDC127079,126
WP_386539449,gvpJ,Unknown,Streptomyces prasinus,121
WP_385792642,gvpJ,Unknown,Streptomyces sp. NPDC059943,152
WP_385603900,gvpJ,Unknown,Streptomyces sp. NPDC059853,149
WP_385590748,gvpJ,Unknown,Streptomyces sp. NPDC059740,140
WP_384961887,gvpJ,Unknown,unclassified Streptomyces,76
WP_384879543,gvpJ,Unknown,Streptomyces sp. NPDC059491,157
WP_384718497,gvpJ,Unknown,Streptomyces sp. NPDC059454,121
WP_384059243,gvpJ,Unknown,Streptomyces sp. NPDC057428,148
WP_382854676,gvpJ,Unknown,Streptomyces sioyaensis,144
WP_382767590,gvpJ,Unknown,Streptomyces sp. NPDC056983,166
WP_382699998,gvpJ,Unknown,Streptomyces niveus,167
WP_382686038,gvpJ,Unknown,Streptomyces niveus,166
WP_382669415,gvpJ,Unknown,unclassified Streptomyces,88
WP_382636574,gvpJ,Unknown,unclassified Streptomyces,156
WP_382609439,gvpJ,Unknown,Streptomyces sp. NPDC056975,158
WP_382494813,gvpJ,Unknown,Streptomyces sp. NPDC056749,152
WP_382481091,gvpJ,Unknown,Streptomyces sp. NPDC056632,143
WP_381322855,gvpJ,Unknown,Streptomyces hygroscopicus,169
WP_381191368,gvpJ,Unknown,Streptomyces maoxianensis,166
WP_380933807,gvpJ,Unknown,Streptomyces decoyicus,162
WP_379582654,gvpJ,Unknown,Pseudonocardia hispaniensis,152
WP_379310933,gvpJ,Unknown,Nocardia sp. NPDC060259,139
WP_379276014,gvpJ,Unknown,Nocardia sp. NPDC059764,130
WP_378872764,gvpJ,Unknown,Nocardioides sp. NPDC057577,65
WP_378835827,gvpJ,Unknown,Nocardioides sp. YIM B13467,65
WP_378813569,gvpJ,Unknown,Nocardia fluminea,137
WP_378455862,gvpJ,Unknown,Rhodococcus sp. NPDC127593,125
WP_378453745,gvpJ,Unknown,unclassified Rhodococcus (in: high G+C Gram-positive bacteria),134
WP_378289722,gvpJ,Unknown,Actinomadura rugatobispora,142
WP_378260654,gvpJ,Unknown,Amycolatopsis pigmentata,115
WP_378194287,gvpJ,Unknown,Amycolatopsis plumensis,84
WP_377390464,gvpJ,Unknown,Prauserella oleivorans,131
WP_376542994,gvpJ,Unknown,Streptomyces sp. NPDC056105,153
WP_376075664,gvpJ,Unknown,Streptomyces virginiae,154
WP_372506527,gvpJ,Unknown,Actinomadura madurae,420
WP_372455195,gvpJ,Unknown,Streptomyces violaceusniger group,127
WP_371780840,gvpJ,Unknown,Streptosporangium subroseum,139
WP_371306581,gvpJ,Unknown,Rhodococcus zopfii,124
WP_371305504,gvpJ,Unknown,Rhodococcus zopfii,136
WP_370400181,gvpJ,Unknown,Sulfitobacter rhodophyticola,68
WP_370268677,gvpJ,Unknown,Streptomyces sp. V4I8,153
WP_370180991,gvpJ,Unknown,Rhodococcus wratislaviensis,121
WP_370178665,gvpJ,Unknown,Rhodococcus wratislaviensis,122
WP_368502965,gvpJ,Unknown,Alkalihalophilus sp. As8PL,86
WP_365239965,gvpJ,Unknown,Streptomyces sp. NPDC052052,145
WP_365228908,gvpJ,Unknown,Streptomyces antimycoticus,162
WP_365161662,gvpJ,Unknown,unclassified Streptomyces,147
WP_365124412,gvpJ,Unknown,Streptomyces sp. NPDC093248,184
WP_364817433,gvpJ,Unknown,Streptomyces griseoluteus,154
WP_364772044,gvpJ,Unknown,Actinocrispum sp. NPDC049592,49
WP_364723447,gvpJ,Unknown,Amycolatopsis sp. NPDC051128,52
WP_364422775,gvpJ,Unknown,Actinomadura coerulea,144
WP_364208743,gvpJ,Unknown,Streptosporangium sp. NPDC049644,144
WP_363082826,gvpJ,Unknown,unclassified Streptomyces,145
WP_362437446,gvpJ,Unknown,Streptomyces sp. NPDC048636,154
WP_361799746,gvpJ,Unknown,Streptomyces sparsogenes,175
WP_361778435,gvpJ,Unknown,Streptomyces sp. NPDC046931,126
WP_361727660,gvpJ,Unknown,Streptomyces sparsogenes,146
WP_361678634,gvpJ,Unknown,Streptomyces sp. NPDC046976,123
WP_361607914,gvpJ,Unknown,unclassified Streptomyces,153
WP_361605144,gvpJ,Unknown,Streptomyces sp. NPDC046237,167
WP_361568355,gvpJ,Unknown,Streptomyces sp. NPDC032940,176
WP_360988814,gvpJ,Unknown,unclassified Streptomyces,149
WP_360783474,gvpJ,Unknown,Amycolatopsis sp. NPDC049159,60
WP_360664017,gvpJ,Unknown,unclassified Streptomyces,135
WP_360198420,gvpJ,Unknown,Streptomyces sp. NPDC007074,76
WP_360045626,gvpJ,Unknown,unclassified Lentzea,111
WP_359553106,gvpJ,Unknown,Streptomyces sp. NPDC005706,182
WP_358365081,gvpJ,Unknown,Streptodolium elevatio,164
WP_358234458,gvpJ,Unknown,Streptantibioticus parmotrematis,146
WP_358225154,gvpJ,Unknown,Streptomyces albidoflavus,156
WP_358066888,gvpJ,Unknown,Nonomuraea sp. NPDC046570,132
WP_358066876,gvpJ,Unknown,Nonomuraea sp. NPDC046570,126
WP_358058804,gvpJ,Unknown,Nocardia fluminea,137
WP_358033157,gvpJ,Unknown,Nonomuraea sp. NPDC026600,136
WP_357293415,gvpJ,Unknown,Nocardia salmonicida,137
WP_357028143,gvpJ,Unknown,Microbispora bryophytorum,137
WP_356786594,gvpJ,Unknown,Streptomyces sp. NPDC006290,156
WP_355572073,gvpJ,Unknown,Lentzea sp. NPDC006480,110
WP_355477776,gvpJ,Unknown,Kribbella sp. NPDC003557,110
WP_355363164,gvpJ,Unknown,unclassified Streptomyces,152
WP_354743512,gvpJ,Unknown,Streptomyces afghaniensis,128
WP_352321042,gvpJ,Unknown,unclassified Nonomuraea,125
WP_351965247,gvpJ,Unknown,unclassified Streptomyces,131
WP_351842503,gvpJ,Unknown,unclassified Streptomyces,161
WP_351038813,gvpJ,Unknown,Saccharopolyspora sp. NPDC002686,140
WP_350712771,gvpJ,Unknown,Nocardioides sp. NPDC000445,65
WP_347669632,gvpJ,Unknown,Micromonospora sp. B11E3,123
WP_347650566,gvpJ,Unknown,Nonomuraea sp. B10E15,136
WP_347639053,gvpJ,Unknown,Sphaerisporangium sp. B11E5,136
WP_347617704,gvpJ,Unknown,unclassified Nonomuraea,135
WP_347586519,gvpJ,Unknown,Streptomyces sp. B6B3,171
WP_347579414,gvpJ,Unknown,Streptomyces sp. B8F3,170
WP_347548464,gvpJ,Unknown,Guptibacillus hwajinpoensis,86
WP_347212160,gvpJ,Unknown,Streptomyces malaysiensis,169
WP_335072084,gvpJ,Unknown,Nostoc sp.,116
WP_331973276,gvpJ,Unknown,Actinophytocola sp.,133
WP_331559978,gvpJ,Unknown,Actinomycetospora sp.,126
WP_330082800,gvpJ,Unknown,Methylocystis iwaonis,195
WP_328617063,gvpJ,Unknown,Amycolatopsis sp. NBC_00355,125
WP_328529633,gvpJ,Unknown,Nocardioides sp. NBC_00368,65
WP_328445239,gvpJ,Unknown,Streptomyces sp. NBC_00386,155
WP_328377193,gvpJ,Unknown,unclassified Streptomyces,150
WP_328311450,gvpJ,Unknown,unclassified Streptomyces,161
WP_328311446,gvpJ,Unknown,Streptomyces sp. NBC_00442,107
WP_328310861,gvpJ,Unknown,Actinomycetospora sp. NBC_00405,116
WP_328262530,gvpJ,Unknown,Priestia megaterium,92
WP_327420353,gvpJ,Unknown,unclassified Streptomyces,154
WP_327407440,gvpJ,Unknown,Sinomonas albida,179
WP_323337052,gvpJ,Unknown,Cereibacter johrii,74
WP_319971681,gvpJ,Unknown,Lentzea miocenica,114
WP_319768921,gvpJ,Unknown,Streptomyces europaeiscabiei,155
WP_319727450,gvpJ,Unknown,Streptomyces sp. MB09-01,155
WP_317121948,gvpJ,Unknown,Alkalihalophilus lindianensis,86
WP_316572695,gvpJ,Unknown,Neobacillus sp. YIM B06451,87
WP_315888410,gvpJ,Unknown,Streptomyces sp. P17,148
WP_315877986,gvpJ,Unknown,Streptomyces tamarix,128
WP_315073124,gvpJ,Unknown,uncultured Clostridium sp.,71
WP_313887891,gvpJ,Unknown,Lentzea alba,127
WP_311726305,gvpJ,Unknown,Streptomyces,167
WP_311665453,gvpJ,Unknown,Streptomyces chisholmiae,150
WP_311615007,gvpJ,Unknown,Streptomyces johnsoniae,164
WP_311600462,gvpJ,Unknown,Streptomyces millisiae,162
WP_308717684,gvpJ,Unknown,Phytohabitans maris,173
WP_298916696,gvpJ,Unknown,uncultured Nostoc sp.,116
WP_286053377,gvpJ,Unknown,Actinomycetospora termitidis,127
WP_286046916,gvpJ,Unknown,Halalkalicoccus sp. NIPERK01,73
WP_286001473,gvpJ,Unknown,Amycolatopsis mongoliensis,105
WP_285973460,gvpJ,Unknown,Amycolatopsis carbonis,108
WP_285965897,gvpJ,Unknown,Amycolatopsis carbonis,136
WP_283133143,gvpJ,Unknown,Rhizohabitans arisaemae,139
WP_270044944,gvpJ,Unknown,Solirubrobacter ginsenosidimutans,56
WP_268543979,gvpJ,Unknown,Candidatus Nitrosotenuis cloacae,73
WP_266977159,gvpJ,Unknown,unclassified Streptomyces,122
WP_265147413,gvpJ,Unknown,Rhodococcus,125
WP_264583548,gvpJ,Unknown,Rhodoblastus acidophilus,70
WP_263008729,gvpJ,Unknown,Nonomuraea phyllanthi,107
WP_261709067,gvpJ,Unknown,Streptomyces rhizosphaerihabitans,156
WP_261587045,gvpJ,Unknown,Planotetraspora sp. A-T 1434,140
WP_248618538,gvpJ,Unknown,Natroniella sulfidigena,65
WP_245687718,gvpJ,Unknown,Rhodococcus phenolicus,141
WP_243618446,gvpJ,Unknown,Rhodococcus sp. ARC_M6,136
WP_238376715,gvpJ,Unknown,Cyanophyceae,424
WP_236244417,gvpJ,Unknown,Streptomyces sp. CC210A,134
WP_236238997,gvpJ,Unknown,Streptomyces sp. CC228A,135
WP_235497856,gvpJ,Unknown,Frankia sp. R43,92
WP_235493609,gvpJ,Unknown,Streptomyces violaceoruber,149
WP_235488954,gvpJ,Unknown,Frankia sp. AvcI1,66
WP_235447030,gvpJ,Unknown,Streptomyces sioyaensis,144
WP_235444794,gvpJ,Unknown,Streptomyces sioyaensis,156
WP_235298666,gvpJ,Unknown,Portibacter marinus,118
WP_235298663,gvpJ,Unknown,Portibacter marinus,119
WP_234310792,gvpJ,Unknown,unclassified Streptomyces,127
WP_233722641,gvpJ,Unknown,Kibdelosporangium philippinense,33
WP_230733789,gvpJ,Unknown,Actinomycetospora endophytica,129
WP_226732449,gvpJ,Unknown,Streptomyces bambusae,79
WP_218221670,gvpJ,Unknown,Nesterenkonia sp. Act20,138
WP_214960639,gvpJ,Unknown,unclassified Streptomyces,159
WP_208962904,gvpJ,Unknown,Rhodococcus sp. ZPP,135
WP_207619194,gvpJ,Unknown,Nocardioides sp. IC4_145,138
WP_206025339,gvpJ,Unknown,Rhodococcus sp. 14C212,137
WP_206017217,gvpJ,Unknown,Rhodococcus koreensis,121
WP_205862087,gvpJ,Unknown,Planosporangium thailandense,138
WP_205220306,gvpJ,Unknown,Desulforhopalus vacuolatus,101
WP_204025999,gvpJ,Unknown,Sinosporangium siamense,135
WP_203980752,gvpJ,Unknown,Planotetraspora silvatica,136
WP_203949516,gvpJ,Unknown,Planotetraspora thailandica,143
WP_195091640,gvpJ,Unknown,Nocardia beijingensis,135
WP_195004671,gvpJ,Unknown,Nocardia higoensis,132
WP_194059643,gvpJ,Unknown,Sphaerospermopsis sp. LEGE 08334,45
WP_189471548,gvpJ,Unknown,Streptomyces kurssanovii,160
WP_187246590,gvpJ,Unknown,Actinomadura alba,137
WP_185110103,gvpJ,Unknown,Nonomuraea rubra,156
WP_182774562,gvpJ,Unknown,Streptomyces murinus,123
WP_181719838,gvpJ,Unknown,Nocardia gipuzkoensis,137
WP_179722904,gvpJ,Unknown,Petropleomorpha daqingensis,117
WP_179716244,gvpJ,Unknown,Petropleomorpha daqingensis,64
WP_176165598,gvpJ,Unknown,Streptomyces buecherae,146
WP_176104882,gvpJ,Unknown,Streptomyces sp. NA04227,152
WP_172800491,gvpJ,Unknown,Mycobacterium sp. IS-1496,107
WP_164188451,gvpJ,Unknown,Streptomyces bauhiniae,147
WP_160098661,gvpJ,Unknown,Pontibacillus sp. HMF3514,86
WP_152788454,gvpJ,Unknown,Streptomyces phyllanthi,156
WP_135552872,gvpJ,Unknown,Desulfosporosinus,74
WP_132637945,gvpJ,Unknown,Nonomuraea mesophila,149
WP_131900755,gvpJ,Unknown,Jiangella asiatica,139
WP_123819587,gvpJ,Unknown,Kitasatospora cineracea,145
WP_120329591,gvpJ,Unknown,Micromonospora globbae,144
WP_118999430,gvpJ,Unknown,Cereibacter sphaeroides,74
WP_110694533,gvpJ,Unknown,Streptosporangium sp. 'caverna',139
WP_107467280,gvpJ,Unknown,Streptomyces sp. MA5143a,189
WP_106516722,gvpJ,Unknown,Streptomyces,123
WP_103811551,gvpJ,Unknown,Streptomyces sp. Ru62,123
WP_101568582,gvpJ,Unknown,Bacillus sp. UMB0893,86
WP_095877644,gvpJ,Unknown,Kitasatospora sp. NPDC085879,140
WP_095867623,gvpJ,Unknown,Rhodococcus sp. ACPA1,121
WP_095534429,gvpJ,Unknown,Streptomyces,121
WP_094376560,gvpJ,Unknown,Lachnotalea glycerini,359
WP_093171515,gvpJ,Unknown,Sinosporangium album,132
WP_091569058,gvpJ,Unknown,Micromonospora sediminicola,122
WP_091326176,gvpJ,Unknown,Geodermatophilus ruber,149
WP_090080058,gvpJ,Unknown,Lentibacillus persicus,86
WP_073969126,gvpJ,Unknown,Streptomyces,145
WP_072947444,gvpJ,Unknown,Rhodococcus,121
WP_072943470,gvpJ,Unknown,Rhodococcus,138
WP_069385898,gvpJ,Unknown,Cellulosimicrobium cellulans,144
WP_069033480,gvpJ,Unknown,Bacillaceae,78
WP_068053134,gvpJ,Unknown,Nocardia xishanensis,132
WP_055548411,gvpJ,Unknown,Streptomyces sp. NBRC 110028,156
WP_053429728,gvpJ,Unknown,Rossellomorea marisflavi,85
WP_051446121,gvpJ,Unknown,Rhodococcus,137
WP_051340016,gvpJ,Unknown,Planktothrix agardhii,53
WP_051248054,gvpJ,Unknown,Nocardioides halotolerans,117
WP_051185776,gvpJ,Unknown,Streptomyces afghaniensis,128
WP_051153152,gvpJ,Unknown,Nocardia niigatensis,134
WP_049578169,gvpJ,Unknown,Streptomyces sp. SBT349,129
WP_048876545,gvpJ,Unknown,Saccharomonospora saliphila,130
WP_048012091,gvpJ,Unknown,Rossellomorea,85
WP_047808699,gvpJ,Unknown,Desulfosporosinus,73
WP_042152919,gvpJ,Unknown,Streptomyces lydicamycinicus,156
WP_041127781,gvpJ,Unknown,Streptomyces vietnamensis,155
WP_040841165,gvpJ,Unknown,Nocardia brevicatena,133
WP_037231892,gvpJ,Unknown,Rhodococcus,124
WP_399805307,gvpJ,Unknown,Streptomyces sp. NPDC085927,121
WP_399692545,gvpJ,Unknown,Streptomyces sp. NPDC055105,152
WP_399642329,gvpJ,Unknown,Streptomyces sp. NPDC053367,150
WP_399632913,gvpJ,Unknown,Streptomyces sp. NPDC053499,174
WP_398742359,gvpJ,Unknown,Streptomyces niveus,168
WP_297645230,gvpJ,Unknown,Pseudonocardia sp.,148
WP_297501167,gvpJ,Unknown,Pseudonocardia sp.,144
WP_287700953,gvpJ,Unknown,unclassified Microcystis (in: cyanobacteria),47
WP_285779607,gvpJ,Unknown,Microtetraspora sp. NBRC 13810,121
WP_285779603,gvpJ,Unknown,Microtetraspora sp. NBRC 13810,123
WP_285738533,gvpJ,Unknown,Kitasatospora phosalacinea,140
WP_285652775,gvpJ,Unknown,Actinomycetospora sp. NBRC 106375,128
WP_285649869,gvpJ,Unknown,Actinomycetospora sp. NBRC 106375,120
WP_285565795,gvpJ,Unknown,Actinoallomurus iriomotensis,145
WP_285493925,gvpJ,Unknown,Actinomadura sp. NBRC 104425,136
WP_285476983,gvpJ,Unknown,Amycolatopsis,52
WP_285476981,gvpJ,Unknown,Amycolatopsis sp. NBRC 101858,105
WP_285458975,gvpJ,Unknown,Amycolatopsis,133
WP_285457893,gvpJ,Unknown,Amycolatopsis,104
WP_285457891,gvpJ,Unknown,Amycolatopsis,49
WP_285340880,gvpJ,Unknown,Streptomyces katrae,593
WP_284745695,gvpJ,Unknown,Amycolatopsis ponsaeliensis,61
WP_254068561,gvpJ,Unknown,Streptomyces sp. TM32,144
WP_252827478,gvpJ,Unknown,Actinoallomurus soli,133
WP_252798782,gvpJ,Unknown,Actinoallomurus spadix,133
WP_243653300,gvpJ,Unknown,Pseudonocardia endophytica,128
WP_227937101,gvpJ,Unknown,Alkalihalobacillus deserti,86
WP_226077017,gvpJ,Unknown,Streptomyces marincola,155
WP_226071237,gvpJ,Unknown,Streptomyces marincola,151
WP_226029212,gvpJ,Unknown,Streptomyces hyderabadensis,175
WP_225793690,gvpJ,Unknown,Streptomyces aculeolatus,170
WP_225640271,gvpJ,Unknown,Streptomyces werraensis,121
WP_198282545,gvpJ,Unknown,Streptomyces javensis,129
WP_197732044,gvpJ,Unknown,Methylocella tundrae,211
WP_197012302,gvpJ,Unknown,Actinomadura viridis,149
WP_181063214,gvpJ,Unknown,Nocardia nova,136
WP_181040496,gvpJ,Unknown,Candidatus Hakubella thermalkaliphila,246
WP_180934594,gvpJ,Unknown,Nocardioides ungokensis,139
WP_034764908,gvpJ,Unknown,Bacillaceae,86
WP_033320071,gvpJ,Unknown,Streptomyces,64
WP_033274016,gvpJ,Unknown,Actinomycetes,122
WP_033098478,gvpJ,Unknown,Rhodococcus,132
WP_031517808,gvpJ,Unknown,Streptomyces sp. NRRL F-5123,161
WP_031081250,gvpJ,Unknown,Streptomyces sp. NRRL WC-3549,152
WP_031048643,gvpJ,Unknown,Streptomyces sp. NRRL F-5650,167
WP_031010284,gvpJ,Unknown,Streptomyces sp. NRRL F-5727,159
WP_030989050,gvpJ,Unknown,Streptomyces sp. NRRL S-1813,158
WP_030935488,gvpJ,Unknown,Streptomyces sp. NRRL B-24720,154
WP_030861825,gvpJ,Unknown,Streptomyces sp. NRRL S-37,121
WP_030829104,gvpJ,Unknown,Streptomyces hygroscopicus,147
WP_030807544,gvpJ,Unknown,Streptomyces,154
WP_030713141,gvpJ,Unknown,Streptomyces,154
WP_030703716,gvpJ,Unknown,unclassified Streptomyces,149
WP_030702157,gvpJ,Unknown,Streptomyces griseus,163
WP_030696266,gvpJ,Unknown,Streptomyces albidoflavus,166
WP_030624894,gvpJ,Unknown,Streptomyces,164
WP_030606333,gvpJ,Unknown,Streptomyces sclerotialus,122
WP_030586954,gvpJ,Unknown,Streptomyces,154
WP_030584566,gvpJ,Unknown,Streptomyces,160
WP_030544780,gvpJ,Unknown,Streptomyces albus,164
WP_030520258,gvpJ,Unknown,Nocardia rhamnosiphila,133
WP_030520254,gvpJ,Unknown,Nocardia rhamnosiphila,130
WP_030518158,gvpJ,Unknown,Nocardia,137
WP_030470508,gvpJ,Unknown,Lentzea aerocolonigenes,120
WP_030444024,gvpJ,Unknown,Actinocatenispora sera,115
WP_030343233,gvpJ,Unknown,Streptomyces sp. NRRL S-1022,123
WP_030276865,gvpJ,Unknown,Streptomyces sp. NRRL B-24484,147
WP_030273822,gvpJ,Unknown,Streptomyces sp. NRRL B-24484,149
WP_030234885,gvpJ,Unknown,Streptomyces sp. NRRL S-350,146
WP_030116805,gvpJ,Unknown,Streptomyces,149
WP_030084754,gvpJ,Unknown,Streptomyces,156
WP_029540195,gvpJ,Unknown,Rhodococcus,140
WP_029285679,gvpJ,Unknown,Metabacillus,86
WP_028932108,gvpJ,Unknown,Pseudonocardia asaccharolytica,150
WP_028653504,gvpJ,Unknown,Nocardioides halotolerans,143
WP_028637699,gvpJ,Unknown,Nocardioides sp. URHA0032,143
WP_028439492,gvpJ,Unknown,Streptomyces,164
WP_028060448,gvpJ,Unknown,Candidatus Solirubrobacter pratensis,111
WP_028057564,gvpJ,Unknown,Candidatus Solirubrobacter pratensis,111
WP_028057554,gvpJ,Unknown,Candidatus Solirubrobacter pratensis,138
WP_027946681,gvpJ,Unknown,Amycolatopsis taiwanensis,124
WP_027446351,gvpJ,Unknown,Pontibacillus marinus,86
WP_026365729,gvpJ,Unknown,Promicromonospora sukumoe,153
WP_026204971,gvpJ,Unknown,Actinomycetospora chiangmaiensis,127
WP_026084792,gvpJ,Unknown,Streptomyces viridosporus,174
WP_024968512,gvpJ,Unknown,Microcystis aeruginosa,35
WP_024874167,gvpJ,Unknown,Saccharomonospora piscinae,122
WP_024102486,gvpJ,Unknown,Rhodococcus,132
WP_024102484,gvpJ,Unknown,Rhodococcus,136
WP_020641804,gvpJ,Unknown,Amycolatopsis balhimycina,108
WP_020418066,gvpJ,Unknown,Amycolatopsis,131
WP_416561971,gvpJ,Unknown,Nocardia testacea,133
WP_416561968,gvpJ,Unknown,Nocardia testacea,130
WP_416483673,gvpJ,Unknown,Streptomyces sp. CL12,123
WP_398390248,gvpJ,Unknown,Streptomyces sp. NPDC021080,162
WP_398370914,gvpJ,Unknown,Streptomyces sp. NPDC021225,167
WP_398317993,gvpJ,Unknown,unclassified Streptomyces,131
WP_398294132,gvpJ,Unknown,Streptomyces sp. NPDC021212,156
WP_398291864,gvpJ,Unknown,Streptomyces sp. NPDC021212,123
WP_398185407,gvpJ,Unknown,Streptomyces sp. NPDC020801,173
WP_397802661,gvpJ,Unknown,Streptomyces griseoruber,155
WP_397782255,gvpJ,Unknown,Streptomyces lydicus,165
WP_397776559,gvpJ,Unknown,Streptomyces lydicus,117
WP_397401573,gvpJ,Unknown,Promicromonospora kroppenstedtii,159
WP_397194338,gvpJ,Unknown,unclassified Nonomuraea,139
WP_397142214,gvpJ,Unknown,Nonomuraea sp. NPDC049400,105
WP_397114335,gvpJ,Unknown,Nocardia sp. NPDC050406,159
WP_397070396,gvpJ,Unknown,Nonomuraea sp. NPDC050536,114
WP_397020237,gvpJ,Unknown,Nonomuraea indica,146
WP_396980037,gvpJ,Unknown,Nocardia gamkensis,136
WP_396950217,gvpJ,Unknown,Nocardia farcinica,130
WP_396940196,gvpJ,Unknown,Nocardia fusca,134
WP_396527165,gvpJ,Unknown,Kutzneria sp. NPDC052558,100
WP_396416447,gvpJ,Unknown,Lentzea sp. NPDC051213,113
WP_396105518,gvpJ,Unknown,Actinophytocola sp. NPDC049390,122
WP_395992117,gvpJ,Unknown,Actinomadura sp. 9N215,147
WP_395889863,gvpJ,Unknown,Amycolatopsis sp. NPDC051903,132
WP_395649153,gvpJ,Unknown,Planktothrix agardhii,30
WP_395510531,gvpJ,Unknown,Streptomyces racemochromogenes,160
WP_395287021,gvpJ,Unknown,Georgenia sp. AZ-5,137
WP_394218400,gvpJ,Unknown,Halobacillus trueperi,104
WP_393203011,gvpJ,Unknown,Nonomuraea sp. NPDC049309,110
WP_393123006,gvpJ,Unknown,Streptomyces sioyaensis,144
WP_393071370,gvpJ,Unknown,Kitasatospora sp. NPDC048365,146
WP_393010598,gvpJ,Unknown,Streptomyces sp. NPDC048018,143
WP_392904211,gvpJ,Unknown,unclassified Spirillospora,145
WP_392841954,gvpJ,Unknown,Streptomyces sp. LN500,153
WP_392675010,gvpJ,Unknown,Streptomyces sp. LN785,162
WP_392321744,gvpJ,Unknown,Streptomyces sp. NPDC015139,132
WP_392192060,gvpJ,Unknown,Streptomyces sp. NPDC014864,122
WP_392020969,gvpJ,Unknown,Streptomyces pactum,149
WP_392020681,gvpJ,Unknown,Streptomyces pactum,155
WP_391745462,gvpJ,Unknown,unclassified Streptomyces,145
WP_391719870,gvpJ,Unknown,Streptomyces viridosporus,174
WP_391259183,gvpJ,Unknown,Streptomyces sioyaensis,144
WP_391099293,gvpJ,Unknown,Streptomyces sp. NPDC012637,152
WP_390868646,gvpJ,Unknown,Streptomyces sp. NPDC001380,153
WP_390705406,gvpJ,Unknown,unclassified Streptomyces,133
WP_390665545,gvpJ,Unknown,Streptomyces sp. NPDC001401,138
WP_390655186,gvpJ,Unknown,Streptomyces sp. NPDC001037,135
WP_390354430,gvpJ,Unknown,Tigheibacillus halophilus,109
WP_390128059,gvpJ,Unknown,Streptomyces sp. NPDC057950,157
WP_390030004,gvpJ,Unknown,Streptomyces sp. NPDC058011,165
WP_389621498,gvpJ,Unknown,Streptomyces sp. NPDC058157,166
WP_389553057,gvpJ,Unknown,Streptomyces sp. NPDC002701,160
WP_389391311,gvpJ,Unknown,Streptomyces sp. NPDC002952,176
WP_389275533,gvpJ,Unknown,Streptomyces sp. NPDC002795,120
WP_389173559,gvpJ,Unknown,Streptomyces sp. NPDC001816,127
WP_389108097,gvpJ,Unknown,Streptomyces sp. NPDC001777,141
WP_388991307,gvpJ,Unknown,Streptomyces sp. NPDC002669,141
WP_388847583,gvpJ,Unknown,Streptomyces sp. NPDC001922,156
WP_388809118,gvpJ,Unknown,Streptomyces sp. NPDC003781,175
WP_388496355,gvpJ,Unknown,Streptomyces nigra,157
WP_311721967,gvpJ,Unknown,Streptomyces lonegramiae,154
WP_311622200,gvpJ,Unknown,Streptomyces,157
WP_311606799,gvpJ,Unknown,Streptomyces evansiae,151
WP_310297612,gvpJ,Unknown,Nocardioides marmoribigeumensis,141
WP_307796117,gvpJ,Unknown,Amycolatopsis sp. 195334CR,124
WP_307439250,gvpJ,Unknown,Bacillus sp. V2I10,86
WP_302920729,gvpJ,Unknown,Micromonospora sp. C28SCA-DRY-2,126
WP_302771122,gvpJ,Unknown,Micromonospora,122
WP_255355782,gvpJ,Unknown,Frankia sp. CpI1-P,48
WP_254744182,gvpJ,Unknown,Streptomyces cucumeris,154
WP_254378051,gvpJ,Unknown,Streptomyces sp. MAR25Y5,316
WP_253752128,gvpJ,Unknown,Nonomuraea thailandensis,157
WP_253069521,gvpJ,Unknown,Pseudonocardia sp. McavD-2-B,129
WP_250298720,gvpJ,Unknown,unclassified Streptomyces,165
WP_249635972,gvpJ,Unknown,Streptomyces,160
WP_248832591,gvpJ,Unknown,Frankia sp. Mgl5,174
WP_248618533,gvpJ,Unknown,Natroniella sulfidigena,73
WP_248013694,gvpJ,Unknown,Streptomyces rhizoryzae,158
WP_247017666,gvpJ,Unknown,Amycolatopsis sp. FBCC-B4732,61
WP_246015378,gvpJ,Unknown,Kutzneria buriramensis,97
WP_244416567,gvpJ,Unknown,Streptomyces hygroscopicus,157
WP_183659396,gvpJ,Unknown,Nonomuraea dietziae,118
WP_183341279,gvpJ,Unknown,Conexibacter arvalis,132
WP_182789909,gvpJ,Unknown,Streptomyces,131
WP_182538739,gvpJ,Unknown,Nocardioides ginsengisegetis,151
WP_182468835,gvpJ,Unknown,Streptomyces,126
WP_182315423,gvpJ,Unknown,Streptomyces,162
WP_181585084,gvpJ,Unknown,Nocardia huaxiensis,170
WP_180224023,gvpJ,Unknown,Streptomyces sp. UH6,160
WP_179938686,gvpJ,Unknown,Streptomyces sp. Rer75,146
WP_179835006,gvpJ,Unknown,Actinomadura,145
WP_179794312,gvpJ,Unknown,Actinomycetospora,127
WP_179662294,gvpJ,Unknown,Nocardioides panaciterrulae,138
WP_179604374,gvpJ,Unknown,Leifsonia shinshuensis,142
WP_168477379,gvpJ,Unknown,Streptomyces platensis,156
WP_168091858,gvpJ,Unknown,Streptomyces telluris,61
WP_167950359,gvpJ,Unknown,Brevibacterium marinum,139
WP_167216219,gvpJ,Unknown,Kribbella shirazensis,156
WP_167216211,gvpJ,Unknown,Kribbella shirazensis,110
WP_167118047,gvpJ,Unknown,Rhodococcus sp. A14,137
WP_165341761,gvpJ,Unknown,Streptomyces ureilyticus,131
WP_165268225,gvpJ,Unknown,Streptomyces scabichelini,127
WP_164641423,gvpJ,Unknown,Streptomyces sp. SID9124,123
WP_164540294,gvpJ,Unknown,Streptomyces abyssomicinicus,202
WP_164432880,gvpJ,Unknown,Streptomyces violaceusniger group,126
WP_164428514,gvpJ,Unknown,Streptomyces rhizosphaericus,163
WP_164408967,gvpJ,Unknown,Streptomyces sp. SID12488,61
WP_164404639,gvpJ,Unknown,unclassified Streptomyces,75
WP_164346166,gvpJ,Unknown,unclassified Streptomyces,115
WP_164288463,gvpJ,Unknown,Streptomyces sp. SID11385,152
WP_164248029,gvpJ,Unknown,Streptomyces coelicoflavus,114
WP_164237755,gvpJ,Unknown,Streptomyces,167
WP_164189803,gvpJ,Unknown,Streptomyces bauhiniae,80
WP_164065305,gvpJ,Unknown,Rhodococcus opacus,123
WP_163089369,gvpJ,Unknown,Actinospica acidiphila,122
WP_414521980,gvpJ,Unknown,Synechococcus sp. R5-12,424
WP_414508662,gvpJ,Unknown,unclassified Synechococcus,425
WP_414419218,gvpJ,Unknown,unclassified Synechococcus,424
WP_414411344,gvpJ,Unknown,Synechococcus sp. O70.1,433
WP_414410597,gvpJ,Unknown,Synechococcus sp. W65.1,433
WP_414404876,gvpJ,Unknown,Synechococcus sp. R65.1,433
WP_414403765,gvpJ,Unknown,Synechococcus sp. H70.2,420
WP_414398501,gvpJ,Unknown,Synechococcus sp. R3-13,424
WP_414394100,gvpJ,Unknown,Synechococcus sp. O70.2,433
WP_414389948,gvpJ,Unknown,Synechococcus sp. R6-6,361
WP_414386125,gvpJ,Unknown,Synechococcus sp. H60.3,419
WP_414385985,gvpJ,Unknown,Synechococcus sp. H60.3,59
WP_414372005,gvpJ,Unknown,unclassified Synechococcus,419
WP_414365384,gvpJ,Unknown,Synechococcus sp. B60.1,417
WP_414362690,gvpJ,Unknown,unclassified Synechococcus,420
WP_414356710,gvpJ,Unknown,unclassified Synechococcus,424
WP_414346313,gvpJ,Unknown,unclassified Synechococcus,423
WP_414336631,gvpJ,Unknown,unclassified Synechococcus,419
WP_414334741,gvpJ,Unknown,Synechococcus sp. H55.2,419
WP_414100998,gvpJ,Unknown,Lentzea alba,62
WP_414084917,gvpJ,Unknown,Streptomyces asiaticus,163
WP_414080567,gvpJ,Unknown,Streptomyces asiaticus,145
WP_413801028,gvpJ,Unknown,Streptomyces iranensis,166
WP_413787864,gvpJ,Unknown,Streptomyces platensis,153
WP_413268531,gvpJ,Unknown,Floridanema aerugineum,139
WP_413106058,gvpJ,Unknown,Streptomyces sp. Inha503,124
WP_412015123,gvpJ,Unknown,Nocardia arseniciresistens,137
WP_411215386,gvpJ,Unknown,Terribacillus saccharophilus,87
WP_411109136,gvpJ,Unknown,Streptomyces sp. c-19,158
WP_410944427,gvpJ,Unknown,Pseudonocardia phyllosphaerae,127
WP_410669892,gvpJ,Unknown,Amycolatopsis sp. cmx-4-68,105
WP_410626925,gvpJ,Unknown,Amycolatopsis sp. cmx-8-4,125
WP_410626922,gvpJ,Unknown,Amycolatopsis sp. cmx-8-4,61
WP_410613904,gvpJ,Unknown,Amycolatopsis sp. lyj-109,85
WP_410613902,gvpJ,Unknown,Amycolatopsis sp. lyj-109,107
WP_410339324,gvpJ,Unknown,Sphaerobacter thermophilus,38
WP_408664375,gvpJ,Unknown,Jatrophihabitans sp.,197
WP_260723281,gvpJ,Unknown,Dactylosporangium roseum,136
WP_260722686,gvpJ,Unknown,Dactylosporangium roseum,131
WP_258780022,gvpJ,Unknown,Streptomyces pyxinicus,128
WP_258779942,gvpJ,Unknown,Streptomyces pyxinicus,122
WP_258356419,gvpJ,Unknown,Priestia megaterium,92
WP_235921651,gvpJ,Unknown,Lentzea tibetensis,105
WP_235740491,gvpJ,Unknown,Neobacillus drentensis,87
WP_235346527,gvpJ,Unknown,Brevibacterium sp. UCMA 11754,138
WP_234762665,gvpJ,Unknown,Streptomyces muensis,162
WP_234373241,gvpJ,Unknown,Streptomyces sp. H-KF8,316
WP_233648818,gvpJ,Unknown,Staphylococcus hyicus,115
WP_233305321,gvpJ,Unknown,Pseudonocardia terrae,145
WP_182667055,gvpJ,Unknown,Streptomyces calidiresistens,95
WP_182604638,gvpJ,Unknown,Streptomyces alkaliphilus,161
WP_181736066,gvpJ,Unknown,Cylindrospermopsis raciborskii,51
WP_180986978,gvpJ,Unknown,Rhodococcus,139
WP_119106611,gvpJ,Unknown,Streptomyces,124
WP_119105277,gvpJ,Unknown,Streptomyces sporangiiformans,145
WP_116507279,gvpJ,Unknown,Streptomyces sp. AcE210,126
WP_116176166,gvpJ,Unknown,Kutzneria buriramensis,51
WP_114015033,gvpJ,Unknown,Streptomyces reniochalinae,169
WP_113699856,gvpJ,Unknown,Nonomuraea lactucae,137
WP_112883445,gvpJ,Unknown,Paenibacillus montanisoli,72
WP_112735030,gvpJ,Unknown,Micromonospora noduli,123
WP_112298244,gvpJ,Unknown,Rhodococcus,138
WP_112284985,gvpJ,Unknown,Prauserella muralis,133
WP_111581498,gvpJ,Unknown,unclassified Streptomyces,131
WP_111254624,gvpJ,Unknown,Jiangella anatolica,140
WP_107983584,gvpJ,Unknown,Rhodococcus sp. OK519,65
WP_107409855,gvpJ,Unknown,Streptomyces,156
WP_107405438,gvpJ,Unknown,Streptomyces sp. DfronAA-171,146
WP_106588400,gvpJ,Unknown,Salsuginibacillus halophilus,71
WP_106236439,gvpJ,Unknown,Nonomuraea fuscirosea,155
WP_105421647,gvpJ,Unknown,Rhodococcus opacus,137
WP_103960681,gvpJ,Unknown,Nonomuraea solani,112
WP_103345199,gvpJ,Unknown,Staphylococcus agnetis,115
WP_102937452,gvpJ,Unknown,Streptomyces malaysiensis,169
WP_031177306,gvpJ,Unknown,Streptomyces,158
WP_031073992,gvpJ,Unknown,unclassified Streptomyces,150
WP_030944127,gvpJ,Unknown,Streptomyces chartreusis,148
WP_030922950,gvpJ,Unknown,Streptosporangium amethystogenes,139
WP_030818392,gvpJ,Unknown,Streptomyces,153
WP_030567131,gvpJ,Unknown,Streptomyces,165
WP_030552516,gvpJ,Unknown,Streptomyces exfoliatus,158
WP_030509757,gvpJ,Unknown,Microbispora rosea,137
WP_030463628,gvpJ,Unknown,Kitasatospora,145
WP_030273746,gvpJ,Unknown,Streptomyces sp. NRRL B-24484,148
WP_029116314,gvpJ,Unknown,Mycobacterium sp. URHB0044,68
WP_018402850,gvpJ,Unknown,Marinobacter gelidimuriae,68
WP_017681635,gvpJ,Unknown,Rhodococcus,137
WP_017140395,gvpJ,Unknown,Cereibacter sphaeroides,74
WP_016884874,gvpJ,Unknown,unclassified Rhodococcus (in: high G+C Gram-positive bacteria),134
WP_016881193,gvpJ,Unknown,unclassified Rhodococcus (in: high G+C Gram-positive bacteria),137
WP_016827952,gvpJ,Unknown,Streptomyces,128
WP_015309320,gvpJ,Unknown,Mycobacterium sp. JS623,57
WP_014459267,gvpJ,Unknown,Priestia,92
WP_013706730,gvpJ,Unknown,Desulfobacca acetoxidans,154
WP_013416223,gvpJ,Unknown,Prescottella equi,65
WP_013133609,gvpJ,Unknown,Thermobispora bispora,134
WP_013133605,gvpJ,Unknown,Thermobispora bispora,133
WP_013001554,gvpJ,Unknown,Streptomyces,174
WP_012960864,gvpJ,Unknown,Alkalihalophilus,86
WP_012893292,gvpJ,Unknown,Streptosporangium roseum,137
WP_011924416,gvpJ,Unknown,Bradyrhizobium sp. ORS 278,74
WP_011611923,gvpJ,Unknown,Trichodesmium erythraeum,104
WP_011611913,gvpJ,Unknown,Trichodesmium erythraeum,75
WP_011611911,gvpJ,Unknown,Trichodesmium erythraeum,62
WP_011593937,gvpJ,Unknown,Rhodococcus,127
WP_010593938,gvpJ,Unknown,Rhodococcus,135
WP_010313757,gvpJ,Unknown,Saccharopolyspora spinosa,140
WP_010228946,gvpJ,Unknown,unclassified Pseudonocardia,125
WP_009473324,gvpJ,Unknown,Rhodococcus,120
WP_009169242,gvpJ,Unknown,Clostridium sp. DL-VIII,363
WP_008311315,gvpJ,Unknown,Leptolyngbya sp. PCC 6406,113
WP_007828302,gvpJ,Unknown,Streptomyces,151
WP_007506978,gvpJ,Unknown,Pseudofrankia,149
WP_007300718,gvpJ,Unknown,Rhodococcus,122
WP_006946912,gvpJ,Unknown,Rhodococcus,139
WP_006540485,gvpJ,Unknown,Parafrankia sp. EUN1f,173
WP_006379318,gvpJ,Unknown,Streptomyces,153
WP_005512785,gvpJ,Unknown,Prescottella equi,65
WP_005476433,gvpJ,Unknown,Streptomyces,171
WP_005455872,gvpJ,Unknown,Saccharomonospora cyanea,120
WP_005255135,gvpJ,Unknown,Rhodococcus,122
WP_005249263,gvpJ,Unknown,Rhodococcus,122
WP_005246459,gvpJ,Unknown,Rhodococcus,137
WP_005241554,gvpJ,Unknown,Rhodococcus,121
WP_005241539,gvpJ,Unknown,Rhodococcus,121
WP_005241538,gvpJ,Unknown,Rhodococcus,124
WP_004981942,gvpJ,Unknown,Streptomyces viridosporus,174
WP_003897172,gvpJ,Unknown,Mycolicibacterium smegmatis,152
WP_002724513,gvpJ,Unknown,Cereibacter sphaeroides,74
WP_411976964,gvpJ,Unknown,Streptomyces solicathayae,151
WP_408664374,gvpJ,Unknown,Jatrophihabitans sp.,156
WP_407769081,gvpJ,Unknown,Mycobacterium sp.,134
WP_407629970,gvpJ,Unknown,Streptomyces sp. MMS24-I31,173
WP_407561784,gvpJ,Unknown,Streptomyces sp. 184,147
WP_407561755,gvpJ,Unknown,Streptomyces sp. 184,185
WP_406301310,gvpJ,Unknown,Streptomyces sp. NBC_00885,145
WP_400042251,gvpJ,Unknown,Streptomyces sp. NPDC085946,134
WP_398546419,gvpJ,Unknown,Streptomyces sp. NPDC020983,164
WP_397370705,gvpJ,Unknown,Nonomuraea sp. NPDC051941,125
WP_395954935,gvpJ,Unknown,Actinomadura sp. 3N508,149
WP_392685536,gvpJ,Unknown,Streptomyces niveus,170
WP_389790247,gvpJ,Unknown,Streptomyces sp. NPDC058280,151
WP_386601227,gvpJ,Unknown,Streptomyces sp. NPDC058751,151
WP_384003998,gvpJ,Unknown,Streptomyces sp. NPDC057474,174
WP_383017142,gvpJ,Unknown,Streptomyces scopuliridis,150
WP_382865905,gvpJ,Unknown,Streptomyces sioyaensis,157
WP_382736443,gvpJ,Unknown,Streptomyces sp. NPDC057136,156
WP_381977029,gvpJ,Unknown,Streptomyces niveus,161
WP_381968404,gvpJ,Unknown,Streptomyces,140
WP_381930005,gvpJ,Unknown,Streptomyces fagopyri,137
WP_380141837,gvpJ,Unknown,Kibdelosporangium aridum,114
WP_379505817,gvpJ,Unknown,Nonomuraea recticatena,118
WP_379049075,gvpJ,Unknown,Nocardia sp. NPDC057455,127
WP_377018022,gvpJ,Unknown,unclassified Brachybacterium,137
WP_367126553,gvpJ,Unknown,Streptomyces phytohabitans,130
WP_366060954,gvpJ,Unknown,Streptomyces sp. NPDC051051,173
WP_365967711,gvpJ,Unknown,unclassified Streptomyces,140
WP_364824471,gvpJ,Unknown,Streptomyces flaveolus,176
WP_364682485,gvpJ,Unknown,Streptomyces flaveolus,176
WP_364452464,gvpJ,Unknown,Amycolatopsis sp. NPDC049691,105
WP_364284969,gvpJ,Unknown,Amycolatopsis sp. NPDC051102,105
WP_362494007,gvpJ,Unknown,Streptomyces viridosporus,174
WP_361251641,gvpJ,Unknown,unclassified Streptomyces,155
WP_360854877,gvpJ,Unknown,Streptomyces sp. NPDC019224,148
WP_360846971,gvpJ,Unknown,Streptomyces sp. NPDC047108,146
WP_359406951,gvpJ,Unknown,Streptomyces flaveolus,116
WP_359322282,gvpJ,Unknown,Streptomyces buecherae,146
WP_359234990,gvpJ,Unknown,Streptomyces avermitilis,154
WP_358904916,gvpJ,Unknown,unclassified Streptomyces,153
WP_358854585,gvpJ,Unknown,unclassified Streptomyces,114
WP_358830087,gvpJ,Unknown,Streptomyces sp. NPDC005918,160
WP_358444529,gvpJ,Unknown,Nonomuraea sp. NPDC049158,134
WP_358419335,gvpJ,Unknown,Rhodococcus sp. NPDC047139,136
WP_356469194,gvpJ,Unknown,Streptomyces sp. NPDC006446,163
WP_356417318,gvpJ,Unknown,Streptomyces sp. NPDC005566,151
WP_356317549,gvpJ,Unknown,Streptomyces sp. NPDC005426,112
WP_356284687,gvpJ,Unknown,Streptomyces sp. NPDC005195,110
WP_356129701,gvpJ,Unknown,unclassified Streptomyces,215
WP_355894312,gvpJ,Unknown,Streptomyces hirsutus,155
WP_355827647,gvpJ,Unknown,Streptomyces sp. NPDC005408,164
WP_355231703,gvpJ,Unknown,Nocardioides sp. NPDC006303,155
WP_353756192,gvpJ,Unknown,Streptomyces capoamus,124
WP_351555677,gvpJ,Unknown,unclassified Streptomyces,107
WP_351102700,gvpJ,Unknown,unclassified Streptomyces,122
WP_351038826,gvpJ,Unknown,Saccharopolyspora sp. NPDC002686,138
WP_350974631,gvpJ,Unknown,Streptomyces filamentosus,164
WP_350841937,gvpJ,Unknown,Streptomyces collinus,134
WP_350760777,gvpJ,Unknown,Nonomuraea pusilla,135
WP_349446918,gvpJ,Unknown,Nonomuraea sp. B19D2,63
WP_346172100,gvpJ,Unknown,Streptomyces roseofulvus,162
WP_346112515,gvpJ,Unknown,Nonomuraea maheshkhaliensis,151
WP_344997065,gvpJ,Unknown,Nonomuraea helvata,105
WP_336346143,gvpJ,Unknown,Halalkalicoccus ordinarius,67
WP_335961851,gvpJ,Unknown,Halalkalibacter kiskunsagensis,86
WP_335549665,gvpJ,Unknown,Priestia megaterium,77
WP_334604114,gvpJ,Unknown,Micromonospora sp. CPCC 205546,155
WP_331527315,gvpJ,Unknown,Nocardioides sp.,144
WP_328907551,gvpJ,Unknown,Streptomyces sp. NBC_00234,153
WP_328881522,gvpJ,Unknown,Streptomyces sp. NBC_00299,161
WP_328540277,gvpJ,Unknown,Streptomyces sp. NBC_00344,150
WP_327551540,gvpJ,Unknown,Amycolatopsis sp.,58
WP_327029785,gvpJ,Unknown,Micromonospora sp. NBC_01740,147
WP_322974580,gvpJ,Unknown,Actinacidiphila epipremni,158
WP_319971679,gvpJ,Unknown,Lentzea miocenica,52
WP_307793151,gvpJ,Unknown,Amycolatopsis sp. MtRt-6,86
WP_305778812,gvpJ,Unknown,Nesterenkonia sp. NBAIMH1,155
WP_290356601,gvpJ,Unknown,Streptomyces sp. P9-2B-2,154
WP_290119781,gvpJ,Unknown,Actinomadura sp. DC4,141
WP_280501113,gvpJ,Unknown,Nocardia farcinica,132
WP_280488783,gvpJ,Unknown,Nocardia farcinica,129
WP_280473736,gvpJ,Unknown,Nocardia asiatica,128
WP_279786091,gvpJ,Unknown,Sphaerisporangium sp. TRM90804,137
WP_275321868,gvpJ,Unknown,Streptomyces,149
WP_271215592,gvpJ,Unknown,Streptosporangium carneum,142
WP_268246886,gvpJ,Unknown,Amycolatopsis,218
WP_262844974,gvpJ,Unknown,Sphaerisporangium corydalis,135
WP_259856915,gvpJ,Unknown,Dactylosporangium fulvum,134
WP_257448575,gvpJ,Unknown,Archangium lipolyticum,104
WP_256966416,gvpJ,Unknown,Streptomyces griseiscabiei,150
WP_255609003,gvpJ,Unknown,Micromonospora sp. NPDC050686,124
WP_253774177,gvpJ,Unknown,Nonomuraea roseoviolacea,138
WP_252804594,gvpJ,Unknown,Actinoallomurus spadix,142
WP_250966659,gvpJ,Unknown,unclassified Streptomyces,154
WP_250057562,gvpJ,Unknown,Streptomyces,157
WP_242903572,gvpJ,Unknown,Actinomadura terrae,145
WP_242749765,gvpJ,Unknown,Streptomyces tubbatahanensis,171
WP_242234394,gvpJ,Unknown,Domibacillus,86
WP_241963122,gvpJ,Unknown,Staphylococcus simulans,116
WP_239095503,gvpJ,Unknown,Planotetraspora silvatica,172
WP_235793509,gvpJ,Unknown,Virgibacillus salidurans,86
WP_231332765,gvpJ,Unknown,Actinomadura graeca,147
WP_229579980,gvpJ,Unknown,Rhodococcus rhodochrous,133
WP_226355835,gvpJ,Unknown,Pseudonocardia,129
WP_221441113,gvpJ,Unknown,Jiangella mangrovi,93
WP_221358205,gvpJ,Unknown,Streptomyces beigongshangae,119
WP_219457194,gvpJ,Unknown,Rhodococcus sp. USK10,141
WP_218442307,gvpJ,Unknown,Streptomyces albidoflavus,159
WP_218276411,gvpJ,Unknown,Pseudomonas sp. FW305-BF6,76
WP_217634867,gvpJ,Unknown,Micromonospora pattaloongensis,126
WP_216343315,gvpJ,Unknown,Streptomyces niphimycinicus,147
WP_210603129,gvpJ,Unknown,Brevibacterium oceani,144
WP_205359728,gvpJ,Unknown,Actinacidiphila acididurans,160
WP_204220985,gvpJ,Unknown,Archangium violaceum,104
WP_193897359,gvpJ,Unknown,Dolichospermum sp. LEGE 00240,157
WP_191559729,gvpJ,Unknown,Metabacillus idriensis,86
WP_189530467,gvpJ,Unknown,Streptomyces roseolilacinus,128
WP_189251908,gvpJ,Unknown,Lentzea flava,52
WP_189138843,gvpJ,Unknown,Nonomuraea glycinis,131
WP_189118597,gvpJ,Unknown,Nocardioides luteus,153
WP_188837606,gvpJ,Unknown,Flexivirga endophytica,144
WP_184781144,gvpJ,Unknown,Amycolatopsis jiangsuensis,113
WP_169445297,gvpJ,Unknown,Streptomyces sp. HNM0574,191
WP_167198792,gvpJ,Unknown,Brevibacterium,144
WP_157728561,gvpJ,Unknown,Actinopolymorpha singaporensis,238
WP_157110239,gvpJ,Unknown,Nocardia anaemiae,134
WP_149258421,gvpJ,Unknown,unclassified Actinomadura,144
WP_148136278,gvpJ,Unknown,Candidatus Formimonas warabiya,71
WP_148034918,gvpJ,Unknown,Nonomuraea sp. C10,112
WP_148034187,gvpJ,Unknown,Nonomuraea,79
WP_148012010,gvpJ,Unknown,Streptomyces sp. ME109,111
WP_148012005,gvpJ,Unknown,unclassified Streptomyces,157
WP_147989439,gvpJ,Unknown,Streptomyces sp. T39,162
WP_147976359,gvpJ,Unknown,unclassified Streptomyces,156
WP_147969934,gvpJ,Unknown,unclassified Streptomyces,147
WP_147106465,gvpJ,Unknown,Pseudonocardia sulfidoxydans,148
WP_146353638,gvpJ,Unknown,Lentzea tibetensis,52
WP_146340837,gvpJ,Unknown,Nesterenkonia sp. NBAIMH1,130
WP_112582913,gvpJ,Unknown,Micromonospora noduli,123
WP_103891069,gvpJ,Unknown,Actinacidiphila yanglinensis,152
WP_103492006,gvpJ,Unknown,Streptomyces,162
WP_102813826,gvpJ,Unknown,Priestia megaterium,92
WP_101951487,gvpJ,Unknown,Mycobacterium sp. 3519A,136
WP_101789874,gvpJ,Unknown,Nonomuraea indica,138
WP_101596087,gvpJ,Unknown,Bacillus sp. M6-12,81
WP_101596082,gvpJ,Unknown,Bacillaceae,88
WP_098809850,gvpJ,Unknown,Bacillus sp. AFS041924,73
WP_098527532,gvpJ,Unknown,unclassified Bacillus (in: firmicutes),79
WP_098261524,gvpJ,Unknown,Neobacillus drentensis,80
WP_093337233,gvpJ,Unknown,Pseudonocardia ammonioxydans,128
WP_076466972,gvpJ,Unknown,Micromonospora avicenniae,148
WP_069112085,gvpJ,Unknown,Jiangella alba,138
WP_068158732,gvpJ,Unknown,Rhodococcus phenolicus,63
WP_068053145,gvpJ,Unknown,Nocardia xishanensis,132
WP_067783503,gvpJ,Unknown,Nocardia amikacinitolerans,131
WP_067714177,gvpJ,Unknown,Nocardia yamanashiensis,163
WP_067464679,gvpJ,Unknown,Actinomadura macra,147
WP_067294549,gvpJ,Unknown,Mycobacterium sp. 1164985.4,135
WP_067281161,gvpJ,Unknown,Streptomyces jeddahensis,149
WP_066205564,gvpJ,Unknown,Bacillus sp. FJAT-27225,109
WP_066205549,gvpJ,Unknown,Bacillus sp. FJAT-27225,87
WP_060949522,gvpJ,Unknown,Streptomyces,169
WP_060878489,gvpJ,Unknown,Streptomyces scabiei,121
WP_059381897,gvpJ,Unknown,Rhodococcus,137
WP_059296705,gvpJ,Unknown,unclassified Streptomyces,170
WP_058940748,gvpJ,Unknown,Streptomyces,133
WP_058306413,gvpJ,Unknown,Gracilibacillus massiliensis,83
WP_051450414,gvpJ,Unknown,Actinospica robiniae,155
WP_045064366,gvpJ,Unknown,Rhodococcus,135
WP_040274121,gvpJ,Unknown,Rhodococcus,135
WP_034273455,gvpJ,Unknown,Actinospica robiniae,66
WP_034140498,gvpJ,Unknown,Desulfosporosinus,68
WP_034140473,gvpJ,Unknown,Desulfosporosinus sp. BICA1-9,74
WP_033947616,gvpJ,Unknown,Streptomyces,159
WP_033392391,gvpJ,Unknown,Kibdelosporangium aridum,114
WP_033364396,gvpJ,Unknown,Dactylosporangium aurantiacum,133
WP_033302361,gvpJ,Unknown,Streptomyces atroolivaceus,150
WP_033265075,gvpJ,Unknown,Streptomyces lydicus,156
WP_032087038,gvpJ,Unknown,[Bacillus] enclensis,86
WP_031937954,gvpJ,Unknown,Prescottella defluvii,65
WP_031937948,gvpJ,Unknown,Prescottella defluvii,132
WP_020658736,gvpJ,Unknown,Amycolatopsis benzoatilytica,131
WP_004558528,gvpJ,Unknown,Amycolatopsis vancoresmycina,108
WP_003934955,gvpJ,Unknown,Rhodococcus,137
WP_230740776,gvpJ,Unknown,Actinomycetospora endophytica,130
WP_225064979,gvpJ,Unknown,Pseudalkalibacillus salsuginis,87
WP_222968426,gvpJ,Unknown,Nocardia coffeae,127
WP_221025127,gvpJ,Unknown,Nocardioides jiangsuensis,142
WP_211328524,gvpJ,Unknown,Thermomonospora umbrina,132
WP_211123974,gvpJ,Unknown,Streptomyces yatensis,163
WP_210957357,gvpJ,Unknown,Streptomyces sp. RK75,168
WP_209210804,gvpJ,Unknown,Streptomyces smyrnaeus,173
WP_208258604,gvpJ,Unknown,Actinomadura barringtoniae,150
WP_206017216,gvpJ,Unknown,Rhodococcus koreensis,137
WP_204942342,gvpJ,Unknown,Micromonospora luteifusca,142
WP_198396735,gvpJ,Unknown,Brevibacterium,136
WP_197991381,gvpJ,Unknown,Streptomyces pactum,155
WP_195064848,gvpJ,Unknown,Nocardia,137
WP_179716242,gvpJ,Unknown,Petropleomorpha daqingensis,149
WP_168588240,gvpJ,Unknown,Saccharopolyspora sp. ASAGF58,140
WP_161246142,gvpJ,Unknown,Streptomyces sp. SID685,69
WP_160724739,gvpJ,Unknown,Bacillus sp. USDA818B3_A,76
WP_160693912,gvpJ,Unknown,Amycolatopsis sp. SID8362,62
WP_151754601,gvpJ,Unknown,Dictyobacter vulcani,76
WP_129266949,gvpJ,Unknown,Streptomyces sp. M3,144
WP_121680597,gvpJ,Unknown,Falsibacillus albus,86
WP_099969823,gvpJ,Unknown,Streptomyces sp. JV178,189
WP_097911904,gvpJ,Unknown,Streptomyces sp. b84,162
WP_097244002,gvpJ,Unknown,Nocardia,132
WP_092655063,gvpJ,Unknown,Actinopolymorpha singaporensis,154
WP_030078001,gvpJ,Unknown,Streptomyces decoyicus,157
WP_015309326,gvpJ,Unknown,Mycobacterium sp. JS623,149
WP_014056814,gvpJ,Unknown,Streptomyces violaceusniger,150
WP_012687584,gvpJ,Unknown,Rhodococcus opacus,136
WP_010474810,gvpJ,Unknown,Streptomyces,127
WP_009624388,gvpJ,Unknown,unclassified Desulfosporosinus,68
WP_009624375,gvpJ,Unknown,Desulfosporosinus sp. OT,65
WP_009620646,gvpJ,Unknown,unclassified Desulfosporosinus,70
WP_009480807,gvpJ,Unknown,Rhodococcus sp. JVH1,124
WP_009473316,gvpJ,Unknown,Rhodococcus,121
WP_006601847,gvpJ,Unknown,Streptomyces auratus,144
WP_005575060,gvpJ,Unknown,Rhodococcus,122
WP_406195032,gvpJ,Unknown,unclassified Streptomyces,108
WP_400141635,gvpJ,Unknown,Streptomyces sp. NPDC052301,128
WP_398676512,gvpJ,Unknown,Streptomyces rubiginosohelvolus,151
WP_397677159,gvpJ,Unknown,Streptomyces californicus,149
WP_391173077,gvpJ,Unknown,Streptomyces sp. NPDC007983,150
WP_387165145,gvpJ,Unknown,Streptomyces sp. NPDC127084,168
WP_382709235,gvpJ,Unknown,Streptomyces niveus,153
WP_381212661,gvpJ,Unknown,Streptomyces incanus,157
WP_381015243,gvpJ,Unknown,Streptomyces cyaneofuscatus,166
WP_363975886,gvpJ,Unknown,Nonomuraea sp. NPDC049625,126
WP_363952124,gvpJ,Unknown,Streptosporangium sp. NPDC051022,141
WP_363793753,gvpJ,Unknown,unclassified Saccharopolyspora,139
WP_363533431,gvpJ,Unknown,Glycomyces sp. NPDC049804,129
WP_359938899,gvpJ,Unknown,Kribbella sp. NPDC050459,158
WP_332434021,gvpJ,Unknown,Streptomyces sp. P9-A4,156
WP_329054510,gvpJ,Unknown,Amycolatopsis sp. NBC_01488,49
WP_322732503,gvpJ,Unknown,Nostoc sp. ChiQUE01b,133
WP_308634034,gvpJ,Unknown,Paenibacillus silvisoli,76
WP_281571974,gvpJ,Unknown,Micromonospora sp. WMMD812,127
WP_280463680,gvpJ,Unknown,Nocardia carnea,135
WP_262587090,gvpJ,Unknown,Staphylococcus sp. IVB6181,112
WP_237211022,gvpJ,Unknown,Rhodococcus ruber,135
WP_230758431,gvpJ,Unknown,Actinomycetospora soli,127
WP_228922968,gvpJ,Unknown,Streptomyces,162
WP_225637544,gvpJ,Unknown,Streptomyces,177
WP_218271954,gvpJ,Unknown,Rhodococcus opacus,142
WP_210948871,gvpJ,Unknown,Streptomyces sp. MK37H,127
WP_205219374,gvpJ,Unknown,Desulforhopalus vacuolatus,61
WP_204988867,gvpJ,Unknown,Sporohalobacter salinus,72
WP_203849683,gvpJ,Unknown,Dactylosporangium siamense,134
WP_199236813,gvpJ,Unknown,Kribbella antiqua,151
WP_193899333,gvpJ,Unknown,Dolichospermum sp. LEGE 00240,45
WP_192782751,gvpJ,Unknown,Amycolatopsis lexingtonensis,62
WP_191242820,gvpJ,Unknown,Amycolatopsis deserti,133
WP_190079463,gvpJ,Unknown,Streptomyces longisporoflavus,157
WP_184541477,gvpJ,Unknown,Streptosporangium becharense,146
WP_180933228,gvpJ,Unknown,Nocardioides ungokensis,138
WP_179158597,gvpJ,Unknown,Bacillus sp. EB106-08-02-XG196,77
WP_179121685,gvpJ,Unknown,Streptomyces avermitilis,95
WP_178974185,gvpJ,Unknown,Mycobacterium colombiense,56
WP_176197426,gvpJ,Unknown,Actinomadura sp. NAK00032,68
WP_176197422,gvpJ,Unknown,Actinomadura sp. NAK00032,147
WP_176180955,gvpJ,Unknown,Streptomyces sp. NA02950,163
WP_176178933,gvpJ,Unknown,Streptomyces sp. NA02950,152
WP_175588044,gvpJ,Unknown,Nonomuraea montanisoli,141
WP_175428046,gvpJ,Unknown,Rhodococcus pyridinivorans,136
WP_174783364,gvpJ,Unknown,Dolichospermum sp. UHCC 0406,40
WP_174554509,gvpJ,Unknown,Nocardia niwae,136
WP_174553898,gvpJ,Unknown,Nocardia,137
WP_174377721,gvpJ,Unknown,Nocardia,137
WP_174376512,gvpJ,Unknown,Nocardia cerradoensis,137
WP_173872784,gvpJ,Unknown,Streptomyces albus,141
WP_172650750,gvpJ,Unknown,Rhodococcus,137
WP_172506068,gvpJ,Unknown,Rhodococcus,137
WP_172370383,gvpJ,Unknown,Sporosarcina jiandibaonis,77
WP_167931404,gvpJ,Unknown,Streptomyces spiramenti,144
WP_164442623,gvpJ,Unknown,Streptomyces sp. SID9913,115
WP_154941509,gvpJ,Unknown,Micromonospora,122
WP_153400911,gvpJ,Unknown,Gracilibacillus oryzae,87
WP_151754586,gvpJ,Unknown,Dictyobacter vulcani,225
WP_138046492,gvpJ,Unknown,Streptomyces montanus,145
WP_135078578,gvpJ,Unknown,Nocardioides euryhalodurans,137
WP_133825154,gvpJ,Unknown,Actinomycetospora succinea,123
WP_132611452,gvpJ,Unknown,Nonomuraea terrae,150
WP_132102588,gvpJ,Unknown,Jiangella aurantiaca,140
WP_129976929,gvpJ,Unknown,Rhodococcus,124
WP_128639711,gvpJ,Unknown,Rhodococcus,121
WP_128107222,gvpJ,Unknown,Mycolicibacterium elephantis,135
WP_127932815,gvpJ,Unknown,Nonomuraea polychroma,135
WP_127916576,gvpJ,Unknown,Prescottella agglutinans,67
WP_125668702,gvpJ,Unknown,Streptomyces sp. WAC08241,74
WP_125648611,gvpJ,Unknown,Streptomyces sp. WAC06614,165
WP_125543247,gvpJ,Unknown,Streptomyces,158
WP_125516204,gvpJ,Unknown,Streptomyces sp. WAC 01529,143
WP_125308125,gvpJ,Unknown,Amycolatopsis eburnea,62
WP_124394039,gvpJ,Unknown,Rhodococcus,120
WP_124390422,gvpJ,Unknown,Rhodococcus wratislaviensis,142
WP_124279354,gvpJ,Unknown,Streptomyces sp. ADI93-02,148
WP_124258484,gvpJ,Unknown,Rhodococcus,137
WP_123558724,gvpJ,Unknown,Kitasatospora cineracea,145
WP_123441110,gvpJ,Unknown,Streptomyces,132
WP_123224470,gvpJ,Unknown,Nocardioides pocheonensis,156
WP_123107739,gvpJ,Unknown,Streptomyces botrytidirepellens,154
WP_122188444,gvpJ,Unknown,Nocardia stercoris,134
WP_121680594,gvpJ,Unknown,Falsibacillus albus,86
WP_121436023,gvpJ,Unknown,Actinomadura pelletieri,144
WP_120732729,gvpJ,Unknown,Micromonospora endolithica,121
WP_120697209,gvpJ,Unknown,Streptomyces radicis,141
WP_119991133,gvpJ,Unknown,unclassified Streptomyces,162
WP_119727560,gvpJ,Unknown,Thermomonospora,129
WP_119699470,gvpJ,Unknown,Rhodococcus,136
WP_119660706,gvpJ,Unknown,Jiangella rhizosphaerae,140
WP_118877384,gvpJ,Unknown,Ureibacillus yapensis,86
WP_108953404,gvpJ,Unknown,Streptomyces fragilis,144
WP_105423881,gvpJ,Unknown,Rhodococcus opacus,127
WP_104393308,gvpJ,Unknown,Nocardia nova,137
WP_097975986,gvpJ,Unknown,Bacillaceae,76
WP_097940306,gvpJ,Unknown,Mycolicibacterium agri,137
WP_097893468,gvpJ,Unknown,Streptomyces,154
WP_096155011,gvpJ,Unknown,Bacillus,84
WP_095870857,gvpJ,Unknown,Rhodococcus sp. ACPA1,122
WP_095750369,gvpJ,Unknown,Streptomyces sp. SA15,71
WP_095750228,gvpJ,Unknown,Streptomyces sp. SA15,151
WP_095232348,gvpJ,Unknown,Terribacillus saccharophilus,87
WP_094979685,gvpJ,Unknown,Rhodococcus pyridinivorans,117
WP_094886142,gvpJ,Unknown,Virgibacillus indicus,91
WP_094272932,gvpJ,Unknown,Rhodococcus sp. OK302,136
WP_093953497,gvpJ,Unknown,Amycolatopsis vastitatis,108
WP_093890181,gvpJ,Unknown,Streptosporangium canum,141
WP_093819323,gvpJ,Unknown,Streptomyces,164
WP_093584862,gvpJ,Unknown,unclassified Streptomyces,151
WP_093564293,gvpJ,Unknown,unclassified Streptomyces,162
WP_093531714,gvpJ,Unknown,Streptomyces,164
WP_093471623,gvpJ,Unknown,unclassified Streptomyces,132
WP_093470691,gvpJ,Unknown,Streptomyces melanosporofaciens,153
WP_093266133,gvpJ,Unknown,Saccharopolyspora shandongensis,139
WP_093160231,gvpJ,Unknown,Saccharopolyspora antimicrobica,138
WP_092889671,gvpJ,Unknown,Actinopolymorpha cephalotaxi,406
WP_092654556,gvpJ,Unknown,Actinopolymorpha singaporensis,434
WP_092209220,gvpJ,Unknown,Desulfoluna spongiiphila,218
WP_091611080,gvpJ,Unknown,Micromonospora mirobrigensis,121
WP_091519249,gvpJ,Unknown,Microlunatus soli,158
WP_091336100,gvpJ,Unknown,Micromonospora rhizosphaerae,138
WP_091318671,gvpJ,Unknown,Amycolatopsis tolypomycina,76
WP_091101807,gvpJ,Unknown,Micromonospora citrea,121
WP_091101800,gvpJ,Unknown,Micromonospora citrea,147
WP_090930264,gvpJ,Unknown,Nonomuraea jiangxiensis,147
WP_089740060,gvpJ,Unknown,Gracilibacillus ureilyticus,87
WP_089505179,gvpJ,Unknown,Streptomyces sp. NBS 14/10,157
WP_089326744,gvpJ,Unknown,Actinomadura meyerae,148
WP_088573521,gvpJ,Unknown,Streptomyces,150
WP_087558728,gvpJ,Unknown,unclassified Rhodococcus (in: high G+C Gram-positive bacteria),127
WP_087557490,gvpJ,Unknown,unclassified Rhodococcus (in: high G+C Gram-positive bacteria),136
WP_086664736,gvpJ,Unknown,Lentzea kentuckyensis,120
WP_086025191,gvpJ,Unknown,Streptomyces,127
WP_085772557,gvpJ,Unknown,Methylocystis bryophila,209
WP_078643184,gvpJ,Unknown,Streptomyces violaceusniger,165
WP_075237997,gvpJ,Unknown,Mycobacterium colombiense,122
WP_073907329,gvpJ,Unknown,Streptomyces sp. CB00455,154
WP_073740620,gvpJ,Unknown,Streptomyces,162
WP_067898600,gvpJ,Unknown,Nocardia vaccinii,135
WP_067839478,gvpJ,Unknown,Nocardia lijiangensis,132
WP_067839469,gvpJ,Unknown,Nocardia lijiangensis,130
WP_067367310,gvpJ,Unknown,Micromonospora rosaria,146
WP_065963713,gvpJ,Unknown,Streptomyces sparsogenes,171
WP_065490811,gvpJ,Unknown,Rhodococcus opacus,122
WP_065490809,gvpJ,Unknown,Rhodococcus opacus,125
WP_065125740,gvpJ,Unknown,Mycobacterium colombiense,135
WP_064954633,gvpJ,Unknown,Mycobacterium colombiense,136
WP_064567987,gvpJ,Unknown,Rossellomorea,86
WP_063126934,gvpJ,Unknown,Nocardia fusca,130
WP_063052235,gvpJ,Unknown,Nocardia arthritidis,129
WP_063034719,gvpJ,Unknown,Nocardia grenadensis,130
WP_062976435,gvpJ,Unknown,Nocardia flavorosea,129
WP_061974594,gvpJ,Unknown,Fictibacillus,77
WP_060652496,gvpJ,Unknown,Rhodococcus,132
WP_059254260,gvpJ,Unknown,Streptomyces,65
WP_059173159,gvpJ,Unknown,Bacillus sp. FJAT-27445,87
WP_043828447,gvpJ,Unknown,Cereibacter sphaeroides,74
WP_043251191,gvpJ,Unknown,Streptomyces,149
WP_038678855,gvpJ,Unknown,Pimelobacter simplex,68
WP_038044787,gvpJ,Unknown,Thermocrispum,59
WP_023419546,gvpJ,Unknown,Streptomyces,160
WP_019432329,gvpJ,Unknown,Streptomyces,147
WP_014814043,gvpJ,Unknown,Mycolicibacterium chubuense,134
WP_011611914,gvpJ,Unknown,Trichodesmium erythraeum,72
WP_006236541,gvpJ,Unknown,Saccharomonospora xinjiangensis,122
WP_003936452,gvpJ,Unknown,Rhodococcus,135
WP_171079438,gvpJ,Unknown,Streptomyces,142
WP_171061733,gvpJ,Unknown,Rhodococcus zopfii,136
WP_169951260,gvpJ,Unknown,Microbispora sp. H11081,138
WP_169399618,gvpJ,Unknown,Pseudonocardia xinjiangensis,143
WP_169181939,gvpJ,Unknown,Actinomycetospora sp. TBRC 11914,127
WP_169174396,gvpJ,Unknown,Actinoplanes sp. TBRC 11911,109
WP_169138063,gvpJ,Unknown,Streptomyces sp. HNM0575,154
WP_168642895,gvpJ,Unknown,Dolichospermum,52
WP_168589105,gvpJ,Unknown,Saccharopolyspora sp. ASAGF58,132
WP_168539310,gvpJ,Unknown,Streptomyces physcomitrii,176
WP_168513074,gvpJ,Unknown,Amycolatopsis acididurans,125
WP_168048089,gvpJ,Unknown,Falsiroseomonas frigidaquae,97
WP_168006756,gvpJ,Unknown,Alkalicoccus luteus,70
WP_167931408,gvpJ,Unknown,Streptomyces spiramenti,135
WP_167923215,gvpJ,Unknown,Planosporangium thailandense,142
WP_167115044,gvpJ,Unknown,Amycolatopsis viridis,132
WP_167096417,gvpJ,Unknown,Amycolatopsis granulosa,132
WP_145806770,gvpJ,Unknown,Kribbella amoyensis,63
WP_145806753,gvpJ,Unknown,Kribbella amoyensis,153
WP_145800592,gvpJ,Unknown,unclassified Streptomyces,154
WP_145773881,gvpJ,Unknown,Micromonospora olivasterospora,145
WP_144762457,gvpJ,Unknown,Amycolatopsis acidicola,129
WP_144549806,gvpJ,Unknown,Bacillus sp. X1(2014),83
WP_144286474,gvpJ,Unknown,Rhodococcus sp. WB9,121
WP_143632708,gvpJ,Unknown,Streptomyces sp. 1-11,130
WP_143618480,gvpJ,Unknown,Streptomyces alkaliphilus,82
WP_143618470,gvpJ,Unknown,Streptomyces alkaliphilus,158
WP_142864684,gvpJ,Unknown,Methylosinus,219
WP_142649370,gvpJ,Unknown,Microbispora,137
WP_142215438,gvpJ,Unknown,Streptomyces sp. SLBN-118,147
WP_142167410,gvpJ,Unknown,Streptomyces,149
WP_140788962,gvpJ,Unknown,Myxococcus,74
WP_117400518,gvpJ,Unknown,Actinomadura spongiicola,144
WP_116501122,gvpJ,Unknown,Streptomyces,154
WP_114744769,gvpJ,Unknown,Falsibacillus pallidus,86
WP_114722797,gvpJ,Unknown,unclassified Rhodococcus (in: high G+C Gram-positive bacteria),65
WP_114299305,gvpJ,Unknown,Anaerobacterium chartisolvens,72
WP_114299301,gvpJ,Unknown,Anaerobacterium chartisolvens,72
WP_114298883,gvpJ,Unknown,Anaerobacterium chartisolvens,75
WP_114024724,gvpJ,Unknown,Streptomyces diacarni,168
WP_113969336,gvpJ,Unknown,Rossellomorea aquimaris,86
WP_093705906,gvpJ,Unknown,Streptomyces,168
WP_093445477,gvpJ,Unknown,Streptomyces sp. Cmuel-A718b,158
WP_093356722,gvpJ,Unknown,Saccharopolyspora kobensis,138
WP_092882615,gvpJ,Unknown,Actinopolymorpha cephalotaxi,153
WP_092882614,gvpJ,Unknown,Actinopolymorpha,72
WP_091611071,gvpJ,Unknown,Micromonospora mirobrigensis,146
WP_091569046,gvpJ,Unknown,Micromonospora sediminicola,132
WP_091322640,gvpJ,Unknown,Geodermatophilus ruber,141
WP_091317332,gvpJ,Unknown,Micromonospora chersina,144
WP_091299860,gvpJ,Unknown,Micromonospora halophytica,122
WP_091284198,gvpJ,Unknown,Parafrankia,173
WP_090930261,gvpJ,Unknown,Nonomuraea jiangxiensis,120
WP_089740063,gvpJ,Unknown,Gracilibacillus ureilyticus,83
WP_089514397,gvpJ,Unknown,Streptomyces sp. NBS 14/10,156
WP_089257029,gvpJ,Unknown,Cereibacter sphaeroides,74
WP_089209318,gvpJ,Unknown,Streptosporangium subroseum,140
WP_088998128,gvpJ,Unknown,Micromonospora echinofusca,147
WP_088052001,gvpJ,Unknown,Bacillaceae,86
WP_087587678,gvpJ,Unknown,Prescottella equi,65
WP_086851652,gvpJ,Unknown,Streptomyces,120
WP_086851547,gvpJ,Unknown,Amycolatopsis kentuckyensis,85
WP_086674556,gvpJ,Unknown,Amycolatopsis,50
WP_086161389,gvpJ,Unknown,Streptomyces marincola,151
WP_085563890,gvpJ,Unknown,Streptomyces murinus,123
WP_084955753,gvpJ,Unknown,Thermoactinospora rubra,129
WP_084866519,gvpJ,Unknown,Prescottella equi,65
WP_084704407,gvpJ,Unknown,Phaeacidiphilus oryzae,161
WP_084578818,gvpJ,Unknown,Kutzneria sp. 744,99
WP_084512753,gvpJ,Unknown,Nocardia,139
WP_084130824,gvpJ,Unknown,Actinocatenispora sera,244
WP_083441793,gvpJ,Unknown,Nitriliruptor alkaliphilus,236
WP_082115206,gvpJ,Unknown,Lentzea,50
WP_081858173,gvpJ,Unknown,Staphylococcus agnetis,115
WP_081790191,gvpJ,Unknown,Nocardioides sp. URHA0032,165
WP_065492723,gvpJ,Unknown,Rhodococcus opacus,122
WP_065075589,gvpJ,Unknown,Mycobacterium colombiense,133
WP_065052974,gvpJ,Unknown,Mycobacterium colombiense,136
WP_064098138,gvpJ,Unknown,Sutcliffiella horikoshii,112
WP_063126930,gvpJ,Unknown,Nocardia fusca,133
WP_063045273,gvpJ,Unknown,Nocardia pseudovaccinii,134
WP_063034723,gvpJ,Unknown,Nocardia grenadensis,132
WP_062982485,gvpJ,Unknown,Nocardia anaemiae,130
WP_062401185,gvpJ,Unknown,Pseudonocardia,129
WP_062356512,gvpJ,Unknown,Herbidospora yilanensis,144
WP_062193364,gvpJ,Unknown,unclassified Streptomyces,152
WP_061451459,gvpJ,Unknown,Streptomyces scabiei,123
WP_060946228,gvpJ,Unknown,Streptomyces hygroscopicus,169
WP_060653416,gvpJ,Unknown,Rhodococcus pyridinivorans,124
WP_059381901,gvpJ,Unknown,Rhodococcus,133
WP_059089820,gvpJ,Unknown,Mycobacterium sp. GA-2829,136
WP_058856445,gvpJ,Unknown,Nocardia jinanensis,134
WP_056539406,gvpJ,Unknown,Rossellomorea,85
WP_055627677,gvpJ,Unknown,Streptomyces hirsutus,153
WP_055594167,gvpJ,Unknown,Streptomyces hirsutus,154
WP_055585092,gvpJ,Unknown,Peterkaempfera griseoplana,73
WP_055572680,gvpJ,Unknown,Streptomyces prasinopilosus,161
WP_055506709,gvpJ,Unknown,Nonomuraea pusilla,135
WP_054814764,gvpJ,Unknown,Nocardia arizonensis,135
WP_054248390,gvpJ,Unknown,Rhodococcus opacus,122
WP_053742972,gvpJ,Unknown,unclassified Streptomyces,156
WP_053707295,gvpJ,Unknown,Streptomyces sp. NRRL B-3648,123
WP_053632721,gvpJ,Unknown,Streptomyces,155
WP_053631920,gvpJ,Unknown,Streptomyces sp. H021,155
WP_053597578,gvpJ,Unknown,Bacillus sp. FJAT-18017,87
WP_053402984,gvpJ,Unknown,Priestia koreensis,86
WP_052863227,gvpJ,Unknown,Streptomyces,118
WP_052848117,gvpJ,Unknown,Streptomyces avicenniae,144
WP_052422821,gvpJ,Unknown,Nonomuraea candida,158
WP_051717135,gvpJ,Unknown,Streptomyces megasporus,306
WP_051705158,gvpJ,Unknown,unclassified Streptomyces,160
WP_051467854,gvpJ,Unknown,Actinomadura oligospora,147
WP_051179678,gvpJ,Unknown,Nocardia concava,162
WP_051152727,gvpJ,Unknown,Nocardia niigatensis,134
WP_050810168,gvpJ,Unknown,Streptomyces,128
WP_050183863,gvpJ,Unknown,Domibacillus robiginosus,86
WP_028409276,gvpJ,Unknown,Priestia,92
WP_026877213,gvpJ,Unknown,Jiangella gansuensis,140
WP_026700504,gvpJ,Unknown,Salibacterium aidingense,120
WP_026694733,gvpJ,Unknown,Peribacillus kribbensis,110
WP_026694725,gvpJ,Unknown,Peribacillus kribbensis,87
WP_026567036,gvpJ,Unknown,Bacillus sp. UNC41MFS5,83
WP_026243619,gvpJ,Unknown,Streptomyces,122
WP_023590271,gvpJ,Unknown,Streptomyces thermolilacinus,131
WP_022871168,gvpJ,Unknown,Yaniella halotolerans,130
WP_022596294,gvpJ,Unknown,Prescottella equi,65
WP_020937732,gvpJ,Unknown,Streptomyces collinus,134
WP_020868881,gvpJ,Unknown,Streptomyces rapamycinicus,163
WP_020658732,gvpJ,Unknown,Amycolatopsis benzoatilytica,114
WP_020575453,gvpJ,Unknown,Actinopolymorpha alba,231
WP_020543741,gvpJ,Unknown,Nonomuraea coxensis,112
WP_018510847,gvpJ,Unknown,Streptomyces,167
WP_017680869,gvpJ,Unknown,Rhodococcus,136
WP_017300097,gvpJ,Unknown,Nodosilinea nodulosa,115
WP_016934320,gvpJ,Unknown,Rhodococcus,124
WP_016884807,gvpJ,Unknown,Rhodococcus,122
WP_016881700,gvpJ,Unknown,unclassified Rhodococcus (in: high G+C Gram-positive bacteria),123
WP_016694798,gvpJ,Unknown,Rhodococcus rhodochrous,124
WP_016693991,gvpJ,Unknown,Rhodococcus,132
WP_015664638,gvpJ,Unknown,Bradyrhizobium oligotrophicum,81
WP_015580100,gvpJ,Unknown,Streptomyces,148
WP_015038033,gvpJ,Unknown,Streptomyces,161
WP_014054460,gvpJ,Unknown,Streptomyces violaceusniger,159
WP_013805382,gvpJ,Unknown,Hoyosella subflava,146
WP_013230352,gvpJ,Unknown,Amycolatopsis,105
WP_013019920,gvpJ,Unknown,Stackebrandtia nassauensis,138
WP_011611912,gvpJ,Unknown,Trichodesmium erythraeum,54
WP_011596139,gvpJ,Unknown,Rhodococcus jostii,122
WP_011596046,gvpJ,Unknown,Rhodococcus,134
WP_011593952,gvpJ,Unknown,Rhodococcus,124
WP_011552837,gvpJ,Unknown,Myxococcus,74
WP_009715476,gvpJ,Unknown,Streptomyces himastatinicus,156
WP_009564240,gvpJ,Unknown,Cereibacter sphaeroides,74
WP_009473308,gvpJ,Unknown,Rhodococcus sp. JVH1,128
WP_009472758,gvpJ,Unknown,Rhodococcus,137
WP_009064342,gvpJ,Unknown,Streptomyces,151
WP_008419407,gvpJ,Unknown,Natronococcus jeotgali,120
WP_007449996,gvpJ,Unknown,Streptomyces,162
WP_007004529,gvpJ,Unknown,Teichococcus cervicalis,74
WP_006606766,gvpJ,Unknown,Streptomyces,155
WP_005463881,gvpJ,Unknown,Saccharomonospora glauca,120
WP_004558526,gvpJ,Unknown,Amycolatopsis vancoresmycina,77
WP_003967224,gvpJ,Unknown,Streptomyces,163
WP_003947950,gvpJ,Unknown,Streptomyces,158
WP_002481452,gvpJ,Unknown,Staphylococcus,116
WP_416342295,gvpJ,Unknown,Isoptericola peretonis,140
WP_416062839,gvpJ,Unknown,Rhodococcus indonesiensis,136
WP_415957922,gvpJ,Unknown,Streptomyces,167
WP_166188157,gvpJ,Unknown,Nocardioides sp. IC4_145,139
WP_142043668,gvpJ,Unknown,Stackebrandtia endophytica,127
WP_141969264,gvpJ,Unknown,Actinomadura hallensis,149
WP_141957512,gvpJ,Unknown,Actinoallomurus bryophytorum,142
WP_141867997,gvpJ,Unknown,Enteractinococcus coprophilus,137
WP_141858262,gvpJ,Unknown,Kribbella jejuensis,110
WP_141786795,gvpJ,Unknown,Oryzihumus leptocrescens,141
WP_141575411,gvpJ,Unknown,Actinomadura sp. WMMA1423,147
WP_141255750,gvpJ,Unknown,Myxococcus,74
WP_081237067,gvpJ,Unknown,Streptomyces viridosporus,171
WP_416283349,gvpJ,Unknown,Natronococcus sp.,120
WP_416285311,gvpJ,Unknown,Natronococcus sp.,167
WP_408958179,gvpJ,Unknown,Natrinema sp. 74,149
WP_336364783,gvpJ,Unknown,Halalkalicoccus salilacus,150
WP_336363280,gvpJ,Unknown,Halalkalicoccus salilacus,169
WP_332101112,gvpJ,Unknown,Halalkalicoccus,150
WP_332099663,gvpJ,Unknown,Halalkalicoccus,169
WP_382206688,gvpJ,Unknown,Natrialbaceae,184
WP_407039556,gvpJ,Unknown,Halovalidus salilacus,253
WP_395282661,gvpJ,Unknown,unclassified Haladaptatus,125
WP_394338305,gvpJ,Unknown,Halorubrum sp. Ea8,161
WP_394338295,gvpJ,Unknown,Halorubrum sp. Hd13,151
WP_394338282,gvpJ,Unknown,Halorubrum sp. Eb13,151
WP_394335423,gvpJ,Unknown,Halorubrum vacuolatum,113
WP_394297060,gvpJ,Unknown,Natrinema salifodinae,209
WP_394740377,gvpJ,Unknown,Natronococcus roseus,170
WP_394341760,gvpJ,Unknown,Natronorubrum halophilum,194
WP_377070313,gvpJ,Unknown,Natribaculum luteum,135
WP_390206475,gvpJ,Unknown,Halocatena marina,157
WP_390203123,gvpJ,Unknown,Halobium salinum,198
WP_390193518,gvpJ,Unknown,Halalkalicoccus sp. GCM10025704,157
WP_379826853,gvpJ,Unknown,Halohasta litorea,165
WP_379692604,gvpJ,Unknown,Halopelagius fulvigenes,230
WP_009366039,gvpJ,Unknown,Halogranum rubrum,143
WP_371162967,gvpJ,Unknown,Halorubrum miltondacostae,119
WP_374063120,gvpJ,Unknown,Natrinema sp. H-ect4,203
WP_373689876,gvpJ,Unknown,Halocatena marina,157
WP_373674323,gvpJ,Unknown,Halopenitus sp. H-Gu1,116
WP_373633225,gvpJ,Unknown,Natrinema sp. H-ect1,184
WP_373618830,gvpJ,Unknown,Natrinema sp. HArc-T2,142
WP_373606515,gvpJ,Unknown,Natronorubrum sp. A-ect3,174
WP_369685066,gvpJ,Unknown,unclassified Haladaptatus,100
WP_345778393,gvpJ,Unknown,Haloprofundus salinisoli,151
WP_343161496,gvpJ,Unknown,Natrialba sp. INN-245,206
WP_342809831,gvpJ,Unknown,Natronosalvus hydrolyticus,191
WP_340604686,gvpJ,Unknown,Halalkalicoccus tibetensis,157
WP_339103150,gvpJ,Unknown,Haloterrigena salinisoli,196
WP_338007783,gvpJ,Unknown,Natronoglomus mannanivorans,207
WP_338001790,gvpJ,Unknown,Natronoglomus mannanivorans,203
WP_336344903,gvpJ,Unknown,Halalkalicoccus ordinarius,169
WP_331236523,gvpJ,Unknown,Natronorarus salvus,145
WP_323172442,gvpJ,Unknown,Natrialba sp. PRR66,156
WP_312909398,gvpJ,Unknown,Natronosalvus caseinilyticus,146
WP_310905593,gvpJ,Unknown,Natrinema sp. 1APR25-10V2,192
WP_309243300,gvpJ,Unknown,Halorubrum yunnanense,122
WP_306756667,gvpJ,Unknown,Natronolimnohabitans sp. A-GB9,189
WP_306169483,gvpJ,Unknown,Halococcus qingdaonensis,175
WP_304447142,gvpJ,Unknown,Halomarina ordinaria,165
WP_303659907,gvpJ,Unknown,Haladaptatus halobius,153
WP_303657481,gvpJ,Unknown,Halomarina pelagica,158
WP_303647870,gvpJ,Unknown,Haloarchaeobius amylolyticus,140
WP_293032462,gvpJ,Unknown,Natronococcus sp.,176
WP_290814037,gvpJ,Unknown,Halovivax sp.,242
WP_286047212,gvpJ,Unknown,Halalkalicoccus sp. NIPERK01,158
WP_286046594,gvpJ,Unknown,Halalkalicoccus sp. NIPERK01,153
WP_285927306,gvpJ,Unknown,Natrialbaceae archaeon AArc-T1-2,158
WP_284145166,gvpJ,Unknown,Haloterrigena alkaliphila,196
WP_283835225,gvpJ,Unknown,Halostagnicola sp. A-GB9-2,231
WP_282594484,gvpJ,Unknown,Halomarina salina,201
WP_278302715,gvpJ,Unknown,Natronococcus sp. A-GB7,173
WP_278293269,gvpJ,Unknown,Natronococcus sp. A-GB1,167
WP_277999934,gvpJ,Unknown,Halocatena marina,207
WP_276304823,gvpJ,Unknown,Halomarina halobia,158
WP_276254235,gvpJ,Unknown,Halomontanus rarus,213
WP_273836802,gvpJ,Unknown,Halococcus sp. PRR34,166
WP_273740711,gvpJ,Unknown,Natrinema soli,201
WP_269782711,gvpJ,Unknown,Halobacterium wangiae,160
WP_266077538,gvpJ,Unknown,Haladaptatus caseinilyticus,127
WP_265111929,gvpJ,Unknown,Halosolutus halophilus,189
WP_264780678,gvpJ,Unknown,Haladaptatus sp. T7,145
WP_263019422,gvpJ,Unknown,Natronobiforma cellulositropha,170
WP_259370016,gvpJ,Unknown,Natronoarchaeum philippinense,153
WP_256392407,gvpJ,Unknown,Natronoarchaeum rubrum,162
WP_255193952,gvpJ,Unknown,Natronobeatus ordinarius,213
WP_255167826,gvpJ,Unknown,Natrononativus amylolyticus,172
WP_254864842,gvpJ,Unknown,Halovivax gelatinilyticus,145
WP_254158038,gvpJ,Unknown,Natronosalvus rutilus,153
WP_253437692,gvpJ,Unknown,Natronosalvus halobius,164
WP_253226119,gvpJ,Unknown,unclassified Haladaptatus,134
WP_252700531,gvpJ,Unknown,Natronosalvus vescus,173
WP_251344610,gvpJ,Unknown,Haloplanus halophilus,114
WP_250874944,gvpJ,Unknown,Halomarina rubra,166
WP_250139724,gvpJ,Unknown,Halosolutus amylolyticus,191
WP_247995713,gvpJ,Unknown,Halocatena salina,127
WP_247729011,gvpJ,Unknown,Halovivax limisalsi,158
WP_245800598,gvpJ,Unknown,Natrinema saccharevitans,200
WP_244704585,gvpJ,Unknown,Halococcus dombrowskii,180
WP_239643441,gvpJ,Unknown,Natronococcus jeotgali,177
WP_231183149,gvpJ,Unknown,Haladaptatus sp. DYF46,138
WP_228434429,gvpJ,Unknown,Natrarchaeobaculum aegyptiacum,201
WP_227775553,gvpJ,Unknown,Haladaptatus pallidirubidus,143
WP_227380747,gvpJ,Unknown,Haladaptatus halobius,129
WP_227354237,gvpJ,Unknown,Haladaptatus salinisoli,126
WP_227132926,gvpJ,Unknown,Halorubellus salinus,131
WP_226479405,gvpJ,Unknown,Natrinema amylolyticum,206
WP_226041788,gvpJ,Unknown,Natrinema sp. DC36,197
WP_224447730,gvpJ,Unknown,Haloprofundus salilacus,138
WP_224332745,gvpJ,Unknown,Haloprofundus halobius,136
WP_222918715,gvpJ,Unknown,Natrinema sp. SYSU A 869,194
WP_220580829,gvpJ,Unknown,Haloarcula nitratireducens,175
WP_207587685,gvpJ,Unknown,Halomontanus rarus,204
WP_207269848,gvpJ,Unknown,Natrinema longum,206
WP_207269318,gvpJ,Unknown,Natrinema longum,130
WP_205250693,gvpJ,Unknown,Halobacterium,98
WP_204747359,gvpJ,Unknown,Haloterrigena salifodinae,199
WP_191451858,gvpJ,Unknown,Halogeometricum sp. CBA1124,165
WP_188786677,gvpJ,Unknown,Halobellus salinus,116
WP_182013377,gvpJ,Unknown,Haloquadratum walsbyi,148
WP_181692585,gvpJ,Unknown,Natronomonas sp. LN261,147
WP_180841479,gvpJ,Unknown,Natrinema zhouii,211
WP_179267287,gvpJ,Unknown,Halorarum salinum,138
WP_179259824,gvpJ,Unknown,Natrinema halophilum,197
WP_179170139,gvpJ,Unknown,Halorarum halophilum,141
WP_178335392,gvpJ,Unknown,Natronomonas salina,194
WP_176705159,gvpJ,Unknown,Halobacterium sp. GN101,98
WP_176548239,gvpJ,Unknown,Natrinema sp. CBA1119,203
WP_174679479,gvpJ,Unknown,Haloterrigena gelatinilytica,197
WP_167937487,gvpJ,Unknown,Natronococcus sp. JC468,177
WP_165161353,gvpJ,Unknown,Natronolimnobius sp. AArcel1,191
WP_163487435,gvpJ,Unknown,Halogeometricum borinquense,113
WP_162413123,gvpJ,Unknown,Haloarcula salina,139
WP_162318744,gvpJ,Unknown,Haloarcula limicola,175
WP_160134858,gvpJ,Unknown,Halococcus salsus,145
WP_160063331,gvpJ,Unknown,Natronorubrum halalkaliphilum,192
WP_158205687,gvpJ,Unknown,Halomarina oriensis,164
WP_158056330,gvpJ,Unknown,Halorussus halophilus,111
WP_152943446,gvpJ,Unknown,Natronorubrum aibiense,191
WP_149081291,gvpJ,Unknown,Natrialba swarupiae,204
WP_148860450,gvpJ,Unknown,Natronococcus pandeyae,184
WP_145843677,gvpJ,Unknown,Salarchaeum sp. JOR-1,116
WP_144261475,gvpJ,Unknown,Haloglomus irregulare,116
WP_141466081,gvpJ,Unknown,Salinadaptatus halalkaliphilus,206
WP_138652119,gvpJ,Unknown,Natrinema pallidum,181
WP_138244851,gvpJ,Unknown,Natrinema versiforme,206
WP_137288341,gvpJ,Unknown,Natronorubrum halophilum,195
WP_137048440,gvpJ,Unknown,Haloprofundus sp. MHR1,152
WP_135305017,gvpJ,Unknown,Haloarcula amylovorans,169
WP_130170637,gvpJ,Unknown,Natrinema altunense,198
WP_126661393,gvpJ,Unknown,Haloterrigena salifodinae,199
WP_124955533,gvpJ,Unknown,Halocatena pleomorpha,206
WP_124194926,gvpJ,Unknown,Natrarchaeobius chitinivorans,207
WP_124177942,gvpJ,Unknown,Natrarchaeobius halalkaliphilus,186
WP_122090606,gvpJ,Unknown,Halalkalicoccus subterraneus,156
WP_120245220,gvpJ,Unknown,Halopiger aswanensis,203
WP_120074908,gvpJ,Unknown,Halococcus sp. IIIV-5B,147
WP_117592710,gvpJ,Unknown,Haloprofundus halophilus,152
WP_114575681,gvpJ,Unknown,Saliphagus,172
WP_103426139,gvpJ,Unknown,Salinigranum rubrum,166
WP_101296549,gvpJ,Unknown,Halegenticoccus soli,185
WP_097380012,gvpJ,Unknown,Natrinema ejinorense,206
WP_094558147,gvpJ,Unknown,Halorubrum sp. Ea1,131
WP_092903613,gvpJ,Unknown,Halostagnicola kamekurae,167
WP_092892786,gvpJ,Unknown,Halopelagius inordinatus,215
WP_092733790,gvpJ,Unknown,Halopenitus persicus,114
WP_092531725,gvpJ,Unknown,Halopelagius longus,231
WP_090613417,gvpJ,Unknown,Natrinema salaciae,185
WP_090507560,gvpJ,Unknown,Natronorubrum sediminis,218
WP_090382942,gvpJ,Unknown,Natronobacterium texcoconense,195
WP_090303666,gvpJ,Unknown,Natronorubrum texcoconense,200
WP_089878763,gvpJ,Unknown,Halogeometricum limi,156
WP_089869446,gvpJ,Unknown,Halogranum rubrum,137
WP_089821084,gvpJ,Unknown,Halogranum amylolyticum,158
WP_089807061,gvpJ,Unknown,Halogeometricum rufum,165
WP_089789132,gvpJ,Unknown,Natronobacterium haloterrestre,207
WP_089671669,gvpJ,Unknown,Halohasta litchfieldiae,158
WP_087715551,gvpJ,Unknown,Natronolimnobius baerhuensis,195
WP_082146683,gvpJ,Unknown,Halostagnicola sp. A56,198
WP_076608222,gvpJ,Unknown,Natronorubrum thiooxidans,160
WP_076582322,gvpJ,Unknown,Natronorubrum daqingense,210
WP_076429423,gvpJ,Unknown,Haladaptatus litoreus,127
WP_071399857,gvpJ,Unknown,Natrialba sp. SSL1,158
WP_069451070,gvpJ,Unknown,Haladaptatus sp. W1,145
WP_066384861,gvpJ,Unknown,Halalkalicoccus paucihalophilus,153
WP_066382960,gvpJ,Unknown,Halalkalicoccus paucihalophilus,144
WP_066146118,gvpJ,Unknown,Haladaptatus sp. R4,140
WP_065757384,gvpJ,Unknown,Haloquadratum walsbyi,132
WP_058580755,gvpJ,Unknown,Haloprofundus marisrubri,152
WP_049998359,gvpJ,Unknown,Halococcus sediminicola,154
WP_049997337,gvpJ,Unknown,Halococcus sediminicola,152
WP_049970413,gvpJ,Unknown,Haladaptatus cibarius,126
WP_049966922,gvpJ,Unknown,Natrinema thermotolerans,193
WP_049954066,gvpJ,Unknown,Halostagnicola larsenii,174
WP_049934342,gvpJ,Unknown,Haloplanus natans,113
WP_049926881,gvpJ,Unknown,Halopiger goleimassiliensis,194
WP_049924574,gvpJ,Unknown,Halopiger djelfimassiliensis,178
WP_049898783,gvpJ,Unknown,Halococcus agarilyticus,178
WP_049895367,gvpJ,Unknown,Halopiger xanaduensis,193
WP_049891036,gvpJ,Unknown,Natrinema versiforme,206
WP_049890116,gvpJ,Unknown,Natronorubrum sulfidifaciens,184
WP_049887869,gvpJ,Unknown,Natronobacterium gregoryi,194
WP_015408784,gvpJ,Unknown,Natronomonas moolapensis,122
WP_015322028,gvpJ,Unknown,Natronococcus occultus,183
WP_015301137,gvpJ,Unknown,Halovivax ruber,144
WP_012943530,gvpJ,Unknown,Haloterrigena turkmenica,201
WP_011571048,gvpJ,Unknown,Haloquadratum walsbyi,148
WP_010904101,gvpJ,Unknown,Halobacterium,98
WP_010890526,gvpJ,Unknown,Halobacteriales,114
WP_008894735,gvpJ,Unknown,Haloterrigena salina,203
WP_008416647,gvpJ,Unknown,Halalkalicoccus jeotgali,143
WP_008389624,gvpJ,Unknown,Halogeometricum pallidum,169
WP_007982680,gvpJ,Unknown,Haladaptatus paucihalophilus,145
WP_007739244,gvpJ,Unknown,Halococcus thailandensis,174
WP_007704302,gvpJ,Unknown,Halovivax asiaticus,157
WP_007695224,gvpJ,Unknown,Halococcus hamelinensis,151
WP_007260756,gvpJ,Unknown,Natronolimnohabitans innermongolicus,199
WP_007143591,gvpJ,Unknown,Natronobacterium lacisalsi,209
WP_007109514,gvpJ,Unknown,Natrinema altunense,198
WP_006824688,gvpJ,Unknown,Natrialba taiwanensis,158
WP_006672160,gvpJ,Unknown,Halobiforma nitratireducens,196
WP_006665989,gvpJ,Unknown,Natrialba aegyptia,161
WP_006651601,gvpJ,Unknown,Natrialba hulunbeirensis,149
WP_006184747,gvpJ,Unknown,Natrinema pallidum,181
WP_006182089,gvpJ,Unknown,Natrinema pellirubrum,198
WP_006168087,gvpJ,Unknown,Natrialba chahannaoensis,147
WP_006108424,gvpJ,Unknown,Natrialba asiatica,159
WP_006088510,gvpJ,Unknown,Natronorubrum tibetense,202
WP_006076715,gvpJ,Unknown,Halococcus saccharolyticus,162
WP_006067837,gvpJ,Unknown,Natronorubrum bangense,177
WP_006056156,gvpJ,Unknown,Halogeometricum borinquense,113
WP_005558086,gvpJ,Unknown,Natronococcus amylolyticus,168
WP_005043860,gvpJ,Unknown,Halococcus salifodinae,165
WP_004213828,gvpJ,Unknown,Natrialba magadii,152
WP_004051394,gvpJ,Unknown,Halococcus morrhuae,180
