accession,gene_name,protein_name,organism,sequence_length
WP_457484345,gvpO,Unknown,Streptomyces sp. SS10,148
WP_457481894,gvpO,Unknown,Streptomyces sp. WG-D5,66
WP_195065113,gvpO,Unknown,Nocardia,97
WP_457229607,gvpO,Unknown,Nocardia gipuzkoensis,97
WP_457219094,gvpO,Unknown,Nocardia gipuzkoensis,109
WP_457214557,gvpO,Unknown,Nocardia gipuzkoensis,97
WP_457212174,gvpO,Unknown,Nocardia gipuzkoensis,96
WP_457199930,gvpO,Unknown,Nocardia gipuzkoensis,97
WP_457186279,gvpO,Unknown,Nocardia sp. R16R-3T,111
WP_457172916,gvpO,Unknown,Nocardia gipuzkoensis,96
WP_210461500,gvpO,Unknown,Rhodococcus opacus,114
WP_394428524,gvpO,Unknown,Streptomyces sp. SGAir0957,138
WP_456230632,gvpO,Unknown,Streptomyces sp. NPDC002248,180
WP_455449568,gvpO,Unknown,Natrinema thermotolerans,177
WP_455414845,gvpO,Unknown,Plantactinospora sp. DSM 117369,172
WP_455353289,gvpO,Unknown,unclassified Streptomyces,102
WP_454638629,gvpO,Unknown,Staphylococcus equorum,88
WP_454296928,gvpO,Unknown,Rhodococcus ruber,113
WP_454195644,gvpO,Unknown,Nocardia sp. Marseille-Q1738,111
WP_454109706,gvpO,Unknown,Leifsonia shinshuensis,274
WP_453880475,gvpO,Unknown,Streptomyces violaceusniger,158
WP_453878870,gvpO,Unknown,Streptomyces violaceusniger,103
WP_453843345,gvpO,Unknown,Streptomyces ziwulingensis,85
WP_453763100,gvpO,Unknown,Streptomyces sp. NPDC055058,106
WP_453733443,gvpO,Unknown,Streptomyces sp. NPDC055189,106
WP_453699776,gvpO,Unknown,Streptomyces sp. NPDC054866,109
WP_453684824,gvpO,Unknown,unclassified Streptomyces,108
WP_453473155,gvpO,Unknown,Streptomyces sp. NPDC054826,106
WP_453444888,gvpO,Unknown,unclassified Streptomyces,108
WP_453398332,gvpO,Unknown,Streptomyces sp. NPDC054871,109
WP_453357537,gvpO,Unknown,unclassified Streptomyces,103
WP_453298365,gvpO,Unknown,Streptomyces sp. NPDC054770,58
WP_453255478,gvpO,Unknown,Streptomyces sp. NPDC004682,102
WP_453079355,gvpO,Unknown,unclassified Streptomyces,103
WP_452896331,gvpO,Unknown,Streptomyces luteogriseus,107
WP_452882653,gvpO,Unknown,Streptomyces asiaticus,100
WP_452858193,gvpO,Unknown,Streptomyces massasporeus,107
WP_452676354,gvpO,Unknown,Streptomyces albogriseolus,147
WP_452590773,gvpO,Unknown,Rhodococcus koreensis,114
WP_452582939,gvpO,Unknown,Rhodococcus koreensis,120
WP_452581880,gvpO,Unknown,Rhodococcus koreensis,113
WP_452556880,gvpO,Unknown,Nocardia sp. NPDC003963,111
WP_452528980,gvpO,Unknown,Nonomuraea muscovyensis,155
WP_452501629,gvpO,Unknown,Nonomuraea angiospora,123
WP_452495258,gvpO,Unknown,Nocardia sp. NPDC003999,109
WP_452475810,gvpO,Unknown,Nocardia rhamnosiphila,109
WP_452421500,gvpO,Unknown,Nocardia sp. NPDC004260,106
WP_452413008,gvpO,Unknown,unclassified Nonomuraea,113
WP_450679243,gvpO,Unknown,unclassified Streptomyces,60
WP_450021639,gvpO,Unknown,unclassified Nocardia,106
WP_449891158,gvpO,Unknown,Nocardia niigatensis,111
WP_449869620,gvpO,Unknown,Nocardia rhamnosiphila,108
WP_385751139,gvpO,Unknown,unclassified Streptomyces,103
WP_366714017,gvpO,Unknown,unclassified Streptomyces,107
WP_363975041,gvpO,Unknown,unclassified Nonomuraea,123
WP_363962376,gvpO,Unknown,unclassified Nonomuraea,105
WP_350952800,gvpO,Unknown,unclassified Streptosporangium,151
WP_452376778,gvpO,Unknown,Nocardia takedensis,107
WP_452363677,gvpO,Unknown,Nocardia sp. NPDC004085,107
WP_452357783,gvpO,Unknown,Nocardia sp. NPDC004573,110
WP_452289332,gvpO,Unknown,Microbispora sp. NPDC004025,144
WP_452272865,gvpO,Unknown,Micromonospora taraxaci,110
WP_452188239,gvpO,Unknown,Isoptericola sp. NPDC055881,213
WP_452167088,gvpO,Unknown,Kitasatospora cineracea,180
WP_452162939,gvpO,Unknown,Kitasatospora sp. NPDC004272,223
WP_452161156,gvpO,Unknown,Kitasatospora cineracea,182
WP_452151145,gvpO,Unknown,Kitasatospora sp. NPDC004240,72
WP_452141499,gvpO,Unknown,Kribbella sp. NPDC004138,151
WP_452015570,gvpO,Unknown,Amycolatopsis sp. NPDC004368,110
WP_451969098,gvpO,Unknown,Amycolatopsis sp. NPDC004378,105
WP_451962647,gvpO,Unknown,Streptosporangium sandarakinum,148
WP_451958269,gvpO,Unknown,Streptosporangium sp. NPDC002607,155
WP_451927485,gvpO,Unknown,Streptosporangium sp. NPDC003464,142
WP_451785188,gvpO,Unknown,unclassified Streptomyces,102
WP_451641276,gvpO,Unknown,Streptomyces sp. NPDC003442,100
WP_451451209,gvpO,Unknown,Streptomyces sp. NPDC002402,132
WP_451383334,gvpO,Unknown,Streptomyces sp. NPDC002346,105
WP_451235345,gvpO,Unknown,Streptomyces sp. NPDC002814,95
WP_451218429,gvpO,Unknown,Streptomyces sp. NPDC002853,108
WP_451140716,gvpO,Unknown,Streptomyces sp. NPDC001770,106
WP_451119347,gvpO,Unknown,Streptomyces sp. NPDC002206,77
WP_451088008,gvpO,Unknown,Streptomyces sp. NPDC002851,49
WP_451068091,gvpO,Unknown,Streptomyces sp. NPDC001889,106
WP_450875191,gvpO,Unknown,Streptomyces sp. NPDC001700,116
WP_450874909,gvpO,Unknown,Streptomyces sp. NPDC001700,146
WP_450834250,gvpO,Unknown,Streptomyces sp. NPDC001667,106
WP_450830860,gvpO,Unknown,Streptomyces sp. NPDC001492,121
WP_450569875,gvpO,Unknown,Streptomyces sp. NPDC001275,36
WP_450484163,gvpO,Unknown,Streptomyces sp. NPDC000941,103
WP_450465210,gvpO,Unknown,Streptomyces sp. NPDC001020,102
WP_450458612,gvpO,Unknown,Streptomyces nondiastaticus,142
WP_450408055,gvpO,Unknown,Streptomyces sp. NPDC000878,87
WP_450299519,gvpO,Unknown,Streptomyces klenkii,127
WP_450146987,gvpO,Unknown,Rhodococcus koreensis,114
WP_450140651,gvpO,Unknown,Saccharopolyspora sp. NPDC000995,149
WP_450132255,gvpO,Unknown,Saccharopolyspora sp. NPDC002376,120
WP_450120915,gvpO,Unknown,Rhodococcus indonesiensis,113
WP_450093806,gvpO,Unknown,Promicromonospora sukumoe,91
WP_450089938,gvpO,Unknown,Rhodococcus aetherivorans,113
WP_397371182,gvpO,Unknown,unclassified Nonomuraea,105
WP_450058874,gvpO,Unknown,Nocardia xishanensis,110
WP_450050241,gvpO,Unknown,Nocardia beijingensis,107
WP_450007522,gvpO,Unknown,Nocardia xishanensis,110
WP_449994485,gvpO,Unknown,Nocardia sp. NPDC003345,87
WP_449965803,gvpO,Unknown,Nonomuraea sp. NPDC003201,123
WP_449957166,gvpO,Unknown,Nonomuraea sp. NPDC003201,105
WP_449915513,gvpO,Unknown,Nonomuraea sp. NPDC003727,113
WP_449906524,gvpO,Unknown,Nonomuraea sp. NPDC003707,123
WP_449894038,gvpO,Unknown,Nocardia sp. NPDC001965,111
WP_449835362,gvpO,Unknown,Lentzea sp. NPDC004789,88
WP_449801078,gvpO,Unknown,Kitasatospora sp. NPDC001660,145
WP_159405668,gvpO,Unknown,Gordonia,97
WP_449153688,gvpO,Unknown,Staphylococcus simulans,89
WP_449153487,gvpO,Unknown,Staphylococcus simulans,89
WP_382557756,gvpO,Unknown,unclassified Streptomyces,108
WP_409062172,gvpO,Unknown,Streptomyces,46
WP_447189536,gvpO,Unknown,Streptosporangium sp. G12,143
WP_446804886,gvpO,Unknown,[Actinomadura] parvosata,98
WP_446462975,gvpO,Unknown,Streptomyces sp. BRA346,131
WP_446462824,gvpO,Unknown,Streptomyces sp. BRA346,107
WP_446286886,gvpO,Unknown,Salipiger marinus,109
WP_446244759,gvpO,Unknown,Rossellomorea sp. NS-SX7,88
WP_100805429,gvpO,Unknown,Streptomyces malaysiensis,126
WP_378275350,gvpO,Unknown,Actinomadura kijaniata,86
WP_182845534,gvpO,Unknown,Actinomadura kijaniata,85
WP_445133717,gvpO,Unknown,Streptomyces sp. DW26H14,101
WP_445128384,gvpO,Unknown,Streptomyces anulatus,107
WP_445092798,gvpO,Unknown,Nocardia sp. R6R-6,110
WP_445518720,gvpO,Unknown,Streptomyces sp. NEAU-174,100
WP_445419365,gvpO,Unknown,Streptomyces sp. ECR3.8,148
WP_445070339,gvpO,Unknown,Streptomyces violaceoruber,130
WP_095313311,gvpO,Unknown,Oceanobacillus,91
WP_445253903,gvpO,Unknown,Oceanobacillus sp. FSL K6-2867,98
WP_445181621,gvpO,Unknown,Pseudonocardia sp. Cha107L01,156
WP_394584194,gvpO,Unknown,Halobacillus sp. B23F22_1,88
WP_394462074,gvpO,Unknown,Thalassobacillus sp. B23F22_16,94
WP_138244858,gvpO,Unknown,Natrinema,179
WP_444461520,gvpO,Unknown,Rhodobacter capsulatus,125
WP_161463862,gvpO,Unknown,Oceanobacillus sp. M65,85
WP_093470471,gvpO,Unknown,Streptomyces,103
WP_443332382,gvpO,Unknown,Streptomyces sp. 8N706,100
WP_443322668,gvpO,Unknown,Streptomyces sp. 7N604,158
WP_443321716,gvpO,Unknown,Streptomyces sp. 7N604,100
WP_443317413,gvpO,Unknown,Streptomyces sp. 8N616,100
WP_443315074,gvpO,Unknown,Streptomyces sp. 8N616,158
WP_443285670,gvpO,Unknown,Streptomyces sp. 6N223,113
WP_443278990,gvpO,Unknown,Streptomyces sp. 8N114,97
WP_443256762,gvpO,Unknown,Virgibacillus sp. L01,89
WP_443247337,gvpO,Unknown,Streptomyces sp. 3N207,97
WP_443220332,gvpO,Unknown,Streptomyces sp. 4N509B,103
WP_443171757,gvpO,Unknown,Nonomuraea sp. KM90,138
WP_443154700,gvpO,Unknown,Nonomuraea sp. KM88,137
WP_443143375,gvpO,Unknown,Pseudalkalibacillus sp. R45,88
WP_014644366,gvpO,Unknown,Halobacillus,88
WP_443134275,gvpO,Unknown,Halobacillus sp. K22,88
WP_443127556,gvpO,Unknown,Gracilibacillus sp. D59,88
WP_443119794,gvpO,Unknown,Halobacillus sp. H74,89
WP_443108411,gvpO,Unknown,Actinomadura sp. 3N407,86
WP_442943790,gvpO,Unknown,Nocardia sp. NBC_00508,110
WP_442748301,gvpO,Unknown,Streptomyces pseudogriseolus,149
WP_442738506,gvpO,Unknown,Streptomyces pseudogriseolus,151
WP_442728278,gvpO,Unknown,Streptomyces pseudogriseolus,168
WP_442696638,gvpO,Unknown,Streptomyces pseudogriseolus,160
WP_442684924,gvpO,Unknown,Streptomyces pseudogriseolus,151
WP_442665685,gvpO,Unknown,Streptomyces,154
WP_442658691,gvpO,Unknown,Streptomyces pseudogriseolus,157
WP_442817858,gvpO,Unknown,Streptomyces sp. NBC_01591,86
WP_369159861,gvpO,Unknown,Streptomyces,154
WP_078886700,gvpO,Unknown,Streptomyces,151
WP_078882919,gvpO,Unknown,Streptomyces,149
WP_441419632,gvpO,Unknown,Anaerobacillus sp. MEB173,86
WP_441181148,gvpO,Unknown,Micromonospora sp. BQ11,118
WP_441123589,gvpO,Unknown,Nonomuraea sp. H19,109
WP_440955506,gvpO,Unknown,Methanosarcina sp. Mfa9,91
WP_440771577,gvpO,Unknown,Natronorubrum sp. DTA28,190
WP_440764504,gvpO,Unknown,Natronorubrum sp. DTA7,190
WP_440302307,gvpO,Unknown,Intrasporangium sp.,170
WP_124192757,gvpO,Unknown,Natrarchaeobius oligotrophus,180
WP_114603887,gvpO,Unknown,Staphylococcus,89
WP_440518416,gvpO,Unknown,Sinomonas sp.,159
WP_440342567,gvpO,Unknown,Mycobacterium sp.,107
WP_440341653,gvpO,Unknown,Mycobacterium sp.,117
WP_440305611,gvpO,Unknown,Jatrophihabitans sp.,96
WP_440126976,gvpO,Unknown,unclassified Rhodococcus (in: high G+C Gram-positive bacteria),98
WP_440100196,gvpO,Unknown,Streptosporangium sp. H16,147
WP_440082208,gvpO,Unknown,Streptosporangium sp. LJ11,145
WP_440064028,gvpO,Unknown,Streptosporangium sp. OZ121,148
WP_440009980,gvpO,Unknown,Halomicrococcus sp. SG-WS-1,166
WP_369729626,gvpO,Unknown,Natrarchaeobius versutus,181
WP_099015777,gvpO,Unknown,Streptomyces malaysiensis,129
WP_439384051,gvpO,Unknown,Amycolatopsis lexingtonensis,109
WP_439300216,gvpO,Unknown,Pseudalkalibacillus sp. Hm43,88
WP_438822649,gvpO,Unknown,Nocardia barduliensis,108
WP_438317882,gvpO,Unknown,unclassified Streptomyces,124
WP_195128521,gvpO,Unknown,Nocardia,109
WP_437163178,gvpO,Unknown,Falsiroseomonas sp. E2-1-a20,85
WP_137209208,gvpO,Unknown,Streptomyces sp. enrichment culture,144
WP_437025320,gvpO,Unknown,Streptomyces sp. enrichment culture,106
WP_437004229,gvpO,Unknown,Streptomyces sp. enrichment culture,148
WP_436964908,gvpO,Unknown,Staphylococcus xylosus,89
WP_436954186,gvpO,Unknown,Streptomyces sp. SudanB182_2057,119
WP_409293097,gvpO,Unknown,Paraperibacillus,88
WP_436791507,gvpO,Unknown,Yinghuangia sp. YIM S10712,115
WP_436778418,gvpO,Unknown,Streptomyces sp. URMC 126,127
WP_436768643,gvpO,Unknown,Streptomyces sp. URMC 123,99
WP_436754325,gvpO,Unknown,Streptomyces sp. URMC 124,106
WP_436736767,gvpO,Unknown,Streptomyces sp. BBFR102,111
WP_436720642,gvpO,Unknown,Streptomyces sp. URMC 127,128
WP_436636673,gvpO,Unknown,Actinomadura kijaniata,86
WP_436344292,gvpO,Unknown,Natronorubrum sp. FCH18a,191
WP_435859352,gvpO,Unknown,Streptomyces neyagawaensis,126
WP_435824170,gvpO,Unknown,Microbispora bryophytorum,145
WP_435763345,gvpO,Unknown,Oceanobacillus sp. CF4.6,88
WP_431965974,gvpO,Unknown,unclassified Nocardia,111
WP_435551395,gvpO,Unknown,Natrinema sp. CGMCC1.2065,177
WP_379572709,gvpO,Unknown,Nonomuraea,113
WP_435290199,gvpO,Unknown,Streptosporangium sp. G11,148
WP_435192698,gvpO,Unknown,Streptomyces sp. NRRL F-5630,81
WP_435154205,gvpO,Unknown,Haladaptatus sp. DFWS20,167
WP_435154199,gvpO,Unknown,Haladaptatus sp. DFWS20,143
WP_434096491,gvpO,Unknown,Streptomyces mobaraensis,81
WP_424798084,gvpO,Unknown,Micrococcales,308
WP_433742431,gvpO,Unknown,Falsibacillus pallidus,85
WP_433604534,gvpO,Unknown,Prescottella agglutinans,104
WP_433556150,gvpO,Unknown,Pseudonocardia xinjiangensis,165
WP_433503468,gvpO,Unknown,Pseudonocardia halophobica,145
WP_433313655,gvpO,Unknown,Actinomadura luteofluorescens,86
WP_432867526,gvpO,Unknown,Microbispora rosea,143
WP_434056794,gvpO,Unknown,Amycolatopsis ponsaeliensis,84
WP_285627301,gvpO,Unknown,Actinoallomurus,103
WP_433469865,gvpO,Unknown,unclassified Spirillospora,86
WP_366581337,gvpO,Unknown,unclassified Amycolatopsis,109
WP_433883187,gvpO,Unknown,Saccharopolyspora hattusasensis,149
WP_433854620,gvpO,Unknown,Streptomyces kronopolitis,107
WP_433819032,gvpO,Unknown,Actinomadura scrupuli,119
WP_433807117,gvpO,Unknown,Halobacillus mangrovi,85
WP_433781246,gvpO,Unknown,Actinomycetospora sp. CA-101289,88
WP_433762235,gvpO,Unknown,Nocardia sp. CA-135398,108
WP_433677889,gvpO,Unknown,Nocardia sp. CA-119907,111
WP_433635178,gvpO,Unknown,Nocardia sp. CA-120079,108
WP_433627160,gvpO,Unknown,Halomicrococcus sp. NG-SE-24,165
WP_433605747,gvpO,Unknown,Dactylosporangium sp. CA-139114,110
WP_433603487,gvpO,Unknown,Nocardia sp. CA-135953,108
WP_433567402,gvpO,Unknown,Nocardia sp. CA-151230,110
WP_433498419,gvpO,Unknown,Sphaerimonospora sp. CA-214678,129
WP_433437679,gvpO,Unknown,Nonomuraea sp. CA-141351,145
WP_433364513,gvpO,Unknown,Dactylosporangium sp. CA-152071,106
WP_433338645,gvpO,Unknown,Spirillospora sp. CA-294931,100
WP_433326473,gvpO,Unknown,Dactylosporangium sp. CA-139066,99
WP_433296113,gvpO,Unknown,Pseudonocardia sp. CA-142604,179
WP_433264779,gvpO,Unknown,Micromonospora vinacea,109
WP_433220812,gvpO,Unknown,Dactylosporangium sp. CS-047395,97
WP_433189529,gvpO,Unknown,Actinoallomurus sp. CA-150999,135
WP_433104765,gvpO,Unknown,Streptomyces sp. CA-250714,97
WP_433096469,gvpO,Unknown,Microbispora sp. CA-102843,138
WP_433088457,gvpO,Unknown,Dactylosporangium sp. CA-052675,111
WP_433062981,gvpO,Unknown,Nonomuraea sp. CA-218870,118
WP_433062752,gvpO,Unknown,Dactylosporangium sp. CS-033363,97
WP_433038301,gvpO,Unknown,Actinomycetospora sp. CA-053990,90
WP_433032258,gvpO,Unknown,Actinomycetospora sp. CA-053990,383
WP_433026635,gvpO,Unknown,Streptomyces sp. CA-181903,123
WP_432981981,gvpO,Unknown,Pseudonocardia sp. CA-107938,132
WP_432940868,gvpO,Unknown,Marinactinospora thermotolerans,101
WP_432927113,gvpO,Unknown,Microbispora sp. CA-135349,134
WP_432916545,gvpO,Unknown,Nocardia sp. CA-290969,99
WP_432880475,gvpO,Unknown,Plantactinospora sp. CA-294935,189
WP_432839649,gvpO,Unknown,Dactylosporangium sp. CA-092794,104
WP_432677345,gvpO,Unknown,Rhodococcus pyridinivorans,98
WP_254744180,gvpO,Unknown,Streptomyces,104
WP_046085866,gvpO,Unknown,Streptomyces,155
WP_046083886,gvpO,Unknown,Streptomyces,100
WP_431989096,gvpO,Unknown,Streptomyces albogriseolus,147
WP_432036256,gvpO,Unknown,Streptomyces cucumeris,104
WP_431955640,gvpO,Unknown,Nocardia lijiangensis,111
WP_431937953,gvpO,Unknown,Nocardia grenadensis,109
WP_431929205,gvpO,Unknown,Nonomuraea jabiensis,123
WP_431897264,gvpO,Unknown,Nonomuraea sp. bgisy101,113
WP_431773553,gvpO,Unknown,Streptomyces cucumeris,107
WP_431683169,gvpO,Unknown,Kitasatospora sp. KL5,85
WP_083502451,gvpO,Unknown,Sphaerimonospora mesophila,129
WP_431311641,gvpO,Unknown,Pedobacter albus,28
WP_430572413,gvpO,Unknown,Isoptericola sp. NPDC057391,189
WP_430790274,gvpO,Unknown,Virgibacillus flavescens,86
WP_430356450,gvpO,Unknown,Terribacillus saccharophilus,90
WP_430339806,gvpO,Unknown,Rossellomorea vietnamensis,88
WP_430337567,gvpO,Unknown,Rossellomorea vietnamensis,88
WP_429889446,gvpO,Unknown,Gottfriedia acidiceleris,86
WP_429732564,gvpO,Unknown,Isoptericola variabilis,201
WP_355079754,gvpO,Unknown,Nocardia,106
WP_038564376,gvpO,Unknown,Terribacillus saccharophilus,90
WP_429666694,gvpO,Unknown,Bacillus gobiensis,88
WP_429663441,gvpO,Unknown,Bacillus gobiensis,88
WP_428511740,gvpO,Unknown,Pseudonocardia sp.,115
WP_428502386,gvpO,Unknown,Pseudonocardia sp.,288
WP_428396616,gvpO,Unknown,Nocardia fluminea,99
WP_427670237,gvpO,Unknown,Priestia megaterium,88
WP_426894204,gvpO,Unknown,Sutcliffiella horikoshii,88
WP_425947095,gvpO,Unknown,Streptomyces albogriseolus,147
WP_113969335,gvpO,Unknown,Rossellomorea,88
WP_426842537,gvpO,Unknown,unclassified Metabacillus,88
WP_355816179,gvpO,Unknown,Streptomyces,107
WP_149154892,gvpO,Unknown,Bacillaceae,88
WP_427599933,gvpO,Unknown,Rossellomorea sp. NPDC071047,88
WP_426632762,gvpO,Unknown,Planosporangium spinosum,103
WP_426518525,gvpO,Unknown,Leifsonia sp. McL0618,106
WP_426512805,gvpO,Unknown,Dactylosporangium sp. McL0621,100
WP_426380805,gvpO,Unknown,Desulfosporosinus sp. SYSU MS00001,92
WP_425953453,gvpO,Unknown,Xylanimonas sp. McL0601,141
WP_425707714,gvpO,Unknown,Georgenia sp. Z1491,188
WP_301550211,gvpO,Unknown,Guptibacillus hwajinpoensis,88
WP_224590721,gvpO,Unknown,Bacillales,88
WP_048311413,gvpO,Unknown,Guptibacillus hwajinpoensis,88
WP_424531820,gvpO,Unknown,Sphaerisporangium viridialbum,143
WP_195096497,gvpO,Unknown,Nocardia,109
WP_425297368,gvpO,Unknown,Nocardia abscessus,109
WP_424893200,gvpO,Unknown,Streptomyces sp. XH2,140
WP_424791691,gvpO,Unknown,Pseudactinotalea sp. Z1748,287
WP_424789202,gvpO,Unknown,Pseudactinotalea sp. Z1739,292
WP_423999107,gvpO,Unknown,Haloarcula salina,170
WP_423987448,gvpO,Unknown,Haladaptatus sp.,166
WP_423987447,gvpO,Unknown,Haladaptatus sp.,157
WP_021599779,gvpO,Unknown,Actinomadura,86
WP_423744842,gvpO,Unknown,Haladaptatus sp. SPP-AMP-3,147
WP_423744841,gvpO,Unknown,Haladaptatus sp. SPP-AMP-3,159
WP_422786257,gvpO,Unknown,Salibacterium aidingense,141
WP_274373492,gvpO,Unknown,Synergistales,84
WP_161219196,gvpO,Unknown,Streptomyces sp. SID6139,160
WP_422935504,gvpO,Unknown,Sinomonas sp. P47F7,128
WP_296549562,gvpO,Unknown,unclassified Rhodococcus (in: high G+C Gram-positive bacteria),98
WP_422333264,gvpO,Unknown,Rhodococcus sp. (in: high G+C Gram-positive bacteria),71
WP_422165803,gvpO,Unknown,Halobacillus sp.,88
WP_009950236,gvpO,Unknown,Saccharopolyspora erythraea,307
WP_421653263,gvpO,Unknown,Metabacillus sp. RGM 3146,88
WP_179936451,gvpO,Unknown,unclassified Streptomyces,108
WP_179933468,gvpO,Unknown,unclassified Streptomyces,100
WP_179932544,gvpO,Unknown,unclassified Streptomyces,134
WP_070879560,gvpO,Unknown,Metabacillus,87
WP_420774106,gvpO,Unknown,Nocardia nepalensis,111
WP_420163015,gvpO,Unknown,Rhodococcus parequi,99
WP_417923860,gvpO,Unknown,Streptomyces ehimensis,150
WP_417899119,gvpO,Unknown,Bacillus haimaensis,88
WP_067914488,gvpO,Unknown,Actinomadura rubrobrunea,94
WP_064872156,gvpO,Unknown,Mycolicibacterium monacense,110
WP_420879871,gvpO,Unknown,Rhodococcus sp. (in: high G+C Gram-positive bacteria),99
WP_368954968,gvpO,Unknown,Parafrankia soli,86
WP_010277048,gvpO,Unknown,Streptomyces sp. SID4926,182
WP_007828303,gvpO,Unknown,unclassified Streptomyces,180
WP_413908173,gvpO,Unknown,Desulfobacula sp.,87
WP_404215528,gvpO,Unknown,Streptomyces sp. NPDC102406,112
WP_396546421,gvpO,Unknown,Kitasatospora sp. NPDC085464,213
WP_391200392,gvpO,Unknown,unclassified Streptomyces,104
WP_389487449,gvpO,Unknown,Streptomyces sp. NPDC012825,106
WP_386947520,gvpO,Unknown,Streptomyces sp. NPDC127074,156
WP_380822509,gvpO,Unknown,Streptomyces albireticuli,103
WP_360382926,gvpO,Unknown,Dactylosporangium sp. NPDC049140,101
WP_358218393,gvpO,Unknown,Streptomyces abikoensis,147
WP_357426879,gvpO,Unknown,Micromonospora sp. NPDC049679,134
WP_354773555,gvpO,Unknown,Dactylosporangium sp. NPDC005572,97
WP_346225317,gvpO,Unknown,Microbispora maris,144
WP_343072666,gvpO,Unknown,Sphaerisporangium rubeum,154
WP_328557725,gvpO,Unknown,Streptomyces sp. NBC_00358,106
WP_322420076,gvpO,Unknown,Jeotgalibacillus haloalkalitolerans,88
WP_307799102,gvpO,Unknown,Pseudonocardia alni,360
WP_272904357,gvpO,Unknown,Xanthobacter agilis,107
WP_252840116,gvpO,Unknown,Actinoallomurus purpureus,134
WP_227937102,gvpO,Unknown,Alkalihalobacillus deserti,88
WP_224875783,gvpO,Unknown,Rossellomorea aquimaris,87
WP_222959397,gvpO,Unknown,Actinacidiphila acidipaludis,105
WP_176226474,gvpO,Unknown,Candidatus Hakubella thermalkaliphila,89
WP_161995100,gvpO,Unknown,Rhodococcus sp. YH1,119
WP_159868999,gvpO,Unknown,unclassified Cytobacillus,88
WP_149826001,gvpO,Unknown,Streptomyces tailanensis,113
WP_149258418,gvpO,Unknown,unclassified Actinomadura,85
WP_148801594,gvpO,Unknown,Micromonospora sp. MP36,147
WP_138780694,gvpO,Unknown,Bacillus sp. BHET2,88
WP_133739913,gvpO,Unknown,Actinorugispora endophytica,94
WP_132182193,gvpO,Unknown,Actinomadura sp. KC216,86
WP_132017251,gvpO,Unknown,Hydrogenispora ethanolica,95
WP_131736821,gvpO,Unknown,Actinomadura roseirufa,85
WP_123457164,gvpO,Unknown,Streptomyces sp. PanSC19,120
WP_119550782,gvpO,Unknown,Staphylococcus simulans,89
WP_109983194,gvpO,Unknown,Gracilibacillus dipsosauri,88
WP_097222268,gvpO,Unknown,unclassified Streptomyces,107
WP_086851933,gvpO,Unknown,Streptomyces coeruleofuscus,121
WP_081952163,gvpO,Unknown,Kitasatospora phosalacinea,220
WP_078843067,gvpO,Unknown,Streptomyces albus,103
WP_075035375,gvpO,Unknown,Halobacillus dabanensis,86
WP_073459029,gvpO,Unknown,Pseudonocardia thermophila,95
WP_069856427,gvpO,Unknown,Prescottella equi,99
WP_063024316,gvpO,Unknown,Nocardia niwae,110
WP_062976212,gvpO,Unknown,Nocardia gamkensis,110
WP_062237593,gvpO,Unknown,unclassified Fictibacillus,85
WP_049793636,gvpO,Unknown,Hoyosella subflava,98
WP_048157623,gvpO,Unknown,Methanosarcina sp. Kolksee,112
WP_043696605,gvpO,Unknown,Nocardia,110
WP_037936224,gvpO,Unknown,Streptosporangium roseum,145
WP_037259417,gvpO,Unknown,Roseivivax halodurans,102
WP_410944424,gvpO,Unknown,Pseudonocardia phyllosphaerae,121
WP_407308955,gvpO,Unknown,Desulfosporosinus paludis,92
WP_406385009,gvpO,Unknown,Streptomyces sp. NBC_01618,45
WP_401209018,gvpO,Unknown,Streptomyces sp. NPDC088768,180
WP_400128101,gvpO,Unknown,Streptomyces sp. NPDC051963,111
WP_394218395,gvpO,Unknown,Halobacillus trueperi,86
WP_390306327,gvpO,Unknown,Virgibacillus sediminis,88
WP_386641213,gvpO,Unknown,Sutcliffiella sp. NPDC057660,88
WP_386145529,gvpO,Unknown,Streptomyces yanii,50
WP_386063995,gvpO,Unknown,Thalassobacillus hwangdonensis,85
WP_380374075,gvpO,Unknown,Kitasatospora cineracea,180
WP_379205022,gvpO,Unknown,Nocardia sp. NPDC127526,93
WP_379049105,gvpO,Unknown,Nocardia sp. NPDC057455,98
WP_378939336,gvpO,Unknown,Metabacillus herbersteinensis,88
WP_371954095,gvpO,Unknown,Actinomadura monticuli,86
WP_364098651,gvpO,Unknown,Streptosporangium canum,143
WP_364030186,gvpO,Unknown,Streptomyces werraensis,148
WP_362921836,gvpO,Unknown,unclassified Streptosporangium,154
WP_362780974,gvpO,Unknown,unclassified Streptosporangium,125
WP_362585951,gvpO,Unknown,Streptosporangium canum,139
WP_361497053,gvpO,Unknown,unclassified Streptomyces,148
WP_358994714,gvpO,Unknown,Streptomyces avermitilis,106
WP_358843713,gvpO,Unknown,Streptomyces sp. NPDC005970,135
WP_358201075,gvpO,Unknown,Pseudonocardia sp. NPDC049154,166
WP_357821909,gvpO,Unknown,Nonomuraea sp. NPDC046802,132
WP_356736867,gvpO,Unknown,Streptomyces sp. NPDC006368,87
WP_352014140,gvpO,Unknown,Streptosporangium sp. NPDC000239,124
WP_350811616,gvpO,Unknown,Nonomuraea sp. NPDC000554,138
WP_347639047,gvpO,Unknown,Sphaerisporangium sp. B11E5,124
WP_340461163,gvpO,Unknown,unclassified Streptomyces,102
WP_339147362,gvpO,Unknown,unclassified Sutcliffiella,88
WP_308190787,gvpO,Unknown,Arthrobacter hankyongi,166
WP_289235466,gvpO,Unknown,Alkalihalophilus pseudofirmus,86
WP_274187270,gvpO,Unknown,Actinomycetospora chibensis,371
WP_268971174,gvpO,Unknown,Streptomyces,100
WP_268658067,gvpO,Unknown,Kitasatospora sp. YST-16,182
WP_266470350,gvpO,Unknown,unclassified Streptomyces,107
WP_245773283,gvpO,Unknown,Pseudonocardia ammonioxydans,316
WP_240508064,gvpO,Unknown,Virgibacillus indicus,88
WP_240436985,gvpO,Unknown,Streptomyces sporangiiformans,161
WP_236314119,gvpO,Unknown,Pseudalkalibacillus salsuginis,91
WP_227775560,gvpO,Unknown,Haladaptatus pallidirubidus,149
WP_227013354,gvpO,Unknown,Pseudonocardia sp. EC080619-01,315
WP_225271554,gvpO,Unknown,Nonomuraea gerenzanensis,98
WP_224944260,gvpO,Unknown,Rossellomorea aquimaris,88
WP_224893501,gvpO,Unknown,Halobacillus halophilus,88
WP_218613944,gvpO,Unknown,Pseudonocardia sp. KRD291,28
WP_197317441,gvpO,Unknown,Halobacillus yeomjeoni,86
WP_190239146,gvpO,Unknown,Pelotomaculum schinkii,97
WP_190001542,gvpO,Unknown,Streptomyces,148
WP_184824545,gvpO,Unknown,Jiangella mangrovi,85
WP_168035251,gvpO,Unknown,Falsiroseomonas selenitidurans,85
WP_167984609,gvpO,Unknown,Actinacidiphila epipremni,105
WP_165040154,gvpO,Unknown,Rhodococcus sp. 14C212,120
WP_160918157,gvpO,Unknown,Guptibacillus hwajinpoensis,91
WP_153037325,gvpO,Unknown,Amycolatopsis sp. YIM 10,84
WP_137967148,gvpO,Unknown,Streptomyces antimycoticus,103
WP_136946766,gvpO,Unknown,Guptibacillus hwajinpoensis,88
WP_132929639,gvpO,Unknown,Streptomyces sp. 8K308,97
WP_130291101,gvpO,Unknown,Pseudonocardia sediminis,241
WP_129842578,gvpO,Unknown,Streptomyces sp. RFCAC02,106
WP_129288460,gvpO,Unknown,unclassified Streptomyces,184
WP_125313911,gvpO,Unknown,Amycolatopsis eburnea,98
WP_124954519,gvpO,Unknown,Halocatena pleomorpha,181
WP_122215446,gvpO,Unknown,unclassified Streptomyces,148
WP_121713304,gvpO,Unknown,Streptomyces sp. E5N91,130
WP_099879148,gvpO,Unknown,Streptomyces,97
WP_085468635,gvpO,Unknown,Rhodococcus rhodochrous,98
WP_084987189,gvpO,Unknown,Prescottella equi,99
WP_084845017,gvpO,Unknown,Prescottella equi,99
WP_079105438,gvpO,Unknown,Streptomyces hygroscopicus,160
WP_077963835,gvpO,Unknown,Streptomyces tsukubensis,107
WP_068053137,gvpO,Unknown,Nocardia xishanensis,110
WP_067960213,gvpO,Unknown,Mycobacterium sp. NAZ190054,107
WP_064950692,gvpO,Unknown,Mycobacterium colombiense,108
WP_063770899,gvpO,Unknown,Streptacidiphilus neutrinimicus,143
WP_063058310,gvpO,Unknown,Nocardia sienata,109
WP_055553194,gvpO,Unknown,unclassified Streptomyces,101
WP_054860103,gvpO,Unknown,Gracilibacillus,88
WP_045294307,gvpO,Unknown,Priestia,88
WP_036961675,gvpO,Unknown,Promicromonospora kroppenstedtii,100
WP_020872397,gvpO,Unknown,Streptomyces rapamycinicus,100
WP_006550842,gvpO,Unknown,Rhodococcus pyridinivorans,98
WP_411070326,gvpO,Unknown,unclassified Streptomyces,106
WP_397112920,gvpO,Unknown,Nonomuraea sp. NPDC049480,99
WP_397020239,gvpO,Unknown,Nonomuraea indica,134
WP_396940195,gvpO,Unknown,Nocardia fusca,109
WP_396105519,gvpO,Unknown,Actinophytocola sp. NPDC049390,115
WP_395510215,gvpO,Unknown,Streptomyces racemochromogenes,92
WP_392238676,gvpO,Unknown,Streptomyces sp. NPDC015408,105
WP_389324140,gvpO,Unknown,Dactylosporangium sp. NPDC000521,106
WP_389128995,gvpO,Unknown,Streptomyces sp. NPDC001820,175
WP_387568772,gvpO,Unknown,Nonomuraea jabiensis,123
WP_386729931,gvpO,Unknown,Streptomyces abikoensis,171
WP_385804542,gvpO,Unknown,Streptomyces sp. NPDC059943,106
WP_383724669,gvpO,Unknown,Streptomyces sp. NPDC058451,57
WP_379516174,gvpO,Unknown,Nonomuraea insulae,94
WP_378035546,gvpO,Unknown,Actinomycetospora atypica,350
WP_377429619,gvpO,Unknown,Plantactinospora solaniradicis,174
WP_375535663,gvpO,Unknown,Alteribacillus sp. HJP-4,404
WP_367533985,gvpO,Unknown,Streptomyces albogriseolus,147
WP_365967710,gvpO,Unknown,unclassified Streptomyces,105
WP_365776962,gvpO,Unknown,unclassified Streptomyces,57
WP_364915250,gvpO,Unknown,Nonomuraea sp. NPDC049421,105
WP_364067160,gvpO,Unknown,Amycolatopsis sp. NPDC049253,109
WP_364030119,gvpO,Unknown,Nonomuraea sp. NPDC049695,111
WP_363749264,gvpO,Unknown,Kribbella sp. NPDC051137,157
WP_363642263,gvpO,Unknown,Microbispora sp. NPDC088329,136
WP_362216271,gvpO,Unknown,Streptomyces sp. NPDC048266,106
WP_361305944,gvpO,Unknown,unclassified Streptomyces,107
WP_361092283,gvpO,Unknown,Amycolatopsis sp. NPDC021455,109
WP_360893711,gvpO,Unknown,Actinoallomurus sp. NPDC050550,135
WP_360791260,gvpO,Unknown,unclassified Streptomyces,106
WP_360609027,gvpO,Unknown,Amycolatopsis sp. NPDC023774,108
WP_360351653,gvpO,Unknown,Actinomadura sp. NPDC048032,85
WP_359526306,gvpO,Unknown,Streptomyces antimycoticus,103
WP_358645143,gvpO,Unknown,Streptomyces milbemycinicus,103
WP_358626620,gvpO,Unknown,Streptomyces abikoensis,177
WP_358538868,gvpO,Unknown,Saccharomonospora sp. NPDC046836,108
WP_358463200,gvpO,Unknown,Spirillospora sp. NPDC048819,86
WP_358444521,gvpO,Unknown,Nonomuraea sp. NPDC049158,129
WP_357423790,gvpO,Unknown,Nocardia sp. NPDC024068,99
WP_357313751,gvpO,Unknown,Microbispora rosea,143
WP_355088469,gvpO,Unknown,Nocardia aurea,109
WP_351887869,gvpO,Unknown,unclassified Streptomyces,103
WP_351212125,gvpO,Unknown,Streptomyces sp. NPDC002773,106
WP_350735720,gvpO,Unknown,Nonomuraea angiospora,123
WP_350551985,gvpO,Unknown,Kitasatospora sp. NPDC097605,154
WP_349800146,gvpO,Unknown,unclassified Streptomyces,148
WP_347579413,gvpO,Unknown,Streptomyces sp. B8F3,112
WP_345396203,gvpO,Unknown,Nonomuraea,106
WP_344324492,gvpO,Unknown,Streptomyces macrosporus,101
WP_344272126,gvpO,Unknown,Actinomadura napierensis,86
WP_343985339,gvpO,Unknown,Pseudonocardia aurantiaca,172
WP_334619267,gvpO,Unknown,Micromonospora sp. CPCC 206061,95
WP_331627435,gvpO,Unknown,Actinomycetospora sp.,37
WP_330839476,gvpO,Unknown,Actinophytocola sp.,108
WP_330837474,gvpO,Unknown,Actinophytocola sp.,107
WP_328855141,gvpO,Unknown,Microbispora hainanensis,146
WP_328396094,gvpO,Unknown,Nocardia sp. NBC_00416,99
WP_320269156,gvpO,Unknown,Cognatiyoonia sp. IB215446,102
WP_307169310,gvpO,Unknown,Streptomyces sp. B3I7,148
WP_307111984,gvpO,Unknown,Streptomyces,150
WP_307070463,gvpO,Unknown,Streptomyces sp. B3I8,145
WP_306867334,gvpO,Unknown,Streptosporangium,146
WP_302859016,gvpO,Unknown,Streptomyces sp. VNUA116,121
WP_285223595,gvpO,Unknown,Frankia sp. AiPa1,106
WP_281621855,gvpO,Unknown,Streptomyces sp. WMMC500,104
WP_274196933,gvpO,Unknown,Actinomycetospora callitridis,390
WP_267886893,gvpO,Unknown,Oceanobacillus damuensis,94
WP_253068672,gvpO,Unknown,Pseudonocardia sp. McavD-2-B,210
WP_252827480,gvpO,Unknown,Actinoallomurus soli,146
WP_251494688,gvpO,Unknown,Actinacidiphila cocklensis,107
WP_246312704,gvpO,Unknown,Leifsonia shinshuensis,75
WP_246059966,gvpO,Unknown,Herbidospora galbida,79
WP_242418699,gvpO,Unknown,Frankia sp. CpI1-P,75
WP_242175251,gvpO,Unknown,Priestia koreensis,86
WP_241055929,gvpO,Unknown,Sinomonas terrae,230
WP_239137608,gvpO,Unknown,Sphaerisporangium rufum,153
WP_239117299,gvpO,Unknown,Planotetraspora phitsanulokensis,134
WP_238016902,gvpO,Unknown,Dactylosporangium sp. AC04546,97
WP_237670395,gvpO,Unknown,Virgibacillus halodenitrificans,86
WP_236244418,gvpO,Unknown,Streptomyces sp. CC210A,87
WP_232870407,gvpO,Unknown,Pseudonocardia kujensis,118
WP_229394438,gvpO,Unknown,Methanosarcina sp. DH1,112
WP_225793689,gvpO,Unknown,Streptomyces aculeolatus,112
WP_224403156,gvpO,Unknown,Pseudonocardia sp. ICBG1034,283
WP_223490834,gvpO,Unknown,Sutcliffiella horikoshii,88
WP_221758440,gvpO,Unknown,Streptomyces,107
WP_221242961,gvpO,Unknown,Conexibacter arvalis,92
WP_208518723,gvpO,Unknown,Streptomyces sp. NEAU-YJ-81,146
WP_205359727,gvpO,Unknown,Actinacidiphila acididurans,104
WP_189363587,gvpO,Unknown,Streptomyces variabilis,148
WP_185024559,gvpO,Unknown,Actinomadura coerulea,85
WP_182908927,gvpO,Unknown,Microbispora sp. H13382,144
WP_171171970,gvpO,Unknown,Streptomyces sp. I05A-00742,99
WP_162300541,gvpO,Unknown,Anaerosacchariphilus polymeriproducens,87
WP_162265531,gvpO,Unknown,Haloprofundus marisrubri,105
WP_151543836,gvpO,Unknown,Actinomadura,86
WP_138201215,gvpO,Unknown,unclassified Nonomuraea,127
WP_133899273,gvpO,Unknown,unclassified Streptomyces,103
WP_131755380,gvpO,Unknown,Actinomadura fibrosa,85
WP_120659077,gvpO,Unknown,Rhodococcus,96
WP_118877383,gvpO,Unknown,Ureibacillus yapensis,87
WP_112264213,gvpO,Unknown,Lentzea terrae,110
WP_097940309,gvpO,Unknown,Mycolicibacterium agri,106
WP_093047005,gvpO,Unknown,Salipaludibacillus aurantiacus,91
WP_078650006,gvpO,Unknown,Streptomyces,103
WP_076051407,gvpO,Unknown,Mycobacterium colombiense,108
WP_075022399,gvpO,Unknown,Actinomadura,86
WP_065055786,gvpO,Unknown,Mycobacterium colombiense,107
WP_053788983,gvpO,Unknown,Streptomyces sp. XY332,124
WP_049970406,gvpO,Unknown,Haladaptatus cibarius,143
WP_047019430,gvpO,Unknown,unclassified Streptomyces,112
WP_038044786,gvpO,Unknown,Thermocrispum agreste,58
WP_037878503,gvpO,Unknown,Streptomyces,110
WP_037240169,gvpO,Unknown,Rhodococcus,91
WP_405998905,gvpO,Unknown,Streptomyces sp. NBC_00829,134
WP_405641019,gvpO,Unknown,Streptomyces uncialis,102
WP_403114669,gvpO,Unknown,Streptomyces collinus,107
WP_402211915,gvpO,Unknown,Kitasatospora sp. NPDC093550,182
WP_400892685,gvpO,Unknown,Amycolatopsis sp. NPDC101161,99
WP_398872386,gvpO,Unknown,Streptomyces sp. NPDC020379,106
WP_397629931,gvpO,Unknown,Streptomyces albogriseolus,147
WP_397208000,gvpO,Unknown,Nonomuraea sp. NPDC050383,172
WP_391911741,gvpO,Unknown,Streptomyces litmocidini,120
WP_391173071,gvpO,Unknown,Streptomyces sp. NPDC007983,155
WP_391171113,gvpO,Unknown,Streptomyces sp. NPDC007983,109
WP_390354421,gvpO,Unknown,Tigheibacillus halophilus,86
WP_389681575,gvpO,Unknown,Streptomyces sp. NPDC058326,104
WP_388887074,gvpO,Unknown,Streptomyces sp. NPDC004134,112
WP_387660345,gvpO,Unknown,Kribbella sp. NPDC004536,122
WP_387250488,gvpO,Unknown,Microbispora bryophytorum,148
WP_384398639,gvpO,Unknown,Streptomyces sp. NPDC057654,100
WP_382960247,gvpO,Unknown,Streptomyces sp. NPDC056669,138
WP_382014961,gvpO,Unknown,Streptomyces anthocyanicus,130
WP_380124821,gvpO,Unknown,Dactylosporangium cerinum,102
WP_379610961,gvpO,Unknown,Pseudonocardia nematodicida,297
WP_379104628,gvpO,Unknown,Nocardia sp. NPDC056611,111
WP_378268638,gvpO,Unknown,Actinomadura keratinilytica,69
WP_378210863,gvpO,Unknown,Actinoallomurus acaciae,103
WP_377180083,gvpO,Unknown,Promicromonospora vindobonensis,117
WP_376644070,gvpO,Unknown,Streptomyces sp. NPDC056373,107
WP_369785435,gvpO,Unknown,Saccharomonospora xinjiangensis,89
WP_368502966,gvpO,Unknown,Alkalihalophilus sp. As8PL,88
WP_367502628,gvpO,Unknown,Streptomyces halstedii,110
WP_367038596,gvpO,Unknown,Streptomyces sp. Je 1-332,109
WP_365428991,gvpO,Unknown,Streptomyces sp. NPDC056159,39
WP_364772038,gvpO,Unknown,Actinocrispum sp. NPDC049592,104
WP_364619112,gvpO,Unknown,Nocardia sp. NPDC051981,111
WP_364555019,gvpO,Unknown,Nonomuraea sp. NPDC049419,106
WP_364208734,gvpO,Unknown,Streptosporangium sp. NPDC049644,151
WP_364176289,gvpO,Unknown,unclassified Amycolatopsis,109
WP_364002441,gvpO,Unknown,Streptomyces violaceusniger,146
WP_363970025,gvpO,Unknown,Streptosporangium canum,143
WP_363952132,gvpO,Unknown,Streptosporangium sp. NPDC051022,142
WP_363864207,gvpO,Unknown,Saccharopolyspora sp. NPDC049357,144
WP_362900499,gvpO,Unknown,Streptosporangium sp. NPDC049046,153
WP_362404738,gvpO,Unknown,Streptomyces sp. NPDC048269,103
WP_358960231,gvpO,Unknown,Streptomyces,107
WP_355114873,gvpO,Unknown,Streptomyces sp. NPDC002992,105
WP_354836726,gvpO,Unknown,Nocardia sp. NPDC004860,111
WP_352320941,gvpO,Unknown,unclassified Nonomuraea,88
WP_351638561,gvpO,Unknown,Streptomyces sp. NPDC002130,107
WP_351504071,gvpO,Unknown,Streptomyces sp. NPDC002055,103
WP_350709328,gvpO,Unknown,Streptomyces massasporeus,107
WP_349410787,gvpO,Unknown,Pseudalkalibacillus nanhaiensis,86
WP_347616822,gvpO,Unknown,unclassified Nonomuraea,137
WP_346112518,gvpO,Unknown,Nonomuraea maheshkhaliensis,155
WP_345430064,gvpO,Unknown,Actinoallomurus vinaceus,134
WP_345381452,gvpO,Unknown,Pseudonocardia yuanmonensis,151
WP_345380259,gvpO,Unknown,Actinomycetospora straminea,481
WP_344872841,gvpO,Unknown,Nonomuraea antimicrobica,104
WP_344437524,gvpO,Unknown,Streptomyces,105
WP_337713116,gvpO,Unknown,Actinomycetospora aeridis,384
WP_336857534,gvpO,Unknown,Sinomonas albida,156
WP_331223214,gvpO,Unknown,Gottfriedia acidiceleris,86
WP_328303446,gvpO,Unknown,Actinomycetospora sp. NBC_00405,389
WP_312888427,gvpO,Unknown,Pseudonocardia alni,341
WP_283541420,gvpO,Unknown,Rhodococcus opacus,111
WP_281877971,gvpO,Unknown,Nocardia,110
WP_281374442,gvpO,Unknown,Desulfoluna butyratoxydans,96
WP_277442834,gvpO,Unknown,Pelotomaculum isophthalicicum,87
WP_273851745,gvpO,Unknown,Guptibacillus spartinae,88
WP_256023536,gvpO,Unknown,Roseomonas sp. GC11,86
WP_244178773,gvpO,Unknown,Streptomyces,145
WP_241037930,gvpO,Unknown,Pseudonocardia alaniniphila,179
WP_236332927,gvpO,Unknown,Pseudalkalibacillus berkeleyi,88
WP_233040738,gvpO,Unknown,Nocardia yamanashiensis,96
WP_225627291,gvpO,Unknown,Streptomyces werraensis,148
WP_223770589,gvpO,Unknown,Streptomyces huiliensis,125
WP_216830686,gvpO,Unknown,Alkalihalobacterium elongatum,87
WP_180987707,gvpO,Unknown,Brevibacterium sediminis,162
WP_179794976,gvpO,Unknown,Actinomycetospora corticicola,118
WP_164693482,gvpO,Unknown,Falsiroseomonas algicola,85
WP_164339374,gvpO,Unknown,unclassified Streptomyces,106
WP_164196887,gvpO,Unknown,unclassified Salipiger,111
WP_160098651,gvpO,Unknown,Pontibacillus sp. HMF3514,89
WP_152149485,gvpO,Unknown,Bacillus aerolatus,88
WP_142231291,gvpO,Unknown,Streptomyces calvus,123
WP_138461554,gvpO,Unknown,Microbispora,110
WP_136610447,gvpO,Unknown,Sinomonas albida,164
WP_132637943,gvpO,Unknown,Nonomuraea mesophila,133
WP_129700102,gvpO,Unknown,Kocuria,161
WP_125938504,gvpO,Unknown,Streptomyces sp. WAC 06738,112
WP_107451234,gvpO,Unknown,Streptomyces sp. RTd22,109
WP_101420114,gvpO,Unknown,Streptomyces sp. CMB-StM0423,112
WP_099897536,gvpO,Unknown,Streptomyces sp. TLI_171,160
WP_094908268,gvpO,Unknown,Marinococcus halophilus,203
WP_091614014,gvpO,Unknown,Marinococcus luteus,206
WP_081924187,gvpO,Unknown,Pseudonocardia halophobica,155
WP_077356279,gvpO,Unknown,Virgibacillus halodenitrificans,86
WP_065056636,gvpO,Unknown,Mycobacterium colombiense,107
WP_063737268,gvpO,Unknown,Streptomyces sp. RTd22,140
WP_063034720,gvpO,Unknown,Nocardia grenadensis,109
WP_062976672,gvpO,Unknown,Nocardia flavorosea,97
WP_037949882,gvpO,Unknown,Streptomyces,100
WP_019891324,gvpO,Unknown,Streptomyces purpureus,112
WP_019814833,gvpO,Unknown,Saccharomonospora saliphila,112
WP_013066792,gvpO,Unknown,Rhodobacter capsulatus,130
WP_403872796,gvpO,Unknown,Streptomyces sp. NPDC102490,105
WP_400550367,gvpO,Unknown,Amycolatopsis sp. NPDC088138,109
WP_398312446,gvpO,Unknown,unclassified Streptomyces,107
WP_398184056,gvpO,Unknown,unclassified Streptomyces,107
WP_397070395,gvpO,Unknown,Nonomuraea sp. NPDC050536,114
WP_396964489,gvpO,Unknown,Nocardia fusca,109
WP_396007835,gvpO,Unknown,Embleya sp. NPDC050493,212
WP_395282666,gvpO,Unknown,unclassified Haladaptatus,147
WP_392809178,gvpO,Unknown,Dactylosporangium sp. NPDC048998,135
WP_390294348,gvpO,Unknown,Virgibacillus kekensis,90
WP_390207942,gvpO,Unknown,Halocatena marina,171
WP_386313147,gvpO,Unknown,unclassified Streptomyces,105
WP_386143998,gvpO,Unknown,Streptomyces yanii,78
WP_386143733,gvpO,Unknown,Streptomyces yanii,78
WP_382035789,gvpO,Unknown,Streptomyces aureoversilis,106
WP_381321016,gvpO,Unknown,Streptomyces hygroscopicus,171
WP_379640484,gvpO,Unknown,Teichococcus aestuarii,85
WP_379276013,gvpO,Unknown,Nocardia sp. NPDC059764,111
WP_378470901,gvpO,Unknown,Rhodococcus jostii,91
WP_369809791,gvpO,Unknown,Parafrankia sp. EUN1f,153
WP_368960839,gvpO,Unknown,Parafrankia sp. FMc2,101
WP_366803334,gvpO,Unknown,Streptomyces sp. NPDC005435,102
WP_366328762,gvpO,Unknown,Nonomuraea angiospora,123
WP_364441865,gvpO,Unknown,Actinoallomurus sp. NPDC052308,134
WP_364261026,gvpO,Unknown,Amycolatopsis sp. NPDC049688,109
WP_364207199,gvpO,Unknown,Polymorphospora,154
WP_364115671,gvpO,Unknown,Streptomyces werraensis,147
WP_363990797,gvpO,Unknown,Actinomadura sp. NPDC049753,85
WP_362953685,gvpO,Unknown,Streptomyces werraensis,148
WP_362872306,gvpO,Unknown,Streptosporangium sp. NPDC048865,149
WP_362763528,gvpO,Unknown,unclassified Streptosporangium,156
WP_358066879,gvpO,Unknown,Nonomuraea sp. NPDC046570,123
WP_357245371,gvpO,Unknown,Microbispora bryophytorum,153
WP_357128653,gvpO,Unknown,Microbispora hainanensis,146
WP_357032834,gvpO,Unknown,Nocardia sp. NPDC047648,110
WP_355378240,gvpO,Unknown,Nonomuraea sp. NPDC005650,106
WP_355346060,gvpO,Unknown,Nonomuraea sp. NPDC005983,128
WP_351181677,gvpO,Unknown,Saccharopolyspora sp. NPDC000359,131
WP_346023082,gvpO,Unknown,Streptosporangium,148
WP_345701350,gvpO,Unknown,Kitasatospora terrestris,134
WP_345605626,gvpO,Unknown,Pseudonocardia adelaidensis,123
WP_345384697,gvpO,Unknown,Pseudonocardia yuanmonensis,168
WP_344528071,gvpO,Unknown,Streptomyces rectiviolaceus,107
WP_342768742,gvpO,Unknown,Sinobaca qinghaiensis,88
WP_338779423,gvpO,Unknown,Metabacillus sediminis,85
WP_335560864,gvpO,Unknown,Neobacillus vireti,85
WP_335513857,gvpO,Unknown,Neobacillus vireti,85
WP_325148831,gvpO,Unknown,Amycolatopsis sp.,114
WP_324716687,gvpO,Unknown,Carboxydichorda subterranea,90
WP_324168802,gvpO,Unknown,Amycolatopsis sp.,101
WP_317546189,gvpO,Unknown,Rhodococcus globerulus,92
WP_310619230,gvpO,Unknown,Flexibacterium corallicola,130
WP_308218319,gvpO,Unknown,Streptomyces hygroscopicus,181
WP_289973387,gvpO,Unknown,Streptomyces sp. SRF1,212
WP_283077693,gvpO,Unknown,Halobacillus naozhouensis,86
WP_270690465,gvpO,Unknown,Nocardiopsis endophytica,97
WP_270044941,gvpO,Unknown,Solirubrobacter ginsenosidimutans,86
WP_256649583,gvpO,Unknown,Streptomyces rugosispiralis,156
WP_252798785,gvpO,Unknown,Actinoallomurus spadix,145
WP_240948559,gvpO,Unknown,Bacillus sp. RO1,86
WP_237720321,gvpO,Unknown,Rhodococcus,116
WP_229388836,gvpO,Unknown,unclassified Methanosarcina,95
WP_226077018,gvpO,Unknown,Streptomyces marincola,93
WP_225296240,gvpO,Unknown,Nonomuraea aurantiaca,129
WP_221784077,gvpO,Unknown,Priestia aryabhattai,88
WP_220260452,gvpO,Unknown,Pseudonocardia sp. DSM 110487,115
WP_211555843,gvpO,Unknown,Metabacillus flavus,85
WP_206015670,gvpO,Unknown,Rhodococcus koreensis,107
WP_191242823,gvpO,Unknown,Amycolatopsis deserti,97
WP_190856689,gvpO,Unknown,Actinomadura,86
WP_185087182,gvpO,Unknown,Nonomuraea muscovyensis,153
WP_184554177,gvpO,Unknown,Streptomyces paradoxus,107
WP_179794309,gvpO,Unknown,Actinomycetospora corticicola,246
WP_167905456,gvpO,Unknown,Streptomyces sp. NEAU-H3,184
WP_164436091,gvpO,Unknown,Streptomyces rhizosphaericus,100
WP_163719851,gvpO,Unknown,Mycolicibacterium psychrotolerans,105
WP_158237358,gvpO,Unknown,Halegenticoccus soli,125
WP_157610235,gvpO,Unknown,Spirillospora albida,85
WP_152263882,gvpO,Unknown,Streptomyces mobaraensis,117
WP_150939942,gvpO,Unknown,Microbispora,110
WP_148966903,gvpO,Unknown,Sutcliffiella horikoshii,88
WP_144286884,gvpO,Unknown,Rhodococcus sp. WB9,114
WP_138444985,gvpO,Unknown,Sinomonas susongensis,234
WP_134214555,gvpO,Unknown,Pelotomaculum propionicicum,97
WP_133222674,gvpO,Unknown,Paracraurococcus ruber,87
WP_131956525,gvpO,Unknown,Actinomadura sp. GC306,86
WP_131884400,gvpO,Unknown,Actinomadura sp. KC345,86
WP_122189411,gvpO,Unknown,Nocardia stercoris,152
WP_116710384,gvpO,Unknown,Actinomycetospora cinnamomea,122
WP_116021524,gvpO,Unknown,Thermomonospora umbrina,86
WP_112331097,gvpO,Unknown,Cereibacter johrii,102
WP_098438638,gvpO,Unknown,Bacillaceae,88
WP_098233502,gvpO,Unknown,Bacillaceae,86
WP_078987339,gvpO,Unknown,Streptomyces sp. XY332,103
WP_078640668,gvpO,Unknown,Streptomyces,100
WP_073202328,gvpO,Unknown,Gracilibacillus kekensis,88
WP_067831217,gvpO,Unknown,Actinomadura kijaniata,85
WP_067811440,gvpO,Unknown,Nocardia beijingensis,107
WP_053605470,gvpO,Unknown,Bacillus,88
WP_006236544,gvpO,Unknown,Saccharomonospora xinjiangensis,89
WP_005463878,gvpO,Unknown,Saccharomonospora glauca,89
WP_419897208,gvpO,Unknown,Roseomonas sp. USHLN139,94
WP_412798150,gvpO,Unknown,Streptomyces sp. MS19,109
WP_412092741,gvpO,Unknown,Cereibacter sphaeroides,103
WP_408008765,gvpO,Unknown,Pseudalkalibacillus sp. A8,91
WP_403735826,gvpO,Unknown,unclassified Streptomyces,107
WP_403595405,gvpO,Unknown,Streptomyces sp. NPDC093795,43
WP_400541700,gvpO,Unknown,Promicromonospora sp. NPDC090134,114
WP_399054176,gvpO,Unknown,Streptomyces evansiae,43
WP_398983408,gvpO,Unknown,Streptomyces sp. NPDC019443,132
WP_398546667,gvpO,Unknown,Streptomyces sp. NPDC020983,76
WP_395992120,gvpO,Unknown,Actinomadura sp. 9N215,85
WP_395960760,gvpO,Unknown,Actinomadura sp. 6N118,88
WP_394307631,gvpO,Unknown,Streptomyces lusitanus,164
WP_394300045,gvpO,Unknown,Sphaerimonospora cavernae,129
WP_390794107,gvpO,Unknown,unclassified Streptomyces,141
WP_389471604,gvpO,Unknown,Streptomyces sp. NPDC012888,106
WP_387279343,gvpO,Unknown,Micromonospora sp. NPDC006431,147
WP_385652652,gvpO,Unknown,Streptomyces sp. NPDC059696,107
WP_385587931,gvpO,Unknown,Streptomyces sp. NPDC059740,308
WP_383437979,gvpO,Unknown,Streptomyces sp. NPDC056528,106
WP_382523273,gvpO,Unknown,unclassified Streptomyces,102
WP_381349497,gvpO,Unknown,Streptomyces hygroscopicus,181
WP_380825352,gvpO,Unknown,Streptomyces althioticus,144
WP_379571440,gvpO,Unknown,Pseudonocardia lutea,173
WP_379565989,gvpO,Unknown,Pseudonocardia lutea,145
WP_379310936,gvpO,Unknown,unclassified Nocardia,111
WP_378465368,gvpO,Unknown,Rhodococcus sp. NPDC056960,127
WP_378311327,gvpO,Unknown,Actinomadura luteofluorescens,85
WP_378283195,gvpO,Unknown,Actinomadura rugatobispora,96
WP_378019453,gvpO,Unknown,Actinomycetospora rhizophila,134
WP_377521418,gvpO,Unknown,Priestia megaterium,88
WP_375594100,gvpO,Unknown,Algihabitans albus,148
WP_375007749,gvpO,Unknown,Alteribacillus sp. JSM 102045,90
WP_373411283,gvpO,Unknown,Yoonia sp.,102
WP_369973601,gvpO,Unknown,Prauserella,97
WP_366475602,gvpO,Unknown,Streptomyces sp. NPDC051211,103
WP_364562254,gvpO,Unknown,Amycolatopsis sp. NPDC051045,109
WP_363793759,gvpO,Unknown,Saccharopolyspora sp. NPDC049426,144
WP_363462832,gvpO,Unknown,Microbispora sp. NPDC049633,139
WP_361856322,gvpO,Unknown,Streptomyces sp. NPDC046712,102
WP_360571011,gvpO,Unknown,Dactylosporangium sp. NPDC050588,106
WP_359592723,gvpO,Unknown,Streptomyces klenkii,130
WP_359573608,gvpO,Unknown,Streptomyces hygroscopicus,181
WP_358624246,gvpO,Unknown,Streptomyces mobaraensis,117
WP_358563596,gvpO,Unknown,Streptomyces massasporeus,107
WP_358376193,gvpO,Unknown,Nonomuraea sp. NPDC050691,161
WP_358328151,gvpO,Unknown,Nonomuraea sp. NPDC049141,133
WP_358289856,gvpO,Unknown,unclassified Nonomuraea,121
WP_357886650,gvpO,Unknown,unclassified Nonomuraea,98
WP_357884893,gvpO,Unknown,Nocardia beijingensis,106
WP_357726068,gvpO,Unknown,Nonomuraea angiospora,104
WP_357526903,gvpO,Unknown,Polymorphospora rubra,146
WP_357519569,gvpO,Unknown,Polymorphospora rubra,146
WP_357278069,gvpO,Unknown,Nocardia sp. NPDC005746,111
WP_355953263,gvpO,Unknown,unclassified Streptomyces,100
WP_354791652,gvpO,Unknown,Dactylosporangium sp. NPDC005555,137
WP_352005897,gvpO,Unknown,Streptosporangium saharense,120
WP_345557707,gvpO,Unknown,Nonomuraea rosea,102
WP_345351397,gvpO,Unknown,Rhodococcus olei,107
WP_345282958,gvpO,Unknown,Streptomyces,111
WP_345216928,gvpO,Unknown,Georgenia halophila,261
WP_345130644,gvpO,Unknown,Dactylosporangium darangshiense,98
WP_344944869,gvpO,Unknown,Sphaerisporangium flaviroseum,144
WP_344922393,gvpO,Unknown,Streptosporangium oxazolinicum,147
WP_344730256,gvpO,Unknown,Pseudonocardia yunnanensis,187
WP_344657980,gvpO,Unknown,Catenulispora subtropica,162
WP_343502477,gvpO,Unknown,Alloyangia pacifica,111
WP_342030654,gvpO,Unknown,Streptomyces melanosporofaciens,44
WP_338051248,gvpO,Unknown,Pseudonocardia acidicola,127
WP_337655799,gvpO,Unknown,Streptomyces sp. MD20-1-1,144
WP_336497390,gvpO,Unknown,Psychrobacillus mangrovi,88
WP_334172128,gvpO,Unknown,Sinomonas sp.,147
WP_330846465,gvpO,Unknown,Actinophytocola sp.,102
WP_329083722,gvpO,Unknown,unclassified Streptosporangium,147
WP_327151833,gvpO,Unknown,Nocardia sp. NBC_01329,111
WP_327101650,gvpO,Unknown,Nocardia vinacea,108
WP_324266687,gvpO,Unknown,Saccharopolyspora mangrovi,131
WP_324165918,gvpO,Unknown,Amycolatopsis sp.,437
WP_317987055,gvpO,Unknown,Sutcliffiella rhizosphaerae,86
WP_317121871,gvpO,Unknown,Alkalihalophilus lindianensis,88
WP_312904338,gvpO,Unknown,Nonomuraea rubra,98
WP_312858384,gvpO,Unknown,Pseudonocardia pini,152
WP_301549170,gvpO,Unknown,Pseudonocardia alni,339
WP_296144347,gvpO,Unknown,Pseudonocardia sp. SCN 73-27,275
WP_290119778,gvpO,Unknown,Actinomadura sp. DC4,135
WP_281067238,gvpO,Unknown,Kribbella aluminosa,117
WP_280412717,gvpO,Unknown,Nocardia asiatica,98
WP_276143551,gvpO,Unknown,Rhodococcus sp. T2V,114
WP_275118279,gvpO,Unknown,Alkalihalobacterium chitinilyticum,87
WP_268759007,gvpO,Unknown,Amycolatopsis cynarae,100
WP_266077552,gvpO,Unknown,Haladaptatus caseinilyticus,143
WP_262372682,gvpO,Unknown,Sutcliffiella horikoshii,86
WP_256652640,gvpO,Unknown,Streptomyces rugosispiralis,100
WP_253774183,gvpO,Unknown,Nonomuraea roseoviolacea,179
WP_252472780,gvpO,Unknown,Desulfosporosinus nitroreducens,90
WP_249027289,gvpO,Unknown,Amycolatopsis lexingtonensis,119
WP_242234395,gvpO,Unknown,unclassified Domibacillus,87
WP_237453645,gvpO,Unknown,Pseudonocardia sp. SID8383,240
WP_231566566,gvpO,Unknown,Pontibacillus marinus,86
WP_229250366,gvpO,Unknown,Desulfosporosinus shakirovi,89
WP_227373849,gvpO,Unknown,Haladaptatus halobius,138
WP_227132934,gvpO,Unknown,Halorubellus salinus,115
WP_225849730,gvpO,Unknown,Streptomyces sp. HPF1205,142
WP_222131259,gvpO,Unknown,Pseudonocardia sp. C8,386
WP_220584225,gvpO,Unknown,Halobacillus sp. Nhm2S1,86
WP_220447964,gvpO,Unknown,Nonomuraea diastatica,129
WP_195894404,gvpO,Unknown,Nonomuraea cypriaca,133
WP_188188973,gvpO,Unknown,Nonomuraea sp. SYSU D8015,109
WP_185713321,gvpO,Unknown,Rhodococcus,112
WP_185075764,gvpO,Unknown,Nonomuraea jabiensis,123
WP_165041524,gvpO,Unknown,Rhodococcus sp. 14C212,105
WP_164214961,gvpO,Unknown,Virgibacillus sp. YIM 98842,86
WP_157386650,gvpO,Unknown,Nocardia terrae,111
WP_141575404,gvpO,Unknown,Actinomadura sp. WMMA1423,85
WP_140175529,gvpO,Unknown,Thermomonospora catenispora,109
WP_138694235,gvpO,Unknown,Nonomuraea zeae,102
WP_136909286,gvpO,Unknown,Rhodococcus oryzae,96
WP_136239102,gvpO,Unknown,unclassified Streptomyces,144
WP_135552869,gvpO,Unknown,Desulfosporosinus fructosivorans,91
WP_131988713,gvpO,Unknown,Actinomadura sp. 6K520,86
WP_121436020,gvpO,Unknown,Actinomadura pelletieri,86
WP_119727557,gvpO,Unknown,Thermomonospora,86
WP_088896935,gvpO,Unknown,Rhodococcus,98
WP_081005382,gvpO,Unknown,Rhodococcus rhodochrous,111
WP_080517695,gvpO,Unknown,Cereibacter sphaeroides,102
WP_079475232,gvpO,Unknown,Marinococcus halophilus,203
WP_079032074,gvpO,Unknown,Streptomyces specialis,108
WP_078504461,gvpO,Unknown,Streptomyces,144
WP_069451064,gvpO,Unknown,Haladaptatus sp. W1,147
WP_043930219,gvpO,Unknown,Bacillus sp. EB01,87
WP_043769055,gvpO,Unknown,Roseivivax isoporae,102
WP_040251375,gvpO,Unknown,Streptomyces,107
WP_039829102,gvpO,Unknown,Nocardia testacea,109
WP_413242311,gvpO,Unknown,Paenibacillus sp. 1P07SE,100
WP_393331915,gvpO,Unknown,Microbispora bryophytorum,148
WP_393227778,gvpO,Unknown,Nocardia sp. NPDC047654,110
WP_392149857,gvpO,Unknown,Streptomyces flaveolus,105
WP_389947817,gvpO,Unknown,Streptosporangium sp. NPDC000396,147
WP_385161966,gvpO,Unknown,unclassified Streptomyces,122
WP_377235786,gvpO,Unknown,Promicromonospora sp. NPDC059942,114
WP_375020628,gvpO,Unknown,Actinomadura sp. 21ATH,92
WP_368630091,gvpO,Unknown,Kocuria carniphila,161
WP_365430657,gvpO,Unknown,Streptomyces sp. NPDC056159,79
WP_363611977,gvpO,Unknown,Micromonospora sp. NPDC049645,109
WP_363134749,gvpO,Unknown,Streptomyces sp. NPDC050610,101
WP_359864737,gvpO,Unknown,Streptomyces hygroscopicus,150
WP_359364532,gvpO,Unknown,Streptomyces cinnamoneus,99
WP_355627380,gvpO,Unknown,Streptosporangium sp. NPDC006013,150
WP_346452967,gvpO,Unknown,Isoptericola cucumis,146
WP_346258858,gvpO,Unknown,Plantactinospora sp. ZYX-F-223,166
WP_338471527,gvpO,Unknown,Niallia sp. XMNu-256,88
WP_335961852,gvpO,Unknown,Halalkalibacter kiskunsagensis,88
WP_328563657,gvpO,Unknown,Streptomyces coelicoflavus,130
WP_326837478,gvpO,Unknown,Amycolatopsis rhabdoformis,109
WP_325719081,gvpO,Unknown,Actinocrinis sp.,100
WP_325105287,gvpO,Unknown,Segeticoccus sp.,143
WP_324191130,gvpO,Unknown,Nocardia beijingensis,106
WP_303657242,gvpO,Unknown,Halorussus,215
WP_299881893,gvpO,Unknown,uncultured Sulfitobacter sp.,104
WP_299745355,gvpO,Unknown,unclassified Rossellomorea,88
WP_292371609,gvpO,Unknown,unclassified Methanosarcina,94
WP_245899644,gvpO,Unknown,Nonomuraea indica,139
WP_243514844,gvpO,Unknown,Priestia filamentosa,87
WP_241779785,gvpO,Unknown,Streptomyces natalensis,73
WP_224269479,gvpO,Unknown,Haloprofundus salinisoli,105
WP_223290917,gvpO,Unknown,Streptomyces avicenniae,113
WP_190252619,gvpO,Unknown,Dactylosporangium sucinum,99
WP_168073636,gvpO,Unknown,Planosporangium flavigriseum,104
WP_164560240,gvpO,Unknown,Streptomyces sp. SID14478,108
WP_161560234,gvpO,Unknown,Streptomyces antimycoticus,103
WP_145775727,gvpO,Unknown,Micromonospora olivasterospora,104
WP_134714402,gvpO,Unknown,Saccharomonospora xinjiangensis,89
WP_077058797,gvpO,Unknown,Streptomyces sp. MP131-18,94
WP_071966293,gvpO,Unknown,Streptomyces sp. NPDC021096,99
WP_066366690,gvpO,Unknown,Herbidospora mongoliensis,85
WP_065409533,gvpO,Unknown,Pseudobacillus wudalianchiensis,88
WP_022794405,gvpO,Unknown,Marinococcus halotolerans,88
WP_414478831,gvpO,Unknown,Rhodococcus opacus,172
WP_413917174,gvpO,Unknown,Priestia megaterium,88
WP_409303443,gvpO,Unknown,Peribacillus sedimenti,88
WP_409274766,gvpO,Unknown,Neobacillus oceani,86
WP_405605026,gvpO,Unknown,Streptomyces sp. NBC_01410,132
WP_404455757,gvpO,Unknown,Virgibacillus necropolis,87
WP_401669566,gvpO,Unknown,Streptomyces antimycoticus,135
WP_400021453,gvpO,Unknown,Streptomyces sp. NPDC085529,124
WP_397636091,gvpO,Unknown,Streptomyces albogriseolus,147
WP_397550615,gvpO,Unknown,Rossellomorea sp. NPDC077527,88
WP_397394952,gvpO,Unknown,Promicromonospora sp. NPDC019610,114
WP_396289086,gvpO,Unknown,Kitasatospora sp. NPDC051164,79
WP_395987924,gvpO,Unknown,Actinomadura sp. 9N407,89
WP_394079706,gvpO,Unknown,Roseixanthobacter finlandensis,87
WP_393434726,gvpO,Unknown,Mycobacterium sp. NPDC048908,53
WP_393269489,gvpO,Unknown,Nonomuraea fuscirosea,155
WP_393149865,gvpO,Unknown,Nonomuraea sp. NPDC047897,135
WP_391250490,gvpO,Unknown,Streptomyces sp. NPDC007907,107
WP_389741218,gvpO,Unknown,Streptomyces violaceusniger,154
WP_388314893,gvpO,Unknown,Streptomyces massasporeus,107
WP_387424381,gvpO,Unknown,Micromonospora sp. NPDC007230,147
WP_385848843,gvpO,Unknown,Streptomyces sp. NPDC059650,133
WP_385619157,gvpO,Unknown,Streptomyces sp. NPDC059679,103
WP_385439839,gvpO,Unknown,Streptomyces sp. NPDC059850,132
WP_385204769,gvpO,Unknown,Streptomyces sp. NPDC059455,117
WP_384113898,gvpO,Unknown,unclassified Streptomyces,106
WP_381327358,gvpO,Unknown,Streptomyces halstedii,110
WP_380804168,gvpO,Unknown,Streptomyces albogriseolus,147
WP_380704374,gvpO,Unknown,Salinithrix halophila,90
WP_379080308,gvpO,Unknown,Nocardia rhizosphaerihabitans,111
WP_378593231,gvpO,Unknown,Rhodococcus jostii,92
WP_378453210,gvpO,Unknown,unclassified Rhodococcus (in: high G+C Gram-positive bacteria),96
WP_377209558,gvpO,Unknown,Promicromonospora sp. NPDC057138,165
WP_375154201,gvpO,Unknown,Rhodococcus opacus,130
WP_372477983,gvpO,Unknown,Streptomyces barringtoniae,39
WP_370367544,gvpO,Unknown,Catenulispora sp. GP43,149
WP_370178661,gvpO,Unknown,Rhodococcus wratislaviensis,96
WP_366849921,gvpO,Unknown,Streptomyces parvulus,105
WP_364497112,gvpO,Unknown,Nocardia sp. NPDC051990,111
WP_363205704,gvpO,Unknown,unclassified Streptomyces,108
WP_361254972,gvpO,Unknown,unclassified Streptomyces,162
WP_359755623,gvpO,Unknown,Streptomyces anulatus,28
WP_359095115,gvpO,Unknown,Streptomyces roseoverticillatus,122
WP_358321434,gvpO,Unknown,Streptomyces massasporeus,107
WP_357973609,gvpO,Unknown,Nocardia fusca,109
WP_357962895,gvpO,Unknown,Nocardia gamkensis,110
WP_356850037,gvpO,Unknown,Streptomyces sp. NPDC006326,103
WP_355434272,gvpO,Unknown,Lentzea sp. NPDC004782,88
WP_355199895,gvpO,Unknown,Nonomuraea sp. NPDC003709,123
WP_353834260,gvpO,Unknown,Actinomadura sp. NPDC000929,85
WP_352099276,gvpO,Unknown,Streptomyces sp. NPDC126510,107
WP_352070832,gvpO,Unknown,Streptosporangium roseum,147
WP_351929540,gvpO,Unknown,Streptomyces sp. NPDC001634,123
WP_351884353,gvpO,Unknown,Streptomyces sp. NPDC094472,145
WP_351113245,gvpO,Unknown,Streptomyces sp. NPDC002734,108
WP_350909375,gvpO,Unknown,Nocardia beijingensis,107
WP_350731395,gvpO,Unknown,Nonomuraea angiospora,105
WP_347650531,gvpO,Unknown,Nonomuraea sp. B10E15,137
WP_344550449,gvpO,Unknown,Kitasatospora saccharophila,208
WP_334438293,gvpO,Unknown,Micromonospora sp. CPCC 206060,253
WP_331112661,gvpO,Unknown,Oryzihumus sp.,191
WP_329192231,gvpO,Unknown,unclassified Streptomyces,103
WP_328368626,gvpO,Unknown,unclassified Streptomyces,95
WP_281032382,gvpO,Unknown,Nocardia higoensis,107
WP_250094747,gvpO,Unknown,Halalkalibacter alkaliphilus,87
WP_245573162,gvpO,Unknown,Amycolatopsis benzoatilytica,103
WP_239769317,gvpO,Unknown,Streptomyces,105
WP_239119709,gvpO,Unknown,Planotetraspora thailandica,97
WP_228915775,gvpO,Unknown,Streptomyces,147
WP_222720362,gvpO,Unknown,Actinomadura sp. HBU206391,180
WP_221567455,gvpO,Unknown,Alkalihalobacillus sp. TS-13,88
WP_195150454,gvpO,Unknown,Nocardia abscessus,98
WP_190903797,gvpO,Unknown,Streptomyces tuirus,107
WP_190238256,gvpO,Unknown,Cereibacter johrii,103
WP_190107840,gvpO,Unknown,Streptomyces cinnamoneus,99
WP_189909140,gvpO,Unknown,Streptomyces albogriseolus,147
WP_189095407,gvpO,Unknown,Streptomyces kronopolitis,107
WP_188837604,gvpO,Unknown,Flexivirga endophytica,108
WP_187577379,gvpO,Unknown,Nocardioides mesophilus,87
WP_179726162,gvpO,Unknown,Nocardioides kongjuensis,117
WP_156644854,gvpO,Unknown,Lentibacillus sp. JNUCC-1,86
WP_152232730,gvpO,Unknown,Georgenia ruanii,198
WP_136215430,gvpO,Unknown,Streptomyces sp. A1136,103
WP_133826603,gvpO,Unknown,Actinomycetospora succinea,399
WP_132205599,gvpO,Unknown,Actinomadura darangshiensis,86
WP_128107219,gvpO,Unknown,Mycolicibacterium elephantis,107
WP_124442089,gvpO,Unknown,Streptomyces sp. NL15-2K,87
WP_123107745,gvpO,Unknown,Streptomyces botrytidirepellens,108
WP_117591556,gvpO,Unknown,Haloprofundus halophilus,105
WP_110694536,gvpO,Unknown,Streptosporangium sp. 'caverna',140
WP_098860272,gvpO,Unknown,Bacillus sp. AFS053548,86
WP_073816269,gvpO,Unknown,Streptomyces,106
WP_070877690,gvpO,Unknown,Metabacillus idriensis,85
WP_041824423,gvpO,Unknown,Streptomycetaceae,97
WP_014059685,gvpO,Unknown,Streptomyces violaceusniger,100
WP_005043846,gvpO,Unknown,Halococcus,168
WP_411949761,gvpO,Unknown,Streptomyces sp. NPDC000405,150
WP_403939848,gvpO,Unknown,Streptomyces sp. NPDC096310,109
WP_402356455,gvpO,Unknown,Streptomyces paradoxus,107
WP_401878514,gvpO,Unknown,Streptomyces massasporeus,107
WP_398508123,gvpO,Unknown,Streptomyces sp. NPDC020681,136
WP_397401579,gvpO,Unknown,Promicromonospora kroppenstedtii,100
WP_397370661,gvpO,Unknown,Nonomuraea sp. NPDC051941,123
WP_396980043,gvpO,Unknown,Nocardia gamkensis,110
WP_394500647,gvpO,Unknown,Nonomuraea sp. JJY05,123
WP_392691711,gvpO,Unknown,Streptomyces goshikiensis,103
WP_388613309,gvpO,Unknown,unclassified Streptomyces,111
WP_386949777,gvpO,Unknown,unclassified Amycolatopsis,109
WP_386921200,gvpO,Unknown,Actinomadura viridis,88
WP_386449496,gvpO,Unknown,Streptosporangium canum,147
WP_385147923,gvpO,Unknown,unclassified Streptomyces,143
WP_385146357,gvpO,Unknown,unclassified Streptomyces,100
WP_377544180,gvpO,Unknown,Micromonospora zhanjiangensis,178
WP_376609196,gvpO,Unknown,Streptomyces sp. NPDC056291,54
WP_376253124,gvpO,Unknown,Streptomyces sp. NPDC056002,102
WP_371514663,gvpO,Unknown,Kocuria sp. WRN011,151
WP_367420319,gvpO,Unknown,Streptomyces albogriseolus,147
WP_366072144,gvpO,Unknown,Streptomyces sp. NPDC051219,105
WP_364404356,gvpO,Unknown,Actinoallomurus sp. NPDC052274,136
WP_364346089,gvpO,Unknown,unclassified Nocardia,108
WP_362964401,gvpO,Unknown,Streptomyces sp. NPDC049881,114
WP_362692777,gvpO,Unknown,Streptosporangium sp. NPDC023963,150
WP_362511733,gvpO,Unknown,unclassified Streptosporangium,156
WP_361533198,gvpO,Unknown,unclassified Streptomyces,106
WP_361115763,gvpO,Unknown,Streptomyces sp. NPDC047024,102
WP_358241137,gvpO,Unknown,Streptomyces abikoensis,147
WP_358213229,gvpO,Unknown,Nocardia beijingensis,107
WP_358204199,gvpO,Unknown,Pseudonocardia sp. NPDC049154,195
WP_358179154,gvpO,Unknown,Nonomuraea sp. NPDC049129,129
WP_355853067,gvpO,Unknown,Streptomyces sp. NPDC005336,102
WP_355439661,gvpO,Unknown,Nonomuraea sp. NPDC005501,169
WP_354882315,gvpO,Unknown,Micromonospora taraxaci,110
WP_350916349,gvpO,Unknown,Streptosporangium sp. NPDC002544,150
WP_349331023,gvpO,Unknown,unclassified Actinopolymorpha,108
WP_345418141,gvpO,Unknown,Pseudonocardia xishanensis,203
WP_345348724,gvpO,Unknown,Actinoallomurus liliacearum,136
WP_344997068,gvpO,Unknown,Nonomuraea helvata,111
WP_328290817,gvpO,Unknown,Nocardia aurantiaca,111
WP_325709523,gvpO,Unknown,Amycolatopsis sp.,103
WP_317761615,gvpO,Unknown,Rhodococcus opacus,96
WP_312860431,gvpO,Unknown,Pseudonocardia bannensis,129
WP_298785380,gvpO,Unknown,uncultured Marinococcus sp.,100
WP_291003848,gvpO,Unknown,Hyphomicrobium sp.,142
WP_278142903,gvpO,Unknown,Micromonospora sp. WMMD967,110
WP_244752029,gvpO,Unknown,Halobacillus shinanisalinarum,86
WP_238951655,gvpO,Unknown,Kitasatospora sp. A2-31,105
WP_231332768,gvpO,Unknown,Actinomadura graeca,85
WP_226682309,gvpO,Unknown,Bacillaceae,86
WP_200306477,gvpO,Unknown,Paracraurococcus ruber,111
WP_197700190,gvpO,Unknown,Micromonospora echinaurantiaca,123
WP_188376899,gvpO,Unknown,Halobacillus andaensis,91
WP_187826179,gvpO,Unknown,Streptomyces sp. TRM68367,111
WP_177245344,gvpO,Unknown,Streptosporangium canum,144
WP_176197424,gvpO,Unknown,Actinomadura sp. NAK00032,86
WP_166030100,gvpO,Unknown,Neobacillus terrae,88
WP_165243437,gvpO,Unknown,Streptomyces coryli,91
WP_155113281,gvpO,Unknown,Metabacillus mangrovi,88
WP_154689995,gvpO,Unknown,Microlunatus sp. Gsoil 973,78
WP_153400910,gvpO,Unknown,Gracilibacillus oryzae,88
WP_148349156,gvpO,Unknown,Actinomadura syzygii,86
WP_145773878,gvpO,Unknown,Micromonospora olivasterospora,115
WP_142574745,gvpO,Unknown,Microbispora bryophytorum,152
WP_138046495,gvpO,Unknown,Streptomyces montanus,164
WP_137048960,gvpO,Unknown,Haloprofundus sp. MHR1,105
WP_129629557,gvpO,Unknown,Candidatus Oscillochloris fontis,83
WP_100010262,gvpO,Unknown,Lentibacillus sediminis,86
WP_084471411,gvpO,Unknown,Nocardia speluncae,99
WP_083906923,gvpO,Unknown,Octadecabacter arcticus,121
WP_079171182,gvpO,Unknown,unclassified Streptomyces,120
WP_079161227,gvpO,Unknown,Streptomyces fodineus,122
WP_079110052,gvpO,Unknown,Streptomyces roseifaciens,106
WP_078760990,gvpO,Unknown,Marinactinospora thermotolerans,101
WP_078661500,gvpO,Unknown,Streptomyces sp. NRRL B-24484,188
WP_078639187,gvpO,Unknown,Streptomyces violaceusniger,143
WP_078606409,gvpO,Unknown,Streptomyces violaceorubidus,124
WP_076971083,gvpO,Unknown,Streptomyces sparsogenes,100
WP_076106879,gvpO,Unknown,Mycobacterium colombiense,108
WP_067638323,gvpO,Unknown,Actinomadura latina,86
WP_064455549,gvpO,Unknown,Streptomyces hygroscopicus,103
WP_062232705,gvpO,Unknown,unclassified Fictibacillus,87
WP_055421312,gvpO,Unknown,Streptomyces pactum,107
WP_050183859,gvpO,Unknown,Domibacillus robiginosus,87
WP_044340213,gvpO,Unknown,Rossellomorea aquimaris,88
WP_037058196,gvpO,Unknown,Pseudonocardia asaccharolytica,120
WP_013057996,gvpO,Unknown,Priestia,88
WP_005455869,gvpO,Unknown,Saccharomonospora cyanea,90
WP_406673550,gvpO,Unknown,Nonomuraea sp. N2-4H,115
WP_406401761,gvpO,Unknown,Streptomyces uncialis,102
WP_405918165,gvpO,Unknown,Streptomyces sp. NBC_00728,106
WP_405087449,gvpO,Unknown,Microbispora sp. NBC_01389,109
WP_403521946,gvpO,Unknown,Streptomyces sp. NPDC093586,105
WP_402054233,gvpO,Unknown,Streptomyces massasporeus,107
WP_401545950,gvpO,Unknown,Streptomyces sp. NPDC091385,103
WP_401410155,gvpO,Unknown,Streptomyces sp. NPDC088785,108
WP_400711866,gvpO,Unknown,Streptosporangium sp. NPDC087985,132
WP_399569333,gvpO,Unknown,Streptomyces sp. NPDC053079,99
WP_399551414,gvpO,Unknown,Streptosporangium canum,147
WP_399518956,gvpO,Unknown,Streptosporangium canum,143
WP_397613915,gvpO,Unknown,Streptomyces abikoensis,150
WP_360688689,gvpO,Unknown,Nonomuraea sp. NPDC049784,125
WP_358604861,gvpO,Unknown,Saccharopolyspora sp. NPDC050389,149
WP_358277111,gvpO,Unknown,Streptomyces massasporeus,107
WP_357847579,gvpO,Unknown,Nonomuraea sp. NPDC048882,147
WP_357838108,gvpO,Unknown,Micromonospora parva,110
WP_331658796,gvpO,Unknown,Amycolatopsis sp.,113
WP_326362612,gvpO,Unknown,Nocardia sp. CDC160,117
WP_312888360,gvpO,Unknown,Nonomuraea rhodomycinica,159
WP_312863972,gvpO,Unknown,Streptosporangium saharense,113
WP_288050462,gvpO,Unknown,Nocardia sp.,60
WP_283133146,gvpO,Unknown,Rhizohabitans arisaemae,111
WP_281658543,gvpO,Unknown,Halobacillus sp. Cin3,86
WP_278002884,gvpO,Unknown,Halocatena marina,237
WP_276143879,gvpO,Unknown,Rhodococcus sp. T2V,107
WP_270110666,gvpO,Unknown,Glycomyces luteolus,101
WP_265409664,gvpO,Unknown,Fictibacillus sp. KU28468,87
WP_259917770,gvpO,Unknown,Kocuria carniphila,161
WP_256392879,gvpO,Unknown,Natronoarchaeum rubrum,151
WP_255242256,gvpO,Unknown,Evansella sp. LMS18,90
WP_249635973,gvpO,Unknown,Streptomyces,107
WP_245757916,gvpO,Unknown,Alteribacillus iranensis,89
WP_244170627,gvpO,Unknown,Amycolatopsis tolypomycina,100
WP_240926449,gvpO,Unknown,Streptomyces sp. JB150,129
WP_226592140,gvpO,Unknown,Halobacillus litoralis,86
WP_218128865,gvpO,Unknown,Nonomuraea maritima,126
WP_215096727,gvpO,Unknown,Streptomyces sp. ISL-1,175
WP_214410929,gvpO,Unknown,Sphaerisporangium fuscum,140
WP_214103812,gvpO,Unknown,Acrocarpospora catenulata,112
WP_213932997,gvpO,Unknown,Rhodococcus sp. B50,98
WP_212819829,gvpO,Unknown,Polymorphospora rubra,146
WP_211126356,gvpO,Unknown,Streptomyces,100
WP_210950381,gvpO,Unknown,Streptomyces sp. MK37H,161
WP_210159114,gvpO,Unknown,Microbispora oryzae,147
WP_209480372,gvpO,Unknown,Virgibacillus litoralis,89
WP_206935543,gvpO,Unknown,Roseococcus thiosulfatophilus,84
WP_206806661,gvpO,Unknown,Amycolatopsis sp. 195334CR,84
WP_205077383,gvpO,Unknown,unclassified Streptomyces,106
WP_204288991,gvpO,Unknown,Microbispora amethystogenes,110
WP_204095955,gvpO,Unknown,Amycolatopsis sp. FDAARGOS 1241,108
WP_204058371,gvpO,Unknown,Microbispora corallina,154
WP_203849680,gvpO,Unknown,Dactylosporangium siamense,103
WP_203549791,gvpO,Unknown,Actinospica acidiphila,144
WP_201853732,gvpO,Unknown,Streptomyces,100
WP_201714559,gvpO,Unknown,Rossellomorea arthrocnemi,88
WP_198664219,gvpO,Unknown,Jiangella endophytica,79
WP_195035136,gvpO,Unknown,Nocardia abscessus,110
WP_194961243,gvpO,Unknown,Streptomyces,127
WP_194218445,gvpO,Unknown,Guptibacillus hwajinpoensis,88
WP_192994410,gvpO,Unknown,Priestia megaterium,88
WP_192236308,gvpO,Unknown,Streptomyces sp. H28,106
WP_191053586,gvpO,Unknown,Microbispora bryophytorum,153
WP_131971033,gvpO,Unknown,Actinomadura sp. KC06,86
WP_110066992,gvpO,Unknown,Cytobacillus oceanisediminis,88
WP_107270523,gvpO,Unknown,Plantactinospora sp. BC1,202
WP_103960682,gvpO,Unknown,Nonomuraea solani,109
WP_101568583,gvpO,Unknown,Bacillaceae,87
WP_101467493,gvpO,Unknown,Nocardia fluminea,111
WP_096155007,gvpO,Unknown,Bacillus,88
WP_095584393,gvpO,Unknown,Streptomyces albireticuli,106
WP_095268409,gvpO,Unknown,Terribacillus,90
WP_094526890,gvpO,Unknown,unclassified Halorubrum,189
WP_094376570,gvpO,Unknown,Lachnotalea glycerini,86
WP_093854135,gvpO,Unknown,Streptomyces,180
WP_093212469,gvpO,Unknown,Sediminibacillus albus,90
WP_092960907,gvpO,Unknown,Falsiroseomonas,85
WP_092889178,gvpO,Unknown,Actinopolymorpha cephalotaxi,145
WP_091614017,gvpO,Unknown,Marinococcus luteus,88
WP_091584596,gvpO,Unknown,Alteribacillus bidgolensis,90
WP_091003041,gvpO,Unknown,Fictibacillus marinisediminis,87
WP_089750583,gvpO,Unknown,Halobacillus alkaliphilus,88
WP_088228084,gvpO,Unknown,Desulfosporosinus sp. FKB,91
WP_088011973,gvpO,Unknown,Gottfriedia acidiceleris,86
WP_087928739,gvpO,Unknown,Streptomyces,103
WP_019393984,gvpO,Unknown,Priestia,87
WP_411115334,gvpO,Unknown,unclassified Streptomyces,56
WP_410909641,gvpO,Unknown,Puerhibacterium sp. TATVAM-FAB25,223
WP_407312186,gvpO,Unknown,Desulfosporosinus paludis,90
WP_406607758,gvpO,Unknown,Candidatus Infernicultor aquiphilus,86
WP_404405695,gvpO,Unknown,Jeotgalibacillus malaysiensis,88
WP_401193173,gvpO,Unknown,Streptomyces sp. NPDC088762,103
WP_400661162,gvpO,Unknown,Terribacillus saccharophilus,89
WP_399922503,gvpO,Unknown,Streptomyces sp. NPDC053048,105
WP_399055733,gvpO,Unknown,Streptomyces sp. NPDC049813,132
WP_396454513,gvpO,Unknown,Actinomadura sp.,87
WP_395889866,gvpO,Unknown,Amycolatopsis sp. NPDC051903,108
WP_393848262,gvpO,Unknown,Streptomyces sp. NPDC048257,103
WP_392101424,gvpO,Unknown,Streptomyces sp. NPDC015237,105
WP_391180316,gvpO,Unknown,Streptomyces sp. NPDC007983,101
WP_390002347,gvpO,Unknown,Streptosporangium sandarakinum,148
WP_389094703,gvpO,Unknown,Streptomyces sp. NPDC001546,103
WP_387620990,gvpO,Unknown,Streptomyces albogriseolus,147
WP_387075049,gvpO,Unknown,Microbispora rosea,120
WP_386188879,gvpO,Unknown,Streptosporangium jomthongense,125
WP_386145282,gvpO,Unknown,Streptomyces yanii,246
WP_385397532,gvpO,Unknown,Streptomyces sp. NPDC059874,103
WP_385319731,gvpO,Unknown,Streptomyces sp. NPDC059680,39
WP_384320345,gvpO,Unknown,Streptomyces sp. NPDC058440,60
WP_381556263,gvpO,Unknown,Streptomyces hygroscopicus,191
WP_380582973,gvpO,Unknown,Streptacidiphilus monticola,84
WP_379645862,gvpO,Unknown,Nonomuraea sp. NPDC059194,107
WP_379560666,gvpO,Unknown,Oceanobacillus kapialis,87
WP_379496048,gvpO,Unknown,Oceanobacillus longus,88
WP_377261565,gvpO,Unknown,Phytohabitans kaempferiae,163
WP_376636313,gvpO,Unknown,Streptomyces sp. NPDC056255,77
WP_376543810,gvpO,Unknown,Streptomyces sp. NPDC056190,54
WP_375027901,gvpO,Unknown,Actinomadura sp. GTD37,87
WP_368631512,gvpO,Unknown,Kocuria carniphila,161
WP_367742677,gvpO,Unknown,Microbispora sp. NPDC049125,123
WP_367476455,gvpO,Unknown,Streptomyces griseoaurantiacus,127
WP_366624997,gvpO,Unknown,Spirillospora sp. NPDC029432,95
WP_365444385,gvpO,Unknown,Streptomyces sp. NPDC086077,92
WP_365387572,gvpO,Unknown,Streptomyces sp. NPDC051976,107
WP_364059839,gvpO,Unknown,Nonomuraea,115
WP_364053077,gvpO,Unknown,Thermopolyspora sp. NPDC052614,98
WP_363990049,gvpO,Unknown,Nonomuraea sp. NPDC052129,129
WP_363488129,gvpO,Unknown,Kitasatospora sp. NPDC051914,156
WP_363414881,gvpO,Unknown,Hamadaea sp. NPDC051192,107
WP_361484544,gvpO,Unknown,Streptomyces sp. NPDC019937,155
WP_360302171,gvpO,Unknown,Kitasatospora cineracea,173
WP_360091639,gvpO,Unknown,Dactylosporangium sp. NPDC050688,105
WP_359988823,gvpO,Unknown,Kitasatospora sp. NPDC007106,92
WP_357781567,gvpO,Unknown,Nonomuraea rubra,98
WP_357748409,gvpO,Unknown,Nonomuraea angiospora,123
WP_357159897,gvpO,Unknown,Microbispora bryophytorum,153
WP_357048204,gvpO,Unknown,Nocardia sp. NPDC050799,111
WP_356807585,gvpO,Unknown,Streptomyces sp. NPDC006333,46
WP_356631076,gvpO,Unknown,Streptomyces sp. NPDC006283,106
WP_354921810,gvpO,Unknown,Nonomuraea sp. NPDC003804,121
WP_354870715,gvpO,Unknown,Amycolatopsis sp. NPDC005232,109
WP_353594610,gvpO,Unknown,unclassified Streptomyces,100
WP_353388146,gvpO,Unknown,Thermobispora bispora,137
WP_351546177,gvpO,Unknown,Streptomyces sp. NPDC001985,106
WP_350944210,gvpO,Unknown,Streptosporangium sp. NPDC000563,152
WP_350723512,gvpO,Unknown,Streptomyces,105
WP_349446916,gvpO,Unknown,Nonomuraea sp. B19D2,117
WP_349301101,gvpO,Unknown,Pseudonocardia nematodicida,347
WP_348027688,gvpO,Unknown,Aciduricibacillus chroicocephali,88
WP_347585551,gvpO,Unknown,Streptomyces sp. B6B3,104
WP_347210660,gvpO,Unknown,Streptomyces malaysiensis,127
WP_346175894,gvpO,Unknown,Streptomyces cuspidosporus,100
WP_346043379,gvpO,Unknown,Actinomadura chokoriensis,86
WP_345181815,gvpO,Unknown,Actinomadura,85
WP_344594101,gvpO,Unknown,Actinomadura vinacea,93
WP_343979415,gvpO,Unknown,Streptosporangium,147
WP_343236090,gvpO,Unknown,Streptomyces auratus,78
WP_342070902,gvpO,Unknown,Yoonia algicola,102
WP_337704695,gvpO,Unknown,Actinomycetospora flava,418
WP_331211588,gvpO,Unknown,Plantactinospora veratri,191
WP_330865539,gvpO,Unknown,Nocardioides sp.,149
WP_330139065,gvpO,Unknown,Streptomyces sp. TRM 70351,108
WP_328665998,gvpO,Unknown,Streptomyces sp. NBC_00322,132
WP_328504014,gvpO,Unknown,Streptomyces sp. NBC_00457,95
WP_328452945,gvpO,Unknown,unclassified Amycolatopsis,113
WP_324929677,gvpO,Unknown,Mycobacterium sp.,107
WP_324843168,gvpO,Unknown,Actinocrinis sp.,100
WP_319697296,gvpO,Unknown,Streptomyces sp. ME19-01-6,100
WP_319012879,gvpO,Unknown,Streptomyces,124
WP_318577608,gvpO,Unknown,Terribacillus saccharophilus,90
WP_318036102,gvpO,Unknown,Halobacillus salinarum,85
WP_315280319,gvpO,Unknown,Kocuria carniphila,161
WP_311612381,gvpO,Unknown,Streptomyces hesseae,104
WP_303904492,gvpO,Unknown,Enteractinococcus helveticum,139
WP_282305504,gvpO,Unknown,Micromonospora sp. WMMD964,110
WP_281917465,gvpO,Unknown,Nocardia sputorum,110
WP_274234234,gvpO,Unknown,Actinomycetospora straminea,131
WP_274196642,gvpO,Unknown,Actinomycetospora callitridis,90
WP_274186893,gvpO,Unknown,Actinomycetospora chibensis,90
WP_266794405,gvpO,Unknown,unclassified Streptomyces,103
WP_256394858,gvpO,Unknown,Halohasta litorea,182
WP_252312014,gvpO,Unknown,Sinobaca sp. H24,99
WP_231788134,gvpO,Unknown,Metabacillus kandeliae,88
WP_231514010,gvpO,Unknown,Microbispora rosea,143
WP_230241825,gvpO,Unknown,Streptomyces sp. MNU89,103
WP_226898946,gvpO,Unknown,Nonomuraea phyllanthi,117
WP_216347267,gvpO,Unknown,Streptomyces,103
WP_211299851,gvpO,Unknown,Amycolatopsis lexingtonensis,109
WP_211245791,gvpO,Unknown,Actinomadura oligospora,135
WP_211244124,gvpO,Unknown,Actinospica robiniae,186
WP_210946815,gvpO,Unknown,Streptomyces sp. MK37H,100
WP_204988857,gvpO,Unknown,Sporohalobacter salinus,84
WP_204418814,gvpO,Unknown,Sutcliffiella tianshenii,88
WP_203871154,gvpO,Unknown,Plantactinospora endophytica,169
WP_193204233,gvpO,Unknown,Microbispora sitophila,148
WP_190155994,gvpO,Unknown,Streptomyces litmocidini,120
WP_189810577,gvpO,Unknown,Streptomyces,103
WP_189587722,gvpO,Unknown,Streptomyces massasporeus,107
WP_168091853,gvpO,Unknown,Streptomyces,106
WP_168048087,gvpO,Unknown,Falsiroseomonas frigidaquae,85
WP_167198786,gvpO,Unknown,Brevibacterium,164
WP_163529020,gvpO,Unknown,Halobacillus ihumii,86
WP_159099581,gvpO,Unknown,Alloyangia pacifica,109
WP_148765229,gvpO,Unknown,Actinomadura decatromicini,86
WP_137965170,gvpO,Unknown,Streptomyces antimycoticus,100
WP_107449731,gvpO,Unknown,Streptomyces hygroscopicus,181
WP_100366359,gvpO,Unknown,Yoonia maricola,102
WP_098277683,gvpO,Unknown,Priestia,88
WP_093953492,gvpO,Unknown,Amycolatopsis vastitatis,109
WP_078592215,gvpO,Unknown,Streptomyces,151
WP_076834368,gvpO,Unknown,unclassified Frankia,100
WP_076050888,gvpO,Unknown,Mycobacterium colombiense,108
WP_075421049,gvpO,Unknown,Priestia,88
WP_055513487,gvpO,Unknown,Streptomyces ossamyceticus,125
WP_049934338,gvpO,Unknown,Haloplanus natans,136
WP_044577542,gvpO,Unknown,Streptomyces iranensis,100
WP_040955029,gvpO,Unknown,Virgibacillus sp. SK37,86
WP_019290524,gvpO,Unknown,Rhodococcus,98
WP_013133608,gvpO,Unknown,Thermobispora bispora,147
WP_009473333,gvpO,Unknown,Rhodococcus sp. JVH1,92
WP_411215387,gvpO,Unknown,Terribacillus saccharophilus,91
WP_410669897,gvpO,Unknown,Amycolatopsis sp. cmx-4-68,106
WP_410626918,gvpO,Unknown,Amycolatopsis sp. cmx-8-4,84
WP_401892599,gvpO,Unknown,Streptomyces sp. NPDC088674,180
WP_401573393,gvpO,Unknown,Streptomyces sp. NPDC088923,159
WP_401414786,gvpO,Unknown,Streptomyces sp. NPDC088785,126
WP_398315467,gvpO,Unknown,unclassified Streptomyces,131
WP_397708239,gvpO,Unknown,Streptomyces longisporoflavus,106
WP_393475639,gvpO,Unknown,Nonomuraea sp. NPDC049028,129
WP_391471974,gvpO,Unknown,Nocardia gamkensis,110
WP_390978173,gvpO,Unknown,Streptomyces sp. NPDC012466,101
WP_389312785,gvpO,Unknown,unclassified Streptomyces,119
WP_382993042,gvpO,Unknown,unclassified Streptomyces,102
WP_378652144,gvpO,Unknown,Rhodococcus sp. NPDC056743,96
WP_377221356,gvpO,Unknown,Promicromonospora sukumoe,91
WP_375116250,gvpO,Unknown,Nonomuraea sp. MTCD27,134
WP_372911518,gvpO,Unknown,Salinigranum sp.,139
WP_370296163,gvpO,Unknown,Rossellomorea marisflavi,88
WP_366066481,gvpO,Unknown,Streptomyces sp. NPDC049577,123
WP_365436118,gvpO,Unknown,Streptomyces sp. NPDC056159,64
WP_365282059,gvpO,Unknown,Streptomyces sp. NPDC051954,111
WP_364067515,gvpO,Unknown,Amycolatopsis sp. NPDC049253,107
WP_364004777,gvpO,Unknown,Streptomyces violaceusniger,100
WP_363873140,gvpO,Unknown,Kribbella sp. NPDC049584,151
WP_363858645,gvpO,Unknown,Micromonospora sp. NPDC049559,149
WP_362759236,gvpO,Unknown,Streptosporangium sandarakinum,161
WP_362593904,gvpO,Unknown,Streptomyces sp. NPDC048349,103
WP_362479146,gvpO,Unknown,Streptomyces xinghaiensis,103
WP_362310755,gvpO,Unknown,Streptomyces sp. NPDC048270,103
WP_361899550,gvpO,Unknown,Streptomyces sp. NPDC046261,99
WP_360845965,gvpO,Unknown,Streptomyces sp. NPDC047108,175
WP_360213129,gvpO,Unknown,Streptomyces sp. NPDC006997,85
WP_358419344,gvpO,Unknown,Rhodococcus sp. NPDC047139,98
WP_357943831,gvpO,Unknown,Nonomuraea sp. NPDC048901,129
WP_357907977,gvpO,Unknown,Nonomuraea muscovyensis,155
WP_357653751,gvpO,Unknown,Nonomuraea sp. NPDC050680,129
WP_357547442,gvpO,Unknown,Pseudonocardia alni,194
WP_357537002,gvpO,Unknown,Polymorphospora sp. NPDC050346,154
WP_357457883,gvpO,Unknown,Pseudonocardia alni,317
WP_357341179,gvpO,Unknown,Nocardioides sp. NPDC047086,132
WP_357232770,gvpO,Unknown,Nocardia sp. NPDC019395,110
WP_356214063,gvpO,Unknown,unclassified Streptomyces,103
WP_355859869,gvpO,Unknown,unclassified Streptomyces,100
WP_355532239,gvpO,Unknown,Embleya sp. NPDC005575,207
WP_355395699,gvpO,Unknown,Streptomyces ossamyceticus,125
WP_355173604,gvpO,Unknown,unclassified Streptomyces,103
WP_350590665,gvpO,Unknown,Pseudonocardia alni,213
WP_350556699,gvpO,Unknown,Dactylosporangium sp. NPDC000555,139
WP_345664281,gvpO,Unknown,Streptomyces venetus,107
WP_344974875,gvpO,Unknown,Streptosporangium fragile,146
WP_344942542,gvpO,Unknown,Actinomadura miaoliensis,98
WP_344775191,gvpO,Unknown,Nocardioides panacisoli,86
WP_344616478,gvpO,Unknown,Dactylosporangium salmoneum,107
WP_344481773,gvpO,Unknown,Nonomuraea monospora,138
WP_337830175,gvpO,Unknown,Pseudonocardia sp. TMWB2A,290
WP_329930264,gvpO,Unknown,Streptomyces sp. SP17BM10,143
WP_326799901,gvpO,Unknown,Streptomyces sp. NBC_01808,112
WP_324782372,gvpO,Unknown,Salipiger marinus,109
WP_324768883,gvpO,Unknown,Streptomyces kunmingensis,109
WP_322526744,gvpO,Unknown,Marinococcus luteus,100
WP_320156905,gvpO,Unknown,Metabacillus indicus,101
WP_318399426,gvpO,Unknown,Plantactinospora sp. KLBMP9567,203
WP_317762670,gvpO,Unknown,Rhodococcus opacus,114
WP_312873571,gvpO,Unknown,Streptosporangium sandarakinum,146
WP_311559820,gvpO,Unknown,Pseudonocardia charpentierae,115
WP_309193706,gvpO,Unknown,Metabacillus idriensis,87
WP_305708540,gvpO,Unknown,Nocardioides sp.,135
WP_282034495,gvpO,Unknown,Metabacillus indicus,100
WP_253753702,gvpO,Unknown,Hamadaea flava,107
WP_249870426,gvpO,Unknown,Oceanobacillus saliphilus,88
WP_245960908,gvpO,Unknown,Sinobaca qinghaiensis,99
WP_230756215,gvpO,Unknown,Actinomycetospora soli,102
WP_223439393,gvpO,Unknown,Metabacillus,87
WP_222967426,gvpO,Unknown,Actinacidiphila acidipaludis,105
WP_216343317,gvpO,Unknown,Streptomyces niphimycinicus,151
WP_206893727,gvpO,Unknown,Bacillus sp. NTK071,88
WP_201877378,gvpO,Unknown,Streptomyces coffeae,103
WP_189110916,gvpO,Unknown,Streptomyces camponoticapitis,106
WP_188273629,gvpO,Unknown,Streptomyces sp. CBMA152,155
WP_184541480,gvpO,Unknown,Streptosporangium becharense,152
WP_172253937,gvpO,Unknown,Bacillus haikouensis,88
WP_168113173,gvpO,Unknown,Planosporangium mesophilum,104
WP_164974640,gvpO,Unknown,Halegenticoccus tardaugens,159
WP_164346175,gvpO,Unknown,Streptomyces sp. SID8111,106
WP_153255151,gvpO,Unknown,Priestia,88
WP_132335308,gvpO,Unknown,Nonomuraea longispora,127
WP_123558730,gvpO,Unknown,Kitasatospora cineracea,172
WP_123107028,gvpO,Unknown,Streptomyces botrytidirepellens,110
WP_121680598,gvpO,Unknown,Falsibacillus albus,88
WP_116176168,gvpO,Unknown,Kutzneria buriramensis,91
WP_110665549,gvpO,Unknown,Streptomyces tateyamensis,183
WP_109525987,gvpO,Unknown,Nocardia aurea,109
WP_106674278,gvpO,Unknown,Streptosporangium nondiastaticum,128
WP_100408002,gvpO,Unknown,Bacillus solitudinis,88
WP_098322229,gvpO,Unknown,Priestia megaterium,88
WP_093252365,gvpO,Unknown,Rubrimonas cliftonensis,112
WP_093171518,gvpO,Unknown,Sinosporangium album,128
WP_084955751,gvpO,Unknown,Thermoactinospora rubra,120
WP_083788288,gvpO,Unknown,Parafrankia,86
WP_076767866,gvpO,Unknown,Domibacillus epiphyticus,88
WP_073729091,gvpO,Unknown,unclassified Streptomyces,105
WP_051022907,gvpO,Unknown,Nocardia pneumoniae,111
WP_048122667,gvpO,Unknown,Methanosarcina vacuolata,98
WP_019378724,gvpO,Unknown,Virgibacillus halodenitrificans,86
WP_011305368,gvpO,Unknown,Methanosarcina barkeri,114
WP_419177277,gvpO,Unknown,Thalassobacillus devorans,94
WP_410630535,gvpO,Unknown,Amycolatopsis sp. cmx-4-83,29
WP_398296101,gvpO,Unknown,Streptomyces sp. NPDC021212,100
WP_398273155,gvpO,Unknown,Streptomyces sp. NPDC021100,123
WP_397142212,gvpO,Unknown,Nonomuraea sp. NPDC049400,120
WP_389976794,gvpO,Unknown,Streptosporangium sp. NPDC000509,154
WP_387227959,gvpO,Unknown,Streptomyces sp. NPDC060366,106
WP_386431335,gvpO,Unknown,Streptomyces polygonati,107
WP_385918631,gvpO,Unknown,Streptomyces uncialis,102
WP_380238001,gvpO,Unknown,Kitasatospora sp. NPDC057198,115
WP_379674141,gvpO,Unknown,Pseudonocardia alni,361
WP_376733405,gvpO,Unknown,Streptomyces broussonetiae,266
WP_376545286,gvpO,Unknown,Streptomyces sp. NPDC056190,69
WP_366737138,gvpO,Unknown,Streptomyces massasporeus,107
WP_366270906,gvpO,Unknown,Terrabacter sp. NPDC080008,154
WP_366167021,gvpO,Unknown,Kitasatospora sp. NPDC085895,212
WP_364823996,gvpO,Unknown,Nocardia xishanensis,112
WP_363902119,gvpO,Unknown,Kutzneria sp. NPDC051319,91
WP_361258293,gvpO,Unknown,unclassified Streptomyces,100
WP_358598414,gvpO,Unknown,Streptomyces massasporeus,107
WP_358574762,gvpO,Unknown,Saccharopolyspora sp. NPDC050642,104
WP_358561522,gvpO,Unknown,unclassified Sphaerisporangium,152
WP_358138595,gvpO,Unknown,Microtetraspora glauca,128
WP_357618370,gvpO,Unknown,Nonomuraea sp. NPDC050786,111
WP_357220082,gvpO,Unknown,Microbispora sp. NPDC046973,144
WP_357208389,gvpO,Unknown,unclassified Nocardia,106
WP_355240045,gvpO,Unknown,Nocardia sp. NPDC004568,109
WP_355001390,gvpO,Unknown,unclassified Nocardia,110
WP_354758208,gvpO,Unknown,Streptomyces albogriseolus,145
WP_339123793,gvpO,Unknown,Pseudonocardia sp. D17,266
WP_330810937,gvpO,Unknown,Streptomyces asiaticus,100
WP_330152927,gvpO,Unknown,Rhodococcus chondri,98
WP_327048433,gvpO,Unknown,Microbispora sp. NBC_01189,110
WP_325672351,gvpO,Unknown,Mycobacterium sp.,107
WP_320587518,gvpO,Unknown,Streptomyces,147
WP_319710863,gvpO,Unknown,Nonomuraea angiospora,123
WP_319632904,gvpO,Unknown,Marinococcus sp. PL1-022,100
WP_312029889,gvpO,Unknown,Actinomycetospora sp. TBRC 11914,415
WP_309049439,gvpO,Unknown,Streptomyces sp.,111
WP_281244179,gvpO,Unknown,Halogranum rubrum,194
WP_275036026,gvpO,Unknown,Priestia aryabhattai,88
WP_256498012,gvpO,Unknown,Sinobaca sp. H24,108
WP_252368604,gvpO,Unknown,Streptomyces hygroscopicus,158
WP_245811811,gvpO,Unknown,Actinophytocola xinjiangensis,95
WP_245035171,gvpO,Unknown,Halobacillus amylolyticus,86
WP_239114508,gvpO,Unknown,Planotetraspora mira,133
WP_228868637,gvpO,Unknown,Streptomyces halstedii,110
WP_205044923,gvpO,Unknown,Actinacidiphila bryophytorum,107
WP_195004674,gvpO,Unknown,Nocardia higoensis,110
WP_190131629,gvpO,Unknown,Streptomyces mashuensis,101
WP_170943321,gvpO,Unknown,Methanosarcina spelaei,116
WP_104509461,gvpO,Unknown,Rhodoblastus sphagnicola,89
WP_087972331,gvpO,Unknown,Oceanobacillus rekensis,88
WP_086699135,gvpO,Unknown,Streptomyces,148
WP_065125548,gvpO,Unknown,Mycobacterium colombiense,108
WP_364112524,gvpO,Unknown,Nonomuraea sp. NPDC049709,133
WP_323467531,gvpO,Unknown,Alkalihalophilus pseudofirmus,86
WP_160763788,gvpO,Unknown,Kangsaoukella pontilimi,102
WP_054248389,gvpO,Unknown,Rhodococcus opacus,96
WP_049665783,gvpO,Unknown,Bacillus sp. FJAT-27231,88
WP_418960853,gvpO,Unknown,Streptomyces tritici,102
WP_407561785,gvpO,Unknown,Streptomyces sp. 184,104
WP_405418524,gvpO,Unknown,Pseudonocardia alni,211
WP_404444695,gvpO,Unknown,Sutcliffiella horikoshii,88
WP_404049439,gvpO,Unknown,Streptomyces uncialis,102
WP_403858744,gvpO,Unknown,Streptomyces sp. NPDC096176,150
WP_401597645,gvpO,Unknown,Streptomyces sp. NPDC091272,109
WP_401426212,gvpO,Unknown,Streptomyces sp. NPDC088789,95
WP_398681053,gvpO,Unknown,Streptomyces hygroscopicus,150
WP_393502202,gvpO,Unknown,Nonomuraea maritima,126
WP_391159484,gvpO,Unknown,Streptomyces californicus,106
WP_390952237,gvpO,Unknown,Streptomyces sp. NPDC008159,125
WP_390636795,gvpO,Unknown,Streptomyces sp. NPDC001255,184
WP_389978876,gvpO,Unknown,Streptomyces sp. NPDC013187,107
WP_389471982,gvpO,Unknown,Streptomyces sp. NPDC012888,123
WP_388033503,gvpO,Unknown,Kitasatospora sp. NPDC001540,219
WP_387339419,gvpO,Unknown,Nocardia amikacinitolerans,108
WP_387086783,gvpO,Unknown,Streptomyces sp. NPDC127098,97
WP_386496510,gvpO,Unknown,Streptosporangium canum,145
WP_386160079,gvpO,Unknown,Streptosporangium vulgare,150
WP_385447329,gvpO,Unknown,Streptomyces sp. NPDC059850,110
WP_384993562,gvpO,Unknown,Streptomyces sp. NPDC059096,109
WP_384162967,gvpO,Unknown,Streptomyces sp. NPDC057424,107
WP_381428144,gvpO,Unknown,Streptomyces massasporeus,107
WP_379430325,gvpO,Unknown,Nocardia sp. NPDC059228,111
WP_369776530,gvpO,Unknown,Streptomyces sp. R33,124
WP_369636375,gvpO,Unknown,Nocardia sp. JMUB6875,117
WP_366229379,gvpO,Unknown,Dactylosporangium sp. NPDC051484,147
WP_364934056,gvpO,Unknown,Nonomuraea fuscirosea,151
WP_364476000,gvpO,Unknown,Nocardia vinacea,108
WP_363777425,gvpO,Unknown,Micromonospora echinaurantiaca,123
WP_363533056,gvpO,Unknown,Dactylosporangium sp. NPDC049525,143
WP_363087935,gvpO,Unknown,unclassified Streptomyces,107
WP_361715564,gvpO,Unknown,Streptomyces sp. NPDC044571,103
WP_360705808,gvpO,Unknown,Actinomadura sp. NPDC047616,98
WP_360593968,gvpO,Unknown,Streptomyces sp. NPDC012461,106
WP_360500281,gvpO,Unknown,Kitasatospora sp. NPDC048343,213
WP_359146765,gvpO,Unknown,Streptomyces collinus,107
WP_358541830,gvpO,Unknown,unclassified Nonomuraea,129
WP_358365078,gvpO,Unknown,Streptodolium elevatio,67
WP_358344294,gvpO,Unknown,Streptomyces morookaense,92
WP_357632504,gvpO,Unknown,unclassified Nonomuraea,179
WP_357262381,gvpO,Unknown,Microbispora bryophytorum,153
WP_354824607,gvpO,Unknown,Amycolatopsis sp. NPDC004625,95
WP_347699529,gvpO,Unknown,Nonomuraea sp. B12E4,194
WP_347548460,gvpO,Unknown,Guptibacillus hwajinpoensis,90
WP_345459772,gvpO,Unknown,Actinoallomurus oryzae,102
WP_344891053,gvpO,Unknown,Actinomadura meridiana,86
WP_344509643,gvpO,Unknown,Dactylosporangium,106
WP_344187712,gvpO,Unknown,Kribbella karoonensis,162
WP_344043965,gvpO,Unknown,Nocardioides panacihumi,183
WP_336013293,gvpO,Unknown,Streptomyces sp. KLMMK,106
WP_335570559,gvpO,Unknown,Priestia megaterium,88
WP_332698348,gvpO,Unknown,Halalkalibacter lacteus,88
WP_332694797,gvpO,Unknown,Halalkalibacter lacteus,87
WP_331214267,gvpO,Unknown,Plantactinospora sonchi,172
WP_328234884,gvpO,Unknown,Priestia megaterium,88
WP_327608073,gvpO,Unknown,Virgibacillus tibetensis,88
WP_327000065,gvpO,Unknown,Dactylosporangium sp. NBC_01737,118
WP_325672342,gvpO,Unknown,Mycobacterium sp.,119
WP_317947952,gvpO,Unknown,Rossellomorea marisflavi,88
WP_307862630,gvpO,Unknown,Pseudonocardia parietis,417
WP_279786097,gvpO,Unknown,Sphaerisporangium sp. TRM90804,164
WP_278002482,gvpO,Unknown,Halocatena marina,189
WP_275558633,gvpO,Unknown,Streptomyces sp. 5-6(2022),153
WP_274200861,gvpO,Unknown,Actinomycetospora lemnae,474
WP_268974059,gvpO,Unknown,Streptomyces,103
WP_267623159,gvpO,Unknown,Halobium salinum,217
WP_265565219,gvpO,Unknown,Streptomyces hygroscopicus,114
WP_252369983,gvpO,Unknown,Streptomyces hygroscopicus,181
WP_243407336,gvpO,Unknown,Frankia canadensis,81
WP_236866520,gvpO,Unknown,Brevibacterium daeguense,277
WP_231183143,gvpO,Unknown,Haladaptatus sp. DYF46,147
WP_227380741,gvpO,Unknown,Haladaptatus halobius,141
WP_223521868,gvpO,Unknown,Nocardia,98
WP_214644615,gvpO,Unknown,Nonomuraea sp. NEAU-A123,133
WP_213698159,gvpO,Unknown,Acetomicrobium sp.,84
WP_212604239,gvpO,Unknown,Sporosarcina sp. Marseille-Q4063,88
WP_206857651,gvpO,Unknown,Bacillus sp. NTK074B,88
WP_204544279,gvpO,Unknown,Peribacillus deserti,88
WP_203329398,gvpO,Unknown,Rhodococcus,105
WP_191065218,gvpO,Unknown,Streptomyces,100
WP_190079464,gvpO,Unknown,Streptomyces longisporoflavus,106
WP_190024543,gvpO,Unknown,Streptomyces hiroshimensis,106
WP_189232741,gvpO,Unknown,Streptomyces,105
WP_189023529,gvpO,Unknown,Nocardia rhizosphaerihabitans,111
WP_176178936,gvpO,Unknown,Streptomyces sp. NA02950,147
WP_173918087,gvpO,Unknown,Halobacillus sp. Marseille-Q1614,87
WP_167742170,gvpO,Unknown,Streptomyces,148
WP_160693722,gvpO,Unknown,Amycolatopsis sp. SID8362,98
WP_160502568,gvpO,Unknown,Streptomyces sp. BA2,109
WP_158737365,gvpO,Unknown,Alteribacillus sp. YIM 98480,90
WP_158547431,gvpO,Unknown,Rhodovulum sp. 12E13,86
WP_144543763,gvpO,Unknown,Cytobacillus oceanisediminis,88
WP_134218554,gvpO,Unknown,Pelotomaculum sp. FP,97
WP_132159826,gvpO,Unknown,Actinomadura sp. 7K507,86
WP_131156877,gvpO,Unknown,Egibacter rhizosphaerae,171
WP_128525921,gvpO,Unknown,Halobacillus litoralis,86
WP_125819712,gvpO,Unknown,Streptomyces,103
WP_117327638,gvpO,Unknown,Peribacillus saganii,88
WP_114722800,gvpO,Unknown,unclassified Rhodococcus (in: high G+C Gram-positive bacteria),99
WP_099283616,gvpO,Unknown,unclassified Streptomyces,102
WP_093701110,gvpO,Unknown,Streptomyces sp. MnatMP-M27,123
WP_079252243,gvpO,Unknown,Streptomyces,100
WP_076187535,gvpO,Unknown,Mycobacterium colombiense,107
WP_067714181,gvpO,Unknown,Nocardia yamanashiensis,96
WP_064098145,gvpO,Unknown,Sutcliffiella horikoshii,88
WP_053590912,gvpO,Unknown,Bacillaceae,88
WP_049898791,gvpO,Unknown,Halococcus agarilyticus,176
WP_040862694,gvpO,Unknown,Nocardia niigatensis,111
WP_040614342,gvpO,Unknown,Teichococcus cervicalis,85
WP_036578417,gvpO,Unknown,Oceanobacillus,85
WP_404232030,gvpO,Unknown,unclassified Streptomyces,124
WP_401484343,gvpO,Unknown,Streptomyces sp. NPDC091377,95
WP_399530628,gvpO,Unknown,Streptosporangium amethystogenes,150
WP_398978707,gvpO,Unknown,Streptomyces sp. NPDC051217,106
WP_397674872,gvpO,Unknown,Streptomyces hygroscopicus,181
WP_393203009,gvpO,Unknown,Nonomuraea sp. NPDC049309,136
WP_393084782,gvpO,Unknown,Micromonospora sp. NPDC047740,147
WP_391535203,gvpO,Unknown,Kitasatospora sp. NPDC008115,153
WP_389921171,gvpO,Unknown,Streptosporangium sp. NPDC002721,153
WP_386055069,gvpO,Unknown,Streptomyces werraensis,148
WP_380315565,gvpO,Unknown,Kitasatospora phosalacinea,168
WP_378194295,gvpO,Unknown,Amycolatopsis plumensis,144
WP_378023951,gvpO,Unknown,Actinomycetospora rhizophila,439
WP_375047741,gvpO,Unknown,Actinomadura sp. NTSP31,87
WP_367482721,gvpO,Unknown,Streptomyces halstedii,110
WP_364334001,gvpO,Unknown,Nocardia sp. NPDC051787,110
WP_364284977,gvpO,Unknown,Amycolatopsis sp. NPDC051102,109
WP_363395281,gvpO,Unknown,Dactylosporangium sp. NPDC049742,106
WP_363227940,gvpO,Unknown,Streptomyces sp. NPDC050617,100
WP_362437440,gvpO,Unknown,Streptomyces sp. NPDC048636,145
WP_362080063,gvpO,Unknown,Streptomyces sp. NPDC026206,99
WP_361421316,gvpO,Unknown,Streptomyces sp. NPDC047453,72
WP_361087301,gvpO,Unknown,Streptomyces sp. NPDC047718,124
WP_358630613,gvpO,Unknown,Streptomyces sp. NPDC005962,160
WP_357446596,gvpO,Unknown,Micromonospora sp. NPDC047738,147
WP_357402485,gvpO,Unknown,Nocardia xishanensis,110
WP_351235344,gvpO,Unknown,Streptomyces sp. NPDC001795,123
WP_350617624,gvpO,Unknown,Dactylosporangium sp. NPDC000244,109
WP_347583105,gvpO,Unknown,Streptomyces sp. B5E4,112
WP_346107549,gvpO,Unknown,Pseudonocardia alni,151
WP_344628376,gvpO,Unknown,Kitasatospora arboriphila,221
WP_344582648,gvpO,Unknown,Nonomuraea roseoviolacea,187
WP_344465045,gvpO,Unknown,Streptomyces hawaiiensis,107
WP_344224015,gvpO,Unknown,Kocuria atrinae,137
WP_341982154,gvpO,Unknown,Rossellomorea oryzaecorticis,88
WP_318637553,gvpO,Unknown,Methanosarcina sp.,116
WP_318215849,gvpO,Unknown,Streptomyces,105
WP_311615005,gvpO,Unknown,Streptomyces johnsoniae,94
WP_307830607,gvpO,Unknown,Lentzea nigeriaca,113
WP_306932393,gvpO,Unknown,Streptomyces luteogriseus,107
WP_304580215,gvpO,Unknown,Pseudonocardia,341
WP_280473764,gvpO,Unknown,Nocardia asiatica,98
WP_278028184,gvpO,Unknown,Roseicyclus salinarum,101
WP_274195837,gvpO,Unknown,Actinomycetospora callitridis,134
WP_273831845,gvpO,Unknown,Guptibacillus sedimenti,88
WP_270180320,gvpO,Unknown,Alkalihalobacillus sp. CinArs1,88
WP_253752120,gvpO,Unknown,Nonomuraea thailandensis,98
WP_242903577,gvpO,Unknown,Actinomadura terrae,87
WP_230051153,gvpO,Unknown,Kitasatospora humi,225
WP_224336988,gvpO,Unknown,Haloprofundus halobius,105
WP_223301941,gvpO,Unknown,Haladaptatus sp. R4,159
WP_220239675,gvpO,Unknown,unclassified Amycolatopsis,109
WP_219533991,gvpO,Unknown,Nonomuraea guangzhouensis,133
WP_217140342,gvpO,Unknown,Streptomyces sp. AC627_RSS907,110
WP_207621038,gvpO,Unknown,Streptosporangium minutum,143
WP_206785362,gvpO,Unknown,Amycolatopsis sp. MtRt-6,114
WP_204026005,gvpO,Unknown,Sinosporangium siamense,126
WP_204018771,gvpO,Unknown,Sphaerimonospora thailandensis,129
WP_201877992,gvpO,Unknown,Streptomyces coffeae,143
WP_198167142,gvpO,Unknown,Microbispora sp. ATCC PTA-5024,154
WP_187351938,gvpO,Unknown,Allosaccharopolyspora coralli,116
WP_185945006,gvpO,Unknown,Streptomyces,126
WP_167505203,gvpO,Unknown,Streptomyces malaysiensis,129
WP_156215924,gvpO,Unknown,Actinomadura,85
WP_155070049,gvpO,Unknown,Streptomyces taklimakanensis,106
WP_147106456,gvpO,Unknown,Pseudonocardia sulfidoxydans,204
WP_133377283,gvpO,Unknown,Jeotgalibacillus sp. S-D1,94
WP_122191164,gvpO,Unknown,Nocardia stercoris,111
WP_116287803,gvpO,Unknown,Parafrankia colletiae,101
WP_094525165,gvpO,Unknown,Halorubrum sp. Eb13,189
WP_079318975,gvpO,Unknown,Microbispora sp. GKU 823,144
WP_079184769,gvpO,Unknown,Streptomyces uncialis,102
WP_062336523,gvpO,Unknown,Herbidospora,85
WP_018503862,gvpO,Unknown,Parafrankia discariae,86
WP_004558523,gvpO,Unknown,Amycolatopsis vancoresmycina,109
WP_418608236,gvpO,Unknown,Georgenia sp. SUBG003,26
WP_406397441,gvpO,Unknown,Streptomyces sp. NBC_00879,132
WP_406277784,gvpO,Unknown,Streptomyces sp. NBC_00191,132
WP_406238637,gvpO,Unknown,Nocardia sp. NBC_01009,111
WP_403640712,gvpO,Unknown,Streptomyces sp. NPDC101219,106
WP_397227462,gvpO,Unknown,Nonomuraea sp. NPDC050451,123
WP_390793832,gvpO,Unknown,unclassified Streptomyces,100
WP_387571056,gvpO,Unknown,Streptomyces abikoensis,161
WP_383149646,gvpO,Unknown,Streptomyces sp. NPDC056697,141
WP_381864795,gvpO,Unknown,Streptomyces antimycoticus,103
WP_378682900,gvpO,Unknown,Rhodococcus koreensis,92
WP_378054972,gvpO,Unknown,Actinophytocola glycyrrhizae,113
WP_374195755,gvpO,Unknown,unclassified Streptomyces,103
WP_373680808,gvpO,Unknown,Egicoccus sp. AB-alg2,204
WP_372960233,gvpO,Unknown,Methanoregula sp.,102
WP_364898681,gvpO,Unknown,Streptomyces nondiastaticus,121
WP_363920582,gvpO,Unknown,Sphaerisporangium sp. NPDC088356,155
WP_363346972,gvpO,Unknown,Dactylosporangium sp. NPDC051485,108
WP_362850494,gvpO,Unknown,Streptosporangium sp. NPDC023825,148
WP_359234988,gvpO,Unknown,Streptomyces avermitilis,106
WP_359090507,gvpO,Unknown,Streptomyces smyrnaeus,97
WP_358626379,gvpO,Unknown,Streptomyces sp. NPDC005962,100
WP_358033165,gvpO,Unknown,Nonomuraea sp. NPDC026600,141
WP_357675911,gvpO,Unknown,Nonomuraea dietziae,113
WP_357457583,gvpO,Unknown,Nocardia sp. NPDC050793,111
WP_357334315,gvpO,Unknown,Micromonospora sp. NPDC023966,115
WP_357028152,gvpO,Unknown,Microbispora bryophytorum,148
WP_355190575,gvpO,Unknown,Nonomuraea sp. NPDC003709,105
WP_355024753,gvpO,Unknown,Micromonospora taraxaci,110
WP_351886880,gvpO,Unknown,unclassified Streptomyces,103
WP_348605326,gvpO,Unknown,Prescottella soli,108
WP_347778293,gvpO,Unknown,Nonomuraea sp. B5E05,137
WP_345332568,gvpO,Unknown,Actinomycetospora chibensis,388
WP_344260357,gvpO,Unknown,Streptomyces sodiiphilus,111
WP_341271988,gvpO,Unknown,Parafrankia irregularis,153
WP_324984074,gvpO,Unknown,Streptomyces sp.,131
WP_324851365,gvpO,Unknown,Actinocrinis sp.,100
WP_320237963,gvpO,Unknown,Cognatiyoonia sp. IB215182,102
WP_319993801,gvpO,Unknown,Micromonospora sp. DR5-3,204
WP_309302915,gvpO,Unknown,Streptomyces sp. PT12,175
WP_308818522,gvpO,Unknown,Pseudonocardia alni,196
WP_308717687,gvpO,Unknown,Phytohabitans maris,93
WP_301178212,gvpO,Unknown,Actinomadura,86
WP_295855289,gvpO,Unknown,Tardiphaga sp.,85
WP_280507779,gvpO,Unknown,Nocardia flavorosea,99
WP_280463677,gvpO,Unknown,Nocardia,99
WP_276835642,gvpO,Unknown,Methanothrix,92
WP_252784628,gvpO,Unknown,Actinoallomurus rhizosphaericola,146
WP_247995706,gvpO,Unknown,Halocatena salina,184
WP_241383615,gvpO,Unknown,Rhodococcus sp. CH91,98
WP_237321931,gvpO,Unknown,Streptomyces sp. JJ36,123
WP_226071235,gvpO,Unknown,Streptomyces marincola,99
WP_223838414,gvpO,Unknown,Saccharopolyspora pogona,149
WP_211362249,gvpO,Unknown,Pseudonocardia cypriaca,156
WP_210571006,gvpO,Unknown,Streptomyces sp. GESEQ-4,96
WP_209240194,gvpO,Unknown,Streptomyces oryzae,100
WP_203662417,gvpO,Unknown,Actinocatenispora rupis,131
WP_195091647,gvpO,Unknown,Nocardia beijingensis,110
WP_195081955,gvpO,Unknown,Nocardia,107
WP_188522846,gvpO,Unknown,Isoptericola cucumis,146
WP_154973792,gvpO,Unknown,Priestia megaterium,88
WP_154306362,gvpO,Unknown,Metabacillus lacus,88
WP_143924515,gvpO,Unknown,Brevibacterium aurantiacum,174
WP_143618468,gvpO,Unknown,Streptomyces alkaliphilus,97
WP_138665246,gvpO,Unknown,Nonomuraea turkmeniaca,109
WP_131945286,gvpO,Unknown,Actinomadura bangladeshensis,86
WP_123819589,gvpO,Unknown,Kitasatospora cineracea,173
WP_098848626,gvpO,Unknown,Bacillus sp. AFS055030,86
WP_098809849,gvpO,Unknown,Bacillus sp. AFS041924,86
WP_076429435,gvpO,Unknown,Haladaptatus litoreus,144
WP_071620634,gvpO,Unknown,Rossellomorea aquimaris,88
WP_052504977,gvpO,Unknown,Enteractinococcus helveticum,139
WP_411216944,gvpO,Unknown,Terribacillus saccharophilus,90
WP_405537789,gvpO,Unknown,Streptomyces antimycoticus,100
WP_403595036,gvpO,Unknown,Streptomyces sp. NPDC093795,106
WP_401174982,gvpO,Unknown,Streptomyces sp. NPDC091268,113
WP_399388762,gvpO,Unknown,unclassified Streptomyces,109
WP_398294134,gvpO,Unknown,Streptomyces sp. NPDC021212,111
WP_396527160,gvpO,Unknown,Kutzneria sp. NPDC052558,91
WP_393071367,gvpO,Unknown,Kitasatospora sp. NPDC048365,165
WP_392904220,gvpO,Unknown,unclassified Spirillospora,86
WP_389174411,gvpO,Unknown,Streptomyces sp. NPDC003035,105
WP_388628395,gvpO,Unknown,Streptomyces nondiastaticus,124
WP_386622268,gvpO,Unknown,Streptomyces parvulus,105
WP_382636802,gvpO,Unknown,unclassified Streptomyces,102
WP_381191372,gvpO,Unknown,Streptomyces maoxianensis,199
WP_380968934,gvpO,Unknown,Streptomyces collinus,133
WP_376905820,gvpO,Unknown,Brevibacterium sediminis,164
WP_375535660,gvpO,Unknown,Alteribacillus sp. HJP-4,160
WP_371780838,gvpO,Unknown,Streptosporangium subroseum,139
WP_370400188,gvpO,Unknown,Sulfitobacter rhodophyticola,104
WP_367540535,gvpO,Unknown,Terribacillus saccharophilus,90
WP_364844361,gvpO,Unknown,Nonomuraea angiospora,123
WP_364259461,gvpO,Unknown,Streptosporangium subroseum,136
WP_364243248,gvpO,Unknown,Nonomuraea sp. NPDC052116,105
WP_361909876,gvpO,Unknown,unclassified Streptomyces,132
WP_361766919,gvpO,Unknown,Streptomyces subrutilus,103
WP_361684977,gvpO,Unknown,Streptomyces sp. NPDC046727,123
WP_361607899,gvpO,Unknown,unclassified Streptomyces,102
WP_360662393,gvpO,Unknown,Nonomuraea sp. NPDC050404,120
WP_360147690,gvpO,Unknown,Kribbella sp. NPDC026611,160
WP_358129030,gvpO,Unknown,Nonomuraea sp. NPDC049152,109
WP_357055927,gvpO,Unknown,Micromonospora sp. NPDC048909,116
WP_357047234,gvpO,Unknown,Microbispora sp. NPDC046933,144
WP_356960759,gvpO,Unknown,unclassified Nocardia,107
WP_355594042,gvpO,Unknown,Streptosporangium sp. NPDC006007,159
WP_355577178,gvpO,Unknown,Streptosporangium canum,146
WP_355526816,gvpO,Unknown,Streptosporangium canum,145
WP_355455052,gvpO,Unknown,Streptomyces smyrnaeus,97
WP_355407728,gvpO,Unknown,unclassified Streptomyces,110
WP_352037233,gvpO,Unknown,Streptosporangium roseum,144
WP_350246699,gvpO,Unknown,Rhodococcus sp. D-6,98
WP_331559981,gvpO,Unknown,Actinomycetospora sp.,372
WP_326312030,gvpO,Unknown,Nocardia sp. CDC153,111
WP_323337066,gvpO,Unknown,Cereibacter johrii,103
WP_319687590,gvpO,Unknown,Streptomyces sp. ME19-01-6,103
WP_316572696,gvpO,Unknown,Neobacillus sp. YIM B06451,86
WP_312867790,gvpO,Unknown,Amycolatopsis pithecellobii,107
WP_298784748,gvpO,Unknown,uncultured Marinococcus sp.,145
WP_286090949,gvpO,Unknown,Streptomyces antimycoticus,103
WP_286090112,gvpO,Unknown,Streptomyces antimycoticus,146
WP_285921404,gvpO,Unknown,Actinomadura opuntiae,86
WP_285652782,gvpO,Unknown,Actinomycetospora sp. NBRC 106375,480
WP_268987134,gvpO,Unknown,Streptomyces hygroscopicus,189
WP_266263173,gvpO,Unknown,Micromonospora sp. NBC_01655,90
WP_243653793,gvpO,Unknown,Pseudonocardia endophytica,217
WP_242373766,gvpO,Unknown,Actinomadura luzonensis,103
WP_242322866,gvpO,Unknown,Rhodococcus opacus,130
WP_240473356,gvpO,Unknown,Salsuginibacillus kocurii,93
WP_239162089,gvpO,Unknown,Acrocarpospora phusangensis,108
WP_239116261,gvpO,Unknown,Planotetraspora kaengkrachanensis,131
WP_237663391,gvpO,Unknown,Sutcliffiella horikoshii,88
WP_237320103,gvpO,Unknown,Streptomyces sp. JJ36,100
WP_236238996,gvpO,Unknown,Streptomyces sp. CC228A,87
WP_235787196,gvpO,Unknown,Streptomyces mutabilis,105
WP_235346524,gvpO,Unknown,Brevibacterium sp. UCMA 11754,159
WP_234749678,gvpO,Unknown,Streptomyces,107
WP_234322650,gvpO,Unknown,Streptomyces sp. NRRL S-350,204
WP_232240620,gvpO,Unknown,Kutzneria sp. 744,91
WP_230897233,gvpO,Unknown,Salipaludibacillus sp. CUR1,91
WP_229872738,gvpO,Unknown,Promicromonospora soli,160
WP_229810989,gvpO,Unknown,Streptosporangium pseudovulgare,153
WP_224391825,gvpO,Unknown,Pseudonocardia sp. ICBG1293,436
WP_222981886,gvpO,Unknown,Streptantibioticus parmotrematis,103
WP_215019958,gvpO,Unknown,Streptomyces sp. ISL-94,102
WP_208269274,gvpO,Unknown,Actinomadura nitritigenes,86
WP_206206833,gvpO,Unknown,Thermobispora bispora,143
WP_205314978,gvpO,Unknown,Nonomuraea lactucae,147
WP_204729209,gvpO,Unknown,Jeotgalibacillus terrae,88
WP_199584049,gvpO,Unknown,Streptomyces sp. DSM 110735,102
WP_197012299,gvpO,Unknown,Actinomadura viridis,88
WP_176406765,gvpO,Unknown,Actinomadura sp. BRA 177,86
WP_176236774,gvpO,Unknown,Candidatus Hakubella thermalkaliphila,51
WP_176230945,gvpO,Unknown,Candidatus Hakubella thermalkaliphila,89
WP_176183741,gvpO,Unknown,Streptomyces sp. NA02950,103
WP_169981625,gvpO,Unknown,Microbispora sp. H10836,144
WP_160913459,gvpO,Unknown,Halobacillus litoralis,86
WP_160702412,gvpO,Unknown,Amycolatopsis sp. SID8362,109
WP_156689894,gvpO,Unknown,Mycobacterium sp. Marseille-P9652,108
WP_139577520,gvpO,Unknown,Microbispora catharanthi,146
WP_133853052,gvpO,Unknown,Labedaea rhizosphaerae,116
WP_133313393,gvpO,Unknown,Peribacillus frigoritolerans,87
WP_132594277,gvpO,Unknown,Nonomuraea deserti,143
WP_129689501,gvpO,Unknown,Gottfriedia acidiceleris,86
WP_121524051,gvpO,Unknown,Oceanobacillus piezotolerans,88
WP_112284988,gvpO,Unknown,Prauserella muralis,106
WP_109454767,gvpO,Unknown,Streptomyces sp. ICBB 8177,103
WP_109280767,gvpO,Unknown,Streptomyces orinoci,100
WP_101952925,gvpO,Unknown,Mycobacterium sp. 3519A,100
WP_100358509,gvpO,Unknown,Gracilibacillus salitolerans,88
WP_098483487,gvpO,Unknown,Georgenia soli,286
WP_091531697,gvpO,Unknown,Microlunatus soli,106
WP_079526329,gvpO,Unknown,Halobacillus hunanensis,86
WP_079137410,gvpO,Unknown,Streptomyces,117
WP_078596768,gvpO,Unknown,Evansella clarkii,90
WP_067886337,gvpO,Unknown,Actinomadura chibensis,86
WP_066999781,gvpO,Unknown,Mycobacterium sp. 1465703.0,107
WP_066205552,gvpO,Unknown,Bacillus sp. FJAT-27225,87
WP_064092053,gvpO,Unknown,Rossellomorea aquimaris,88
WP_062982487,gvpO,Unknown,Nocardia anaemiae,108
WP_051182559,gvpO,Unknown,Nocardia vinacea,108
WP_051046856,gvpO,Unknown,Nocardia asiatica,98
WP_048819995,gvpO,Unknown,Streptomyces ipomoeae,95
WP_048109061,gvpO,Unknown,Methanosarcina barkeri,116
WP_048004758,gvpO,Unknown,Rossellomorea,88
WP_047808700,gvpO,Unknown,Desulfosporosinus,91
WP_398846618,gvpO,Unknown,Streptomyces sp. NPDC049879,114
WP_398678660,gvpO,Unknown,Streptomyces purpureus,106
WP_297645238,gvpO,Unknown,Pseudonocardia sp.,94
WP_296388578,gvpO,Unknown,Pseudonocardia sp.,282
WP_289524480,gvpO,Unknown,Priestia megaterium,88
WP_289381776,gvpO,Unknown,Rhodococcus indonesiensis,113
WP_288049525,gvpO,Unknown,Nocardia sp.,89
WP_285784159,gvpO,Unknown,Microbispora sp. NBRC 16548,148
WP_285779606,gvpO,Unknown,Microtetraspora sp. NBRC 13810,123
WP_285738536,gvpO,Unknown,Kitasatospora phosalacinea,222
WP_285693823,gvpO,Unknown,Actinomadura sp. NBRC 104412,97
WP_285458978,gvpO,Unknown,Amycolatopsis nalaikhensis,113
WP_285457888,gvpO,Unknown,Amycolatopsis nalaikhensis,109
WP_253905449,gvpO,Unknown,Bacillus sp. THAF10,86
WP_253905092,gvpO,Unknown,Arthrobacter sp. H14,76
WP_253815044,gvpO,Unknown,Nocardia amikacinitolerans,108
WP_243418088,gvpO,Unknown,Actinomycetospora cinnamomea,328
WP_227961259,gvpO,Unknown,Streptomyces,103
WP_227723972,gvpO,Unknown,Streptomyces sp. ET3-23,92
WP_227354243,gvpO,Unknown,Haladaptatus salinisoli,138
WP_225662750,gvpO,Unknown,Streptomyces sichuanensis,105
WP_225657409,gvpO,Unknown,Streptomyces pseudogriseolus,168
WP_197991382,gvpO,Unknown,Streptomyces pactum,100
WP_031517809,gvpO,Unknown,Streptomyces sp. NRRL F-5123,107
WP_031111471,gvpO,Unknown,Streptomyces sp. NRRL S-146,107
WP_030886801,gvpO,Unknown,Streptomyces varsoviensis,101
WP_030851244,gvpO,Unknown,Streptomyces,107
WP_030833149,gvpO,Unknown,Streptomyces,100
WP_030822203,gvpO,Unknown,Streptomyces,103
WP_030452768,gvpO,Unknown,Herbidospora,85
WP_030294974,gvpO,Unknown,Streptomyces katrae,103
WP_027955010,gvpO,Unknown,Halobacillus,86
WP_026694726,gvpO,Unknown,Peribacillus kribbensis,88
WP_025360019,gvpO,Unknown,Kutzneria,95
WP_024874170,gvpO,Unknown,Saccharomonospora piscinae,90
WP_024336589,gvpO,Unknown,Desulfotignum balticum,87
WP_023917067,gvpO,Unknown,Rhodobacter capsulatus,127
WP_023915144,gvpO,Unknown,Rhodobacter capsulatus,125
WP_022871171,gvpO,Unknown,Yaniella halotolerans,145
WP_022794404,gvpO,Unknown,Marinococcus halotolerans,207
WP_416561969,gvpO,Unknown,Nocardia testacea,109
WP_398374105,gvpO,Unknown,Streptomyces sp. NPDC021225,128
WP_398316909,gvpO,Unknown,unclassified Streptomyces,100
WP_398296755,gvpO,Unknown,Streptomyces sp. NPDC021212,138
WP_397222112,gvpO,Unknown,Nonomuraea sp. NPDC050451,104
WP_397171839,gvpO,Unknown,Nonomuraea angiospora,123
WP_397114329,gvpO,Unknown,Nocardia sp. NPDC050406,98
WP_397107199,gvpO,Unknown,Nocardia sp. NPDC051750,108
WP_397045718,gvpO,Unknown,Nocardia sp. NPDC049526,108
WP_397019776,gvpO,Unknown,Nonomuraea fuscirosea,151
WP_395973517,gvpO,Unknown,Actinomadura sp. 1N219,86
WP_395954938,gvpO,Unknown,Actinomadura sp. 3N508,86
WP_395287019,gvpO,Unknown,Georgenia sp. AZ-5,277
WP_395107164,gvpO,Unknown,Actinomadura sp. SCN-SB,98
WP_394493071,gvpO,Unknown,Nonomuraea sp. JJY05,104
WP_393495058,gvpO,Unknown,Streptomyces sp. NPDC048595,111
WP_393413076,gvpO,Unknown,Nonomuraea sp. NPDC048826,115
WP_393349272,gvpO,Unknown,Micromonospora echinaurantiaca,123
WP_393325405,gvpO,Unknown,Nonomuraea sp. NPDC049269,133
WP_390999985,gvpO,Unknown,Streptomyces sp. NPDC007984,104
WP_390751004,gvpO,Unknown,Streptomyces sp. NPDC001407,106
WP_390251827,gvpO,Unknown,Gracilibacillus xinjiangensis,88
WP_389456340,gvpO,Unknown,Streptomyces sp. NPDC058274,106
WP_388586449,gvpO,Unknown,Streptomyces sp. NPDC007875,140
WP_312926852,gvpO,Unknown,Thermocatellispora tengchongensis,100
WP_312859505,gvpO,Unknown,Pseudonocardia xinjiangensis,165
WP_311596027,gvpO,Unknown,Streptomyces millisiae,97
WP_310711695,gvpO,Unknown,Nonomuraea sp. 3-1Str,176
WP_309192109,gvpO,Unknown,Metabacillus idriensis,85
WP_308259110,gvpO,Unknown,Pseudonocardia sp. H11422,128
WP_308253086,gvpO,Unknown,Pseudonocardia sp. ICBG601,297
WP_308218185,gvpO,Unknown,Streptomyces,181
WP_307725195,gvpO,Unknown,Marinococcus halophilus,104
WP_307563420,gvpO,Unknown,Streptosporangium lutulentum,138
WP_307439248,gvpO,Unknown,Bacillus sp. V2I10,87
WP_307394736,gvpO,Unknown,Caldalkalibacillus horti,95
WP_306994528,gvpO,Unknown,Amycolatopsis thermophila,96
WP_304839641,gvpO,Unknown,Methanocalculus sp.,90
WP_253936201,gvpO,Unknown,Halobacillus,87
WP_253226114,gvpO,Unknown,unclassified Haladaptatus,144
WP_251784774,gvpO,Unknown,Pseudonocardia sp. DR1-2,272
WP_251273922,gvpO,Unknown,Domibacillus indicus,87
WP_251224773,gvpO,Unknown,Halalkalibacter oceani,86
WP_250847457,gvpO,Unknown,Streptomyces hygroscopicus,160
WP_250761543,gvpO,Unknown,unclassified Streptomyces,106
WP_248961562,gvpO,Unknown,Sphaerisporangium perillae,168
WP_248832590,gvpO,Unknown,Frankia sp. Mgl5,86
WP_247249858,gvpO,Unknown,Rhodococcus opacus,114
WP_247225153,gvpO,Unknown,Yoonia sp. F2084L,102
WP_247017660,gvpO,Unknown,Amycolatopsis sp. FBCC-B4732,45
WP_245893920,gvpO,Unknown,Salsuginibacillus halophilus,93
WP_184385037,gvpO,Unknown,Roseococcus,84
WP_182900592,gvpO,Unknown,Microbispora sp. H10830,148
WP_181585087,gvpO,Unknown,Nocardia huaxiensis,103
WP_179848991,gvpO,Unknown,Actinomadura,85
WP_179669732,gvpO,Unknown,Nocardioides thalensis,85
WP_167923214,gvpO,Unknown,Planosporangium thailandense,104
WP_164338042,gvpO,Unknown,unclassified Streptomyces,156
WP_035542540,gvpO,Unknown,Halobacillus sp. BBL2006,91
WP_035506197,gvpO,Unknown,Halobacillus karajensis,86
WP_035412425,gvpO,Unknown,Bacillaceae,88
WP_035410052,gvpO,Unknown,Bacillus sp. SJS,85
WP_413810335,gvpO,Unknown,Streptomyces lacaronensis,100
WP_413100445,gvpO,Unknown,Streptomyces sp. Inha503,100
WP_412829431,gvpO,Unknown,Pseudonocardia sp. RS010,183
WP_411077554,gvpO,Unknown,Streptomyces sp. cmx-10-25,106
WP_410949449,gvpO,Unknown,Pseudonocardia nantongensis,330
WP_407946821,gvpO,Unknown,Pontibacillus marinus,83
WP_235793510,gvpO,Unknown,Virgibacillus salidurans,86
WP_235740490,gvpO,Unknown,Neobacillus drentensis,85
WP_235483135,gvpO,Unknown,Streptomyces roseoverticillatus,122
WP_235002344,gvpO,Unknown,Actinacidiphila paucisporea,119
WP_234337339,gvpO,Unknown,Kitasatospora phosalacinea,167
WP_183659398,gvpO,Unknown,Nonomuraea,112
WP_182667056,gvpO,Unknown,Streptomyces calidiresistens,97
WP_182625105,gvpO,Unknown,Rhodococcus opacus,114
WP_182471033,gvpO,Unknown,Streptomyces,100
WP_181949545,gvpO,Unknown,Thalassobacillus devorans,94
WP_181348167,gvpO,Unknown,Thalassobacillus sp. CUG 92003,86
WP_119003727,gvpO,Unknown,Cereibacter sphaeroides,102
WP_117409906,gvpO,Unknown,Microbispora,110
WP_111179884,gvpO,Unknown,Nonomuraea aridisoli,143
WP_107584480,gvpO,Unknown,Alkalicoccus saliphilus,92
WP_107262949,gvpO,Unknown,Plantactinospora sp. BB1,208
WP_106540031,gvpO,Unknown,Haloactinopolyspora alba,97
WP_105424068,gvpO,Unknown,Rhodococcus opacus,92
WP_105423132,gvpO,Unknown,Rhodococcus opacus,96
WP_105344990,gvpO,Unknown,Mycobacterium sp. ITM-2016-00318,107
WP_102865630,gvpO,Unknown,Streptomyces hygroscopicus,191
WP_030520255,gvpO,Unknown,Nocardia,109
WP_029285681,gvpO,Unknown,Metabacillus,87
WP_016931791,gvpO,Unknown,Rhodococcus,98
WP_014056817,gvpO,Unknown,Streptomyces violaceusniger,141
WP_013416220,gvpO,Unknown,Prescottella,99
WP_013019917,gvpO,Unknown,Stackebrandtia nassauensis,114
WP_011924408,gvpO,Unknown,Bradyrhizobium sp. ORS 278,81
WP_011593955,gvpO,Unknown,Rhodococcus,92
WP_011030968,gvpO,Unknown,Streptomyces,130
WP_009712794,gvpO,Unknown,Streptomyces himastatinicus,134
WP_009624383,gvpO,Unknown,unclassified Desulfosporosinus,91
WP_009366045,gvpO,Unknown,Halogranum rubrum,199
WP_009029475,gvpO,Unknown,Bradyrhizobium sp. ORS 375,87
WP_007982671,gvpO,Unknown,Haladaptatus paucihalophilus,147
WP_007261873,gvpO,Unknown,Streptomyces sp. C,103
WP_006867690,gvpO,Unknown,Gordonia namibiensis,98
WP_006076708,gvpO,Unknown,Halococcus saccharolyticus,169
WP_005571627,gvpO,Unknown,Rhodococcus opacus,96
WP_005564312,gvpO,Unknown,Rhodococcus,114
WP_005512788,gvpO,Unknown,Prescottella equi,99
WP_005437781,gvpO,Unknown,Saccharomonospora azurea,89
WP_005265011,gvpO,Unknown,Rhodococcus opacus,114
WP_005249433,gvpO,Unknown,Rhodococcus opacus,122
WP_003994576,gvpO,Unknown,Streptomyces viridochromogenes,107
WP_003972479,gvpO,Unknown,Streptomyces,130
WP_002481453,gvpO,Unknown,Staphylococcus,89
WP_407561756,gvpO,Unknown,Streptomyces sp. 184,112
WP_406431048,gvpO,Unknown,unclassified Streptomyces,39
WP_403149947,gvpO,Unknown,Streptomyces massasporeus,107
WP_398528037,gvpO,Unknown,Streptomyces sp. NPDC020845,103
WP_397278562,gvpO,Unknown,Nonomuraea sp. NPDC050153,106
WP_396244936,gvpO,Unknown,Kitasatospora sp. NPDC017646,203
WP_391836708,gvpO,Unknown,Streptomyces sp. NPDC008001,110
WP_391335051,gvpO,Unknown,Streptomyces ossamyceticus,125
WP_387853310,gvpO,Unknown,Kitasatospora cineracea,189
WP_374214018,gvpO,Unknown,Streptomyces sp. A3M-1-3,95
WP_371945665,gvpO,Unknown,Actinomadura chokoriensis,86
WP_367139225,gvpO,Unknown,Streptomyces,130
WP_365829082,gvpO,Unknown,Streptomyces sp. NPDC051214,109
WP_365025003,gvpO,Unknown,Nonomuraea dietziae,112
WP_364836356,gvpO,Unknown,Streptomyces cinnamoneus,105
WP_364705795,gvpO,Unknown,Streptomyces ossamyceticus,111
WP_363533434,gvpO,Unknown,Glycomyces sp. NPDC049804,106
WP_362441238,gvpO,Unknown,Streptomyces sp. NPDC048636,104
WP_360783466,gvpO,Unknown,Amycolatopsis sp. NPDC049159,45
WP_360006134,gvpO,Unknown,Hamadaea sp. NPDC050747,107
WP_356282098,gvpO,Unknown,Streptomyces klenkii,127
WP_355559172,gvpO,Unknown,Streptosporangium sp. NPDC005286,160
WP_355411140,gvpO,Unknown,Nonomuraea sp. NPDC004580,105
WP_348860332,gvpO,Unknown,Nocardioides cheoyonin,98
WP_346146627,gvpO,Unknown,Nonomuraea recticatena,112
WP_334217037,gvpO,Unknown,Mangrovibacillus sp. Mu-81,88
WP_328808402,gvpO,Unknown,Nonomuraea montanisoli,180
WP_311034177,gvpO,Unknown,Streptomyces luomodiensis,127
WP_307832158,gvpO,Unknown,Prauserella cavernicola,102
WP_281621469,gvpO,Unknown,Streptomyces sp. WMMC500,111
WP_281249961,gvpO,Unknown,Nonomuraea jiangxiensis,175
WP_281177841,gvpO,Unknown,Actinospica robiniae,45
WP_280423806,gvpO,Unknown,Nocardia carnea,99
WP_280240071,gvpO,Unknown,Nocardia abscessus,110
WP_277999936,gvpO,Unknown,Halocatena marina,237
WP_274283049,gvpO,Unknown,Actinomycetospora lutea,420
WP_270153640,gvpO,Unknown,Nonomuraea corallina,118
WP_254850142,gvpO,Unknown,Pseudonocardia sp. Ae263_Ps1,284
WP_248905492,gvpO,Unknown,Halocatena marina,177
WP_246868469,gvpO,Unknown,Saccharopolyspora sp. ASAGF58,149
WP_239128927,gvpO,Unknown,Sinosporangium siamense,135
WP_239108627,gvpO,Unknown,Microbispora siamensis,144
WP_239095504,gvpO,Unknown,Planotetraspora silvatica,133
WP_233305318,gvpO,Unknown,Pseudonocardia terrae,147
WP_231379354,gvpO,Unknown,Candidatus Solirubrobacter pratensis,75
WP_226365919,gvpO,Unknown,Pseudonocardia sp. ICBG162,300
WP_224880175,gvpO,Unknown,Guptibacillus algicola,88
WP_223167377,gvpO,Unknown,Nonomuraea sp. SYSU D8015,109
WP_218577980,gvpO,Unknown,Phytohabitans rumicis,32
WP_216912291,gvpO,Unknown,Nocardia noduli,109
WP_216699273,gvpO,Unknown,Arthrobacter sp. H14,44
WP_216348213,gvpO,Unknown,Streptomyces,100
WP_214317817,gvpO,Unknown,Nonomuraea sediminis,112
WP_212521400,gvpO,Unknown,Actinospica acidithermotolerans,92
WP_210989867,gvpO,Unknown,Streptomyces sp. F63,103
WP_201308742,gvpO,Unknown,Puerhibacterium puerhi,218
WP_199204518,gvpO,Unknown,Streptomyces,148
WP_193209735,gvpO,Unknown,Parafrankia sp. CH37,100
WP_192784589,gvpO,Unknown,Nonomuraea angiospora,123
WP_165036331,gvpO,Unknown,Rhodococcus sp. 14C212,112
WP_148136280,gvpO,Unknown,Candidatus Formimonas warabiya,88
WP_147965377,gvpO,Unknown,Streptomyces malaysiensis,132
WP_147943068,gvpO,Unknown,Microbispora,146
WP_147804078,gvpO,Unknown,Alkalicoccus halolimnae,92
WP_136226843,gvpO,Unknown,Streptomyces sp. A1547,124
WP_132055062,gvpO,Unknown,Actinomadura,86
WP_105344911,gvpO,Unknown,Mycobacterium sp. ITM-2016-00318,103
WP_103891070,gvpO,Unknown,Actinacidiphila yanglinensis,108
WP_103492021,gvpO,Unknown,Streptomyces,110
WP_103351176,gvpO,Unknown,Amycolatopsis sp. CA-128772,109
WP_102414375,gvpO,Unknown,Lentibacillus populi,88
WP_101642274,gvpO,Unknown,Peribacillus deserti,88
WP_101596079,gvpO,Unknown,Bacillus sp. M6-12,88
WP_101584683,gvpO,Unknown,Brevibacterium aurantiacum,179
WP_098599158,gvpO,Unknown,Priestia megaterium,88
WP_076440192,gvpO,Unknown,Microbispora rosea,120
WP_069923226,gvpO,Unknown,Streptomyces subrutilus,100
WP_069033481,gvpO,Unknown,Bacillaceae,86
WP_067783500,gvpO,Unknown,Nocardia amikacinitolerans,108
WP_067464689,gvpO,Unknown,Actinomadura macra,85
WP_061803182,gvpO,Unknown,Priestia endophytica,87
WP_060949523,gvpO,Unknown,Streptomyces,103
WP_060652497,gvpO,Unknown,Rhodococcus,98
WP_059173160,gvpO,Unknown,Bacillus sp. FJAT-27445,86
WP_059146899,gvpO,Unknown,Streptomyces,100
WP_059144771,gvpO,Unknown,Streptomyces,103
WP_059094091,gvpO,Unknown,Mycobacterium sp. IS-1742,109
WP_059089817,gvpO,Unknown,Mycobacterium sp. GA-2829,107
WP_034140472,gvpO,Unknown,Desulfosporosinus sp. BICA1-9,90
WP_033580317,gvpO,Unknown,Priestia,88
WP_033364393,gvpO,Unknown,Dactylosporangium aurantiacum,105
WP_032087037,gvpO,Unknown,Rossellomorea,88
WP_031937951,gvpO,Unknown,Prescottella defluvii,99
WP_019708961,gvpO,Unknown,Streptomyces xinghaiensis,103
WP_012960863,gvpO,Unknown,Alkalihalophilus,86
WP_004947693,gvpO,Unknown,Streptomyces mobaraensis,117
WP_003934958,gvpO,Unknown,Rhodococcus,113
WP_328305759,gvpO,Unknown,Actinomycetospora sp. NBC_00405,90
WP_228396119,gvpO,Unknown,Streptomyces sp. RB17,110
WP_203924159,gvpO,Unknown,Rugosimonospora africana,193
WP_175989911,gvpO,Unknown,Bacillus sp. Marseille-Q1617,88
WP_123103502,gvpO,Unknown,Streptomyces botrytidirepellens,100
WP_100196974,gvpO,Unknown,Pseudorhodobacter sp. MZDSW-24AT,103
WP_078894935,gvpO,Unknown,Streptomyces,148
WP_077623668,gvpO,Unknown,Sediminibacillus massiliensis,90
WP_051175457,gvpO,Unknown,Nocardia exalbida,110
WP_049716141,gvpO,Unknown,Streptomyces caatingaensis,99
WP_046585199,gvpO,Unknown,Bacillus sp. SA1-12,88
WP_034764910,gvpO,Unknown,Bacillaceae,88
WP_408664378,gvpO,Unknown,Jatrophihabitans sp.,144
WP_406301308,gvpO,Unknown,Streptomyces sp. NBC_00885,132
WP_392106328,gvpO,Unknown,Streptomyces paradoxus,107
WP_376056384,gvpO,Unknown,Kitasatospora phosalacinea,196
WP_373865339,gvpO,Unknown,Nocardia shimofusensis,113
WP_363542251,gvpO,Unknown,Kitasatospora sp. NPDC093679,78
WP_358075993,gvpO,Unknown,Nonomuraea sp. NPDC048892,147
WP_356495694,gvpO,Unknown,Streptomyces sp. NPDC006552,130
WP_248618543,gvpO,Unknown,Natroniella sulfidigena,90
WP_244943352,gvpO,Unknown,Streptomyces inhibens,47
WP_240951813,gvpO,Unknown,Bacillus sp. RO2,86
WP_210636549,gvpO,Unknown,Streptomyces sp. GESEQ-13,144
WP_207818359,gvpO,Unknown,Streptomyces sp. VRA16 Mangrove soil,134
WP_204232940,gvpO,Unknown,Brevibacterium sp. RIT 803,179
WP_182882349,gvpO,Unknown,Microbispora sp. H10949,110
WP_181719841,gvpO,Unknown,Nocardia gipuzkoensis,109
WP_179835009,gvpO,Unknown,Actinomadura,85
WP_176791650,gvpO,Unknown,Thalassobacillus cyri,94
WP_176180954,gvpO,Unknown,Streptomyces sp. NA02950,109
WP_173872790,gvpO,Unknown,Streptomyces albus,115
WP_172370386,gvpO,Unknown,Sporosarcina jiandibaonis,88
WP_159786143,gvpO,Unknown,Bacillus sp. N1-1,88
WP_143288768,gvpO,Unknown,Calderihabitans maritimus,93
WP_138650510,gvpO,Unknown,Actinomadura soli,86
WP_132611446,gvpO,Unknown,Nonomuraea terrae,144
WP_127932817,gvpO,Unknown,Nonomuraea polychroma,109
WP_126917745,gvpO,Unknown,Streptomyces luteoverticillatus,90
WP_125626018,gvpO,Unknown,Streptomyces sp. WAC 00631,103
WP_125597430,gvpO,Unknown,Streptomyces sp. WAC07061,103
WP_125546635,gvpO,Unknown,Streptomyces,103
WP_124049957,gvpO,Unknown,Priestia endophytica,87
WP_121937554,gvpO,Unknown,Eilatimonas milleporae,183
WP_120752910,gvpO,Unknown,Streptomyces klenkii,121
WP_120738735,gvpO,Unknown,Nocardia yunnanensis,106
WP_119992710,gvpO,Unknown,Streptomyces,148
WP_119290506,gvpO,Unknown,Streptomyces sp. YIM 130001,107
WP_107548148,gvpO,Unknown,Staphylococcus simulans,89
WP_107467285,gvpO,Unknown,Streptomyces sp. MA5143a,111
WP_106239802,gvpO,Unknown,Allonocardiopsis opalescens,100
WP_104057593,gvpO,Unknown,Jeotgalibacillus proteolyticus,88
WP_095232349,gvpO,Unknown,Terribacillus saccharophilus,90
WP_095229025,gvpO,Unknown,Terribacillus saccharophilus,90
WP_095224213,gvpO,Unknown,Bacillaceae,90
WP_095218619,gvpO,Unknown,Terribacillus saccharophilus,90
WP_093736845,gvpO,Unknown,unclassified Streptomyces,107
WP_093531720,gvpO,Unknown,Streptomyces,110
WP_091021827,gvpO,Unknown,Bacillus sp. UNCCL81,86
WP_090841989,gvpO,Unknown,Alkalicoccus daliensis,91
WP_090080060,gvpO,Unknown,Lentibacillus persicus,86
WP_089851033,gvpO,Unknown,Salipiger marinus,109
WP_089821090,gvpO,Unknown,Halogranum amylolyticum,235
WP_089740059,gvpO,Unknown,Gracilibacillus ureilyticus,88
WP_089530667,gvpO,Unknown,Virgibacillus necropolis,88
WP_089313103,gvpO,Unknown,Actinomadura mexicana,85
WP_089061370,gvpO,Unknown,Virgibacillus phasianinus,86
WP_087557493,gvpO,Unknown,unclassified Rhodococcus (in: high G+C Gram-positive bacteria),96
WP_086851657,gvpO,Unknown,Streptomyces,98
WP_086684138,gvpO,Unknown,Streptomyces,151
WP_086161390,gvpO,Unknown,Streptomyces marincola,99
WP_080042996,gvpO,Unknown,Nonomuraea,98
WP_079169267,gvpO,Unknown,Streptomyces sp. CC77,152
WP_069860333,gvpO,Unknown,Streptomyces,126
WP_067839548,gvpO,Unknown,Nocardia lijiangensis,111
WP_067803466,gvpO,Unknown,Actinomadura formosensis,86
WP_067376068,gvpO,Unknown,Mycobacterium sp. 1164966.3,106
WP_067019511,gvpO,Unknown,Streptomyces dysideae,108
WP_066339794,gvpO,Unknown,Metabacillus,88
WP_065491559,gvpO,Unknown,Rhodococcus opacus,114
WP_065073405,gvpO,Unknown,Mycobacterium colombiense,107
WP_064077967,gvpO,Unknown,Prescottella equi,99
WP_064058762,gvpO,Unknown,Prescottella equi,99
WP_061290922,gvpO,Unknown,Herbidospora cretacea,85
WP_059381900,gvpO,Unknown,Rhodococcus,98
WP_059158313,gvpO,Unknown,Mycobacterium sp. IS-1496,109
WP_058306417,gvpO,Unknown,Gracilibacillus massiliensis,88
WP_058300095,gvpO,Unknown,[Bacillus] enclensis,88
WP_055716636,gvpO,Unknown,Streptomyces torulosus,125
WP_052848116,gvpO,Unknown,Streptomyces avicenniae,100
WP_040790007,gvpO,Unknown,Nocardia paucivorans,111
WP_039231072,gvpO,Unknown,Bacillus thermotolerans,88
WP_014814040,gvpO,Unknown,Mycolicibacterium chubuense,107
WP_012302587,gvpO,Unknown,Candidatus Desulforudis audaxviator,93
WP_010313751,gvpO,Unknown,Saccharopolyspora spinosa,147
WP_010195316,gvpO,Unknown,Bacillaceae,88
WP_171079439,gvpO,Unknown,Streptomyces morookaense,92
WP_171042484,gvpO,Unknown,Sinomonas gamaensis,169
WP_170943249,gvpO,Unknown,Methanosarcina spelaei,110
WP_169951265,gvpO,Unknown,Microbispora sp. H11081,141
WP_169695470,gvpO,Unknown,Rhodococcus opacus,114
WP_169583472,gvpO,Unknown,Rhodobacter capsulatus,132
WP_169174395,gvpO,Unknown,Actinoplanes sp. TBRC 11911,119
WP_168539308,gvpO,Unknown,Streptomyces physcomitrii,107
WP_166822429,gvpO,Unknown,Brevibacterium limosum,164
WP_144592996,gvpO,Unknown,Amycolatopsis rhizosphaerae,100
WP_142649373,gvpO,Unknown,unclassified Microbispora,146
WP_142624469,gvpO,Unknown,Microbispora hainanensis,164
WP_142560893,gvpO,Unknown,Microbispora sp. KK1-11,147
WP_142215436,gvpO,Unknown,Streptomyces sp. SLBN-118,149
WP_142192064,gvpO,Unknown,Streptomyces,123
WP_117400521,gvpO,Unknown,Actinomadura spongiicola,86
WP_114915107,gvpO,Unknown,Oceanobacillus zhaokaii,91
WP_114744768,gvpO,Unknown,Falsibacillus pallidus,85
WP_093797222,gvpO,Unknown,Streptomyces sp. Wb2n-11,117
WP_093766500,gvpO,Unknown,Streptomyces,147
WP_092481978,gvpO,Unknown,Desulfoscipio geothermicus,88
WP_092209230,gvpO,Unknown,Desulfoluna spongiiphila,88
WP_089209322,gvpO,Unknown,Streptosporangium subroseum,138
WP_089201248,gvpO,Unknown,Paenibacillus xerothermodurans,88
WP_088052002,gvpO,Unknown,Virgibacillus dakarensis,88
WP_085505832,gvpO,Unknown,Thalassobacillus devorans,97
WP_085028933,gvpO,Unknown,Halobacillus mangrovi,85
WP_084692204,gvpO,Unknown,Parafrankia elaeagni,101
WP_084525916,gvpO,Unknown,Nocardia vaccinii,111
WP_084523606,gvpO,Unknown,Nocardia inohanensis,106
WP_084414023,gvpO,Unknown,Salibacterium aidingense,141
WP_084295716,gvpO,Unknown,Cereibacter johrii,102
WP_084195906,gvpO,Unknown,Streptosporangium amethystogenes,147
WP_084144164,gvpO,Unknown,Amycolatopsis taiwanensis,107
WP_083986942,gvpO,Unknown,Frankia sp. EI5c,100
WP_083914029,gvpO,Unknown,Nocardia concava,117
WP_083903029,gvpO,Unknown,Octadecabacter antarcticus,121
WP_083764904,gvpO,Unknown,Geotalea uraniireducens,100
WP_083395525,gvpO,Unknown,Rhodococcus koreensis,108
WP_082984266,gvpO,Unknown,Mycobacterium sp. 1465703.0,108
WP_082929825,gvpO,Unknown,Mycobacterium sp. 1164966.3,121
WP_082393283,gvpO,Unknown,Nocardia arizonensis,110
WP_082121838,gvpO,Unknown,Frankia,100
WP_081967297,gvpO,Unknown,Kitasatospora sp. NRRL B-11411,182
WP_081903745,gvpO,Unknown,Microbispora rosea,120
WP_081744942,gvpO,Unknown,Arthrobacter sp. H14,47
WP_081205693,gvpO,Unknown,Prescottella equi,99
WP_065028798,gvpO,Unknown,Mycobacterium colombiense,108
WP_064954630,gvpO,Unknown,Mycobacterium colombiense,108
WP_064256077,gvpO,Unknown,Rhodococcus,98
WP_063784204,gvpO,Unknown,Streptomyces sp. SBT349,108
WP_063126933,gvpO,Unknown,Nocardia fusca,109
WP_063052234,gvpO,Unknown,Nocardia arthritidis,110
WP_062930533,gvpO,Unknown,Streptomyces qaidamensis,107
WP_062008786,gvpO,Unknown,Streptomyces,103
WP_060948933,gvpO,Unknown,Streptomyces hygroscopicus,85
WP_058856448,gvpO,Unknown,Nocardia jinanensis,109
WP_055551636,gvpO,Unknown,Streptomyces sp. NBRC 110028,151
WP_055540988,gvpO,Unknown,Streptomyces neyagawaensis,111
WP_054371773,gvpO,Unknown,Rhodococcus rhodochrous,112
WP_053597579,gvpO,Unknown,Bacillus sp. FJAT-18017,87
WP_053402983,gvpO,Unknown,Priestia koreensis,86
WP_052667828,gvpO,Unknown,Nitriliruptor alkaliphilus,163
WP_052436835,gvpO,Unknown,Georgenia sp. SUBG003,226
WP_052207138,gvpO,Unknown,Sinomonas humi,187
WP_051342859,gvpO,Unknown,Pseudonocardia spinosispora,100
WP_050036171,gvpO,Unknown,Rhodococcus,112
WP_028439491,gvpO,Unknown,Streptomyces,110
WP_028414534,gvpO,Unknown,Priestia,88
WP_023923502,gvpO,Unknown,Rhodobacter capsulatus,125
WP_023015430,gvpO,Unknown,Staphylococcus simulans,89
WP_020641809,gvpO,Unknown,Amycolatopsis balhimycina,109
WP_020015579,gvpO,Unknown,Promicromonospora sukumoe,100
WP_016764911,gvpO,Unknown,Priestia megaterium,88
WP_016693990,gvpO,Unknown,Rhodococcus rhodochrous,98
WP_015664630,gvpO,Unknown,Bradyrhizobium oligotrophicum,87
WP_011559735,gvpO,Unknown,Mycolicibacterium monacense,110
WP_011339430,gvpO,Unknown,Cereibacter sphaeroides,103
WP_007300715,gvpO,Unknown,Rhodococcus,96
WP_007006334,gvpO,Unknown,Teichococcus cervicalis,94
WP_006142951,gvpO,Unknown,Streptomyces,124
WP_005566532,gvpO,Unknown,Rhodococcus,114
WP_005262253,gvpO,Unknown,Rhodococcus opacus,114
WP_005242351,gvpO,Unknown,Rhodococcus,114
WP_002724520,gvpO,Unknown,Cereibacter sphaeroides,102
WP_166188154,gvpO,Unknown,Nocardioides sp. IC4_145,137
WP_165916252,gvpO,Unknown,Marinisporobacter balticus,84
WP_141969270,gvpO,Unknown,Actinomadura hallensis,86
WP_141810704,gvpO,Unknown,Nocardia bhagyanarayanae,108
WP_141786797,gvpO,Unknown,Oryzihumus leptocrescens,188
WP_081535843,gvpO,Unknown,Rhodovulum sp. P5,102
WP_081388689,gvpO,Unknown,Mycobacterium colombiense,108
WP_416285144,gvpO,Unknown,Natronococcus sp.,44
WP_416285142,gvpO,Unknown,Natronococcus sp.,164
WP_408958172,gvpO,Unknown,Natrinema sp. 74,188
WP_336363277,gvpO,Unknown,Halalkalicoccus salilacus,151
WP_332099658,gvpO,Unknown,Halalkalicoccus,151
WP_379704100,gvpO,Unknown,Haloplanus,262
WP_407039564,gvpO,Unknown,Halovalidus salilacus,217
WP_395282668,gvpO,Unknown,unclassified Haladaptatus,163
WP_394740383,gvpO,Unknown,Natronococcus roseus,185
WP_394341272,gvpO,Unknown,Natrarchaeobaculum sulfurireducens,216
WP_394341250,gvpO,Unknown,Natrarchaeobaculum sulfurireducens,216
WP_390283377,gvpO,Unknown,Haloarchaeobius amylolyticus,180
WP_252487175,gvpO,Unknown,Natrialbaceae,178
WP_379719951,gvpO,Unknown,Haloplanus litoreus,104
WP_379692595,gvpO,Unknown,Halopelagius fulvigenes,232
WP_374063114,gvpO,Unknown,Natrinema sp. H-ect4,184
WP_373633198,gvpO,Unknown,Natrinema sp. H-ect1,177
WP_373618841,gvpO,Unknown,Natrinema sp. HArc-T2,180
WP_373606521,gvpO,Unknown,Natronorubrum sp. A-ect3,187
WP_369684857,gvpO,Unknown,Halalkalicoccus sp. NIPERK01,151
WP_342809825,gvpO,Unknown,Natronosalvus hydrolyticus,165
WP_339103143,gvpO,Unknown,Haloterrigena salinisoli,187
WP_338727023,gvpO,Unknown,Haladaptatus sp. DJG-WS-42,140
WP_336360706,gvpO,Unknown,Haladaptatus sp. ZSTT2,137
WP_336344908,gvpO,Unknown,Halalkalicoccus ordinarius,154
WP_332897854,gvpO,Unknown,Haladaptatus sp. CMSO5,139
WP_331236529,gvpO,Unknown,Natronorarus salvus,161
WP_323172447,gvpO,Unknown,Natrialba sp. PRR66,186
WP_321576082,gvpO,Unknown,Halosolutus gelatinilyticus,181
WP_321575758,gvpO,Unknown,Halosolutus amylolyticus,180
WP_320443126,gvpO,Unknown,Halosolutus halophilus,180
WP_313692693,gvpO,Unknown,Halorarum halobium,168
WP_312909278,gvpO,Unknown,Natronosalvus caseinilyticus,200
WP_310927094,gvpO,Unknown,Halogeometricum luteum,211
WP_310923165,gvpO,Unknown,Halogeometricum salsisoli,182
WP_310905599,gvpO,Unknown,Natrinema sp. 1APR25-10V2,185
WP_306059446,gvpO,Unknown,Natronococcus wangiae,179
WP_305884204,gvpO,Unknown,Natronosalvus vescus,204
WP_305882368,gvpO,Unknown,Natronosalvus rutilus,188
WP_305882006,gvpO,Unknown,Natronosalvus halobius,188
WP_305794559,gvpO,Unknown,Halomarina rubra,175
WP_304447147,gvpO,Unknown,Halomarina ordinaria,160
WP_303651779,gvpO,Unknown,Halomarina litorea,180
WP_303646667,gvpO,Unknown,Haladaptatus sp. DYF46,163
WP_293032456,gvpO,Unknown,Natronococcus sp.,185
WP_290814018,gvpO,Unknown,Halovivax sp.,168
WP_285927314,gvpO,Unknown,Natrialbaceae archaeon AArc-T1-2,179
WP_284063814,gvpO,Unknown,Halobaculum halobium,253
WP_283836896,gvpO,Unknown,Halostagnicola sp. A-GB9-2,190
WP_282594483,gvpO,Unknown,Halomarina salina,175
WP_278302649,gvpO,Unknown,Natronococcus sp. A-GB7,185
WP_278293262,gvpO,Unknown,Natronococcus sp. A-GB1,186
WP_276304828,gvpO,Unknown,Halomarina halobia,183
WP_276254242,gvpO,Unknown,Halomontanus rarus,180
WP_276245660,gvpO,Unknown,unclassified Haladaptatus,162
WP_273741963,gvpO,Unknown,Natrinema soli,184
WP_271966469,gvpO,Unknown,Halorubrum ezzemoulense,253
WP_267643775,gvpO,Unknown,Haloarchaeobius amylolyticus,149
WP_266077555,gvpO,Unknown,Haladaptatus caseinilyticus,161
WP_264780684,gvpO,Unknown,Haladaptatus sp. T7,159
WP_263019416,gvpO,Unknown,Natronobiforma cellulositropha,168
WP_256531061,gvpO,Unknown,Halovivax cerinus,167
WP_255193946,gvpO,Unknown,Natronobeatus ordinarius,179
WP_255167834,gvpO,Unknown,Natrononativus amylolyticus,165
WP_254863315,gvpO,Unknown,Halovivax gelatinilyticus,172
WP_254765720,gvpO,Unknown,Salinilacihabitans rarus,182
WP_254545001,gvpO,Unknown,Halomarina pelagica,197
WP_254530692,gvpO,Unknown,Natrinema gelatinilyticum,189
WP_254524036,gvpO,Unknown,Natrinema caseinilyticum,183
WP_253226113,gvpO,Unknown,unclassified Haladaptatus,166
WP_247729006,gvpO,Unknown,Halovivax limisalsi,212
WP_246971311,gvpO,Unknown,Natribaculum luteum,215
WP_235217820,gvpO,Unknown,Natrinema halophilum,181
WP_232702617,gvpO,Unknown,Halobacterium wangiae,152
WP_227775561,gvpO,Unknown,Haladaptatus pallidirubidus,179
WP_227380739,gvpO,Unknown,Haladaptatus halobius,159
WP_227373845,gvpO,Unknown,Haladaptatus halobius,164
WP_227354245,gvpO,Unknown,Haladaptatus salinisoli,157
WP_226776977,gvpO,Unknown,Haloterrigena alkaliphila,179
WP_226479412,gvpO,Unknown,Natrinema amylolyticum,180
WP_226041795,gvpO,Unknown,Natrinema sp. DC36,184
WP_226007127,gvpO,Unknown,Natrinema salinisoli,177
WP_224827364,gvpO,Unknown,Saliphagus infecundisoli,169
WP_224214558,gvpO,Unknown,Natrinema longum,181
WP_222918708,gvpO,Unknown,Natrinema sp. SYSU A 869,181
WP_220580833,gvpO,Unknown,Haloarcula nitratireducens,207
WP_219628706,gvpO,Unknown,Natrinema zhouii,184
WP_207587672,gvpO,Unknown,Halomontanus rarus,175
WP_204747356,gvpO,Unknown,Haloterrigena salifodinae,187
WP_191451860,gvpO,Unknown,Halogeometricum sp. CBA1124,194
WP_179267279,gvpO,Unknown,Halorarum salinum,199
WP_179170131,gvpO,Unknown,Halorarum halophilum,227
WP_178335386,gvpO,Unknown,Natronomonas salina,185
WP_174679473,gvpO,Unknown,Haloterrigena gelatinilytica,187
WP_167937491,gvpO,Unknown,Natronococcus sp. JC468,183
WP_165161360,gvpO,Unknown,Natronolimnobius sp. AArcel1,188
WP_162413128,gvpO,Unknown,Haloarcula salina,170
WP_162318741,gvpO,Unknown,Haloarcula limicola,202
WP_160063343,gvpO,Unknown,Natronorubrum halalkaliphilum,178
WP_160047080,gvpO,Unknown,Natrialba sp. INN-245,181
WP_158205682,gvpO,Unknown,Halomarina oriensis,161
WP_152943457,gvpO,Unknown,Natronorubrum aibiense,185
WP_149081283,gvpO,Unknown,Natrialba swarupiae,181
WP_148860444,gvpO,Unknown,Natronococcus pandeyae,181
WP_141465892,gvpO,Unknown,Salinadaptatus halalkaliphilus,184
WP_138780107,gvpO,Unknown,Haloterrigena sp. H1,180
WP_137288347,gvpO,Unknown,Natronorubrum halophilum,179
WP_135305012,gvpO,Unknown,Haloarcula amylovorans,203
WP_130500593,gvpO,Unknown,Natrinema hispanicum,180
WP_129115145,gvpO,Unknown,Halegenticoccus tardaugens,205
WP_126661398,gvpO,Unknown,Haloterrigena salifodinae,187
WP_124194918,gvpO,Unknown,Natrarchaeobius chitinivorans,179
WP_124177935,gvpO,Unknown,Natrarchaeobius halalkaliphilus,178
WP_122090612,gvpO,Unknown,Halalkalicoccus subterraneus,152
WP_121744348,gvpO,Unknown,Natronorubrum halophilum,179
WP_120244200,gvpO,Unknown,Halopiger aswanensis,192
WP_117364028,gvpO,Unknown,Natrarchaeobaculum sulfurireducens,187
WP_114575688,gvpO,Unknown,Saliphagus sp. LR7,171
WP_103426143,gvpO,Unknown,Salinigranum rubrum,160
WP_101296554,gvpO,Unknown,Halegenticoccus soli,220
WP_098726912,gvpO,Unknown,Natrinema sp. CBA1119,184
WP_097380018,gvpO,Unknown,Natrinema ejinorense,181
WP_097009061,gvpO,Unknown,Natronoarchaeum philippinense,166
WP_092931073,gvpO,Unknown,Natrinema hispanicum,178
WP_092902481,gvpO,Unknown,Halostagnicola kamekurae,187
WP_092892798,gvpO,Unknown,Halopelagius inordinatus,187
WP_092531707,gvpO,Unknown,Halopelagius longus,230
WP_090613441,gvpO,Unknown,Natrinema salaciae,181
WP_090506855,gvpO,Unknown,Natronorubrum sediminis,190
WP_090381770,gvpO,Unknown,Natronobacterium texcoconense,176
WP_090303659,gvpO,Unknown,Natronorubrum texcoconense,190
WP_089878750,gvpO,Unknown,Halogeometricum limi,206
WP_089805794,gvpO,Unknown,Halogeometricum rufum,194
WP_089789127,gvpO,Unknown,Natronobacterium haloterrestre,188
WP_086886822,gvpO,Unknown,Natrarchaeobaculum aegyptiacum,190
WP_076608216,gvpO,Unknown,Natronorubrum thiooxidans,189
WP_076582333,gvpO,Unknown,Natronorubrum daqingense,191
WP_076429438,gvpO,Unknown,Haladaptatus litoreus,171
WP_076144969,gvpO,Unknown,Natrinema saccharevitans,177
WP_071399852,gvpO,Unknown,Natrialba sp. SSL1,207
WP_066382951,gvpO,Unknown,Halalkalicoccus paucihalophilus,154
WP_066146098,gvpO,Unknown,Haladaptatus sp. R4,166
WP_054862715,gvpO,Unknown,Natronolimnobius baerhuensis,183
WP_050050396,gvpO,Unknown,Halostagnicola sp. A56,187
WP_049989792,gvpO,Unknown,Natrinema salifodinae,187
WP_049970404,gvpO,Unknown,Haladaptatus cibarius,175
WP_049966632,gvpO,Unknown,Natrinema thermotolerans,177
WP_049953131,gvpO,Unknown,Halostagnicola larsenii,190
WP_049926874,gvpO,Unknown,Halopiger goleimassiliensis,182
WP_049924583,gvpO,Unknown,Halopiger djelfimassiliensis,186
WP_015322021,gvpO,Unknown,Natronococcus occultus,183
WP_015301133,gvpO,Unknown,Halovivax ruber,172
WP_013878359,gvpO,Unknown,Halopiger xanaduensis,190
WP_012943537,gvpO,Unknown,Haloterrigena turkmenica,189
WP_008894728,gvpO,Unknown,Haloterrigena salina,189
WP_008424556,gvpO,Unknown,Natronococcus jeotgali,183
WP_008416654,gvpO,Unknown,Halalkalicoccus jeotgali,152
WP_008389634,gvpO,Unknown,Halogeometricum pallidum,202
WP_008159429,gvpO,Unknown,Natronorubrum sulfidifaciens,185
WP_008012798,gvpO,Unknown,Natrinema limicola,182
WP_007982667,gvpO,Unknown,Haladaptatus paucihalophilus,159
WP_007704309,gvpO,Unknown,Halovivax asiaticus,172
WP_007260763,gvpO,Unknown,Natronolimnohabitans,189
WP_007143584,gvpO,Unknown,Natronobacterium lacisalsi,187
WP_007109507,gvpO,Unknown,Natrinema altunense,181
WP_006824683,gvpO,Unknown,Natrialba taiwanensis,219
WP_006672153,gvpO,Unknown,Halobiforma nitratireducens,193
WP_006665983,gvpO,Unknown,Natrialba aegyptia,190
WP_006651595,gvpO,Unknown,Natrialba hulunbeirensis,226
WP_006432779,gvpO,Unknown,Natrinema versiforme,179
WP_006184740,gvpO,Unknown,Natrinema pallidum,181
WP_006182096,gvpO,Unknown,Natrinema pellirubrum,177
WP_006168080,gvpO,Unknown,Natrialba chahannaoensis,216
WP_006108431,gvpO,Unknown,Natrialba asiatica,226
WP_006088522,gvpO,Unknown,Natronorubrum tibetense,183
WP_006067844,gvpO,Unknown,Natronorubrum bangense,187
WP_005580869,gvpO,Unknown,Natronobacterium gregoryi,179
WP_005558075,gvpO,Unknown,Natronococcus amylolyticus,179
WP_004213818,gvpO,Unknown,Natrialba magadii,220
WP_338001783,gvpO,Unknown,Natronoglomus mannanivorans,177
WP_335448602,gvpO,Unknown,Gottfriedia acidiceleris,86
WP_308634033,gvpO,Unknown,Paenibacillus silvisoli,86
WP_322526665,gvpO,Unknown,Marinococcus luteus,203
WP_319630717,gvpO,Unknown,Marinococcus sp. PL1-022,202
WP_174615698,gvpO,Unknown,Virgibacillus ihumii,86
WP_101330889,gvpO,Unknown,Halalkalibacillus sediminis,90
WP_097975985,gvpO,Unknown,unclassified Bacillus (in: firmicutes),86
WP_082231973,gvpO,Unknown,Halobacillus massiliensis,87
WP_029714943,gvpO,Unknown,Priestia,87
WP_013057922,gvpO,Unknown,Priestia,87
WP_014459266,gvpO,Unknown,Priestia,87
WP_078392696,gvpO,Unknown,Shouchella patagoniensis,95
WP_027364783,gvpO,Unknown,Desulfotruncus alcoholivorax,88
WP_026691530,gvpO,Unknown,Alteribacter aurantiacus,90
WP_011357454,gvpO,Unknown,Chlorobium/Pelodictyon group,90
WP_274155408,gvpO,Unknown,Priestia megaterium,87
WP_285265818,gvpO,Unknown,Halobacterium salinarum,111
WP_271993211,gvpO,Unknown,Priestia sp. AB,87
WP_263045245,gvpO,Unknown,Priestia,87
WP_258356420,gvpO,Unknown,Priestia megaterium,87
WP_240633263,gvpO,Unknown,Paenibacillus montanisoli,86
WP_205090102,gvpO,Unknown,Thalassobacillus pellis,88
WP_201392922,gvpO,Unknown,Ktedonobacter sp. SOSP1-52,89
WP_201392533,gvpO,Unknown,Ktedonobacter sp. SOSP1-85,88
WP_201360815,gvpO,Unknown,Dictyobacter formicarum,90
WP_192994336,gvpO,Unknown,Priestia megaterium,87
WP_168006766,gvpO,Unknown,Alkalicoccus luteus,92
WP_146092145,gvpO,Unknown,Polaribacter filamentus,90
WP_138810371,gvpO,Unknown,Alteribacter natronophilus,90
WP_126462352,gvpO,Unknown,Flavobacterium,93
WP_122899490,gvpO,Unknown,Alteribacter,90
WP_114895986,gvpO,Unknown,Priestia megaterium,87
WP_110608262,gvpO,Unknown,Salipaludibacillus keqinensis,91
WP_110521312,gvpO,Unknown,Alteribacter lacisalsi,89
WP_105958375,gvpO,Unknown,Alkalicoccus urumqiensis,94
WP_092472210,gvpO,Unknown,Desulfotruncus arcticus,88
WP_026697965,gvpO,Unknown,Alkalicoccus chagannorensis,92
WP_026288465,gvpO,Unknown,Polaribacter irgensii,84
WP_012508524,gvpO,Unknown,Pelodictyon phaeoclathratiforme,90
WP_176705166,gvpO,Unknown,Halobacterium sp. GN101,111
WP_010904111,gvpO,Unknown,Halobacterium,111
WP_010890516,gvpO,Unknown,Halobacterium salinarum,119
